sample_id,expected_label,heuristic_score,heuristic_level,heuristic_prediction,ml_probability,ml_prediction,hybrid_level,hybrid_prediction
0,0,0,LOW,0.0,0.04945643717673261,0,LOW,0.0
1,0,0,LOW,0.0,0.07413254344250435,0,LOW,0.0
2,0,0,LOW,0.0,0.3157193268257898,0,LOW,0.0
3,0,0,LOW,0.0,0.18779239220532287,0,LOW,0.0
4,0,0,LOW,0.0,0.3588233670507143,0,LOW,0.0
5,0,10,LOW,0.0,0.17600403199515305,0,LOW,0.0
6,0,0,LOW,0.0,0.15495271310075381,0,LOW,0.0
7,0,0,LOW,0.0,0.2563785543853746,0,LOW,0.0
8,0,0,LOW,0.0,0.55170664176056,1,REVIEW,
9,0,0,LOW,0.0,0.06200761204021123,0,LOW,0.0
10,0,0,LOW,0.0,0.6017529456963062,1,REVIEW,
11,0,0,LOW,0.0,0.48563685708752447,0,LOW,0.0
12,0,0,LOW,0.0,0.24287228062397007,0,LOW,0.0
13,0,0,LOW,0.0,0.21927030139148465,0,LOW,0.0
14,0,0,LOW,0.0,0.671867915286576,1,REVIEW,
15,0,0,LOW,0.0,0.6401905771871961,1,REVIEW,
16,0,0,LOW,0.0,0.567952902915109,1,REVIEW,
17,0,0,LOW,0.0,0.8192813698759412,1,REVIEW,
18,0,0,LOW,0.0,0.48141989195233187,0,LOW,0.0
19,0,0,LOW,0.0,0.04741188269445427,0,LOW,0.0
20,0,0,LOW,0.0,0.2581019205865582,0,LOW,0.0
21,0,0,LOW,0.0,0.3913352456905457,0,LOW,0.0
22,0,0,LOW,0.0,0.23412719061469317,0,LOW,0.0
23,0,0,LOW,0.0,0.6654627258927548,1,REVIEW,
24,0,0,LOW,0.0,0.3647689725859985,0,LOW,0.0
25,0,0,LOW,0.0,0.19382232989162615,0,LOW,0.0
26,0,0,LOW,0.0,0.2822302574525685,0,LOW,0.0
27,0,0,LOW,0.0,0.10995029094438843,0,LOW,0.0
28,0,0,LOW,0.0,0.18046825702508593,0,LOW,0.0
29,0,0,LOW,0.0,0.1775581116513648,0,LOW,0.0
30,0,0,LOW,0.0,0.09068220765640023,0,LOW,0.0
31,0,0,LOW,0.0,0.026420409686753812,0,LOW,0.0
32,0,0,LOW,0.0,0.7834850939423648,1,REVIEW,
33,0,0,LOW,0.0,0.38489318383198184,0,LOW,0.0
34,0,0,LOW,0.0,0.4639351792340985,0,LOW,0.0
35,0,0,LOW,0.0,0.4501587516595591,0,LOW,0.0
36,0,0,LOW,0.0,0.25279354020223543,0,LOW,0.0
37,0,0,LOW,0.0,0.12069858245584458,0,LOW,0.0
38,0,0,LOW,0.0,0.1323023809515819,0,LOW,0.0
39,0,0,LOW,0.0,0.4407221506145696,0,LOW,0.0
40,0,0,LOW,0.0,0.6700159614016842,1,REVIEW,
41,0,0,LOW,0.0,0.24041956322878485,0,LOW,0.0
42,0,0,LOW,0.0,0.3437362597514584,0,LOW,0.0
43,0,0,LOW,0.0,0.15132345249022303,0,LOW,0.0
44,0,0,LOW,0.0,0.39040186120917364,0,LOW,0.0
45,0,0,LOW,0.0,0.367474162165046,0,LOW,0.0
46,0,0,LOW,0.0,0.37730203409767865,0,LOW,0.0
47,0,0,LOW,0.0,0.05302989172641151,0,LOW,0.0
48,0,0,LOW,0.0,0.5464446088345177,1,REVIEW,
49,0,0,LOW,0.0,0.6897705991650722,1,REVIEW,
50,0,10,LOW,0.0,0.37578901301949635,0,LOW,0.0
51,0,0,LOW,0.0,0.3793466828283383,0,LOW,0.0
52,0,10,LOW,0.0,0.4348637169308611,0,LOW,0.0
53,0,0,LOW,0.0,0.4316980283405794,0,LOW,0.0
54,0,0,LOW,0.0,0.34279555774587167,0,LOW,0.0
55,0,0,LOW,0.0,0.5496585108080948,1,REVIEW,
56,0,0,LOW,0.0,0.17640705012922925,0,LOW,0.0
57,0,0,LOW,0.0,0.9283089601556916,1,REVIEW,
58,0,0,LOW,0.0,0.8312114257430185,1,REVIEW,
59,0,0,LOW,0.0,0.6838258738447612,1,REVIEW,
60,0,0,LOW,0.0,0.7143905711973954,1,REVIEW,
61,0,10,LOW,0.0,0.42712814021917733,0,LOW,0.0
62,0,0,LOW,0.0,0.4812969543803741,0,LOW,0.0
63,0,0,LOW,0.0,0.6515469448609165,1,REVIEW,
64,0,0,LOW,0.0,0.3000256822213193,0,LOW,0.0
65,0,0,LOW,0.0,0.18719415703533596,0,LOW,0.0
66,0,0,LOW,0.0,0.18784214911344083,0,LOW,0.0
67,0,0,LOW,0.0,0.07302689744128621,0,LOW,0.0
68,0,0,LOW,0.0,0.3190690043136971,0,LOW,0.0
69,0,0,LOW,0.0,0.14249762976215014,0,LOW,0.0
70,0,0,LOW,0.0,0.4052756343251609,0,LOW,0.0
71,0,0,LOW,0.0,0.02787856863814088,0,LOW,0.0
72,0,0,LOW,0.0,0.511129898887958,1,REVIEW,
73,0,0,LOW,0.0,0.19811370643948176,0,LOW,0.0
74,0,0,LOW,0.0,0.45483201994736017,0,LOW,0.0
75,0,0,LOW,0.0,0.29400049956963137,0,LOW,0.0
76,0,0,LOW,0.0,0.34019974819906723,0,LOW,0.0
77,0,10,LOW,0.0,0.6805985008822447,1,REVIEW,
78,0,0,LOW,0.0,0.4051122437935142,0,LOW,0.0
79,0,10,LOW,0.0,0.7257500759123493,1,REVIEW,
80,0,0,LOW,0.0,0.5457528133978514,1,REVIEW,
81,0,0,LOW,0.0,0.6725875469003296,1,REVIEW,
82,0,0,LOW,0.0,0.12694335051680827,0,LOW,0.0
83,0,0,LOW,0.0,0.46085445849464196,0,LOW,0.0
84,0,0,LOW,0.0,0.5730751430189973,1,REVIEW,
85,0,0,LOW,0.0,0.18250325271417273,0,LOW,0.0
86,0,0,LOW,0.0,0.24683692892160766,0,LOW,0.0
87,0,0,LOW,0.0,0.5908969571330467,1,REVIEW,
88,0,0,LOW,0.0,0.6090055406547084,1,REVIEW,
89,0,0,LOW,0.0,0.28313252625482116,0,LOW,0.0
90,0,0,LOW,0.0,0.30393033707842354,0,LOW,0.0
91,0,0,LOW,0.0,0.10571954438822039,0,LOW,0.0
92,0,0,LOW,0.0,0.11559608055719184,0,LOW,0.0
93,0,0,LOW,0.0,0.07760542426847279,0,LOW,0.0
94,0,0,LOW,0.0,0.12199224433467093,0,LOW,0.0
95,0,0,LOW,0.0,0.6595423786706957,1,REVIEW,
96,0,0,LOW,0.0,0.3887946047286535,0,LOW,0.0
97,0,0,LOW,0.0,0.18348585981553875,0,LOW,0.0
98,0,0,LOW,0.0,0.2369836031515021,0,LOW,0.0
99,0,10,LOW,0.0,0.25364492646353104,0,LOW,0.0
100,0,0,LOW,0.0,0.1983348654711292,0,LOW,0.0
101,0,0,LOW,0.0,0.33812117667673425,0,LOW,0.0
102,0,0,LOW,0.0,0.5419383648832163,1,REVIEW,
103,0,0,LOW,0.0,0.5136100375124956,1,REVIEW,
104,0,0,LOW,0.0,0.7845936723135918,1,REVIEW,
105,0,0,LOW,0.0,0.19491909898728682,0,LOW,0.0
106,0,0,LOW,0.0,0.5782347320422029,1,REVIEW,
107,0,0,LOW,0.0,0.07398548158833235,0,LOW,0.0
108,0,0,LOW,0.0,0.2785046656472526,0,LOW,0.0
109,0,0,LOW,0.0,0.07224043182714456,0,LOW,0.0
110,0,10,LOW,0.0,0.6087067845084149,1,REVIEW,
111,0,0,LOW,0.0,0.6824469420892442,1,REVIEW,
112,0,0,LOW,0.0,0.5612253899814668,1,REVIEW,
113,0,0,LOW,0.0,0.4080154883209635,0,LOW,0.0
114,0,0,LOW,0.0,0.2493536451468826,0,LOW,0.0
115,0,0,LOW,0.0,0.6832019990282082,1,REVIEW,
116,0,0,LOW,0.0,0.34469971384212034,0,LOW,0.0
117,0,0,LOW,0.0,0.6159327007485712,1,REVIEW,
118,0,0,LOW,0.0,0.760271470411138,1,REVIEW,
119,0,0,LOW,0.0,0.3192755940556462,0,LOW,0.0
120,0,10,LOW,0.0,0.6429172612077689,1,REVIEW,
121,0,0,LOW,0.0,0.2500700795328366,0,LOW,0.0
122,0,0,LOW,0.0,0.35795270435079746,0,LOW,0.0
123,0,0,LOW,0.0,0.720229180336442,1,REVIEW,
124,0,0,LOW,0.0,0.18951544732551986,0,LOW,0.0
125,0,0,LOW,0.0,0.6603226685989682,1,REVIEW,
126,0,0,LOW,0.0,0.5298406028619443,1,REVIEW,
127,0,0,LOW,0.0,0.7316036682110172,1,REVIEW,
128,0,0,LOW,0.0,0.40171723464840575,0,LOW,0.0
129,0,0,LOW,0.0,0.4634929138632831,0,LOW,0.0
130,0,0,LOW,0.0,0.679661272671137,1,REVIEW,
131,0,0,LOW,0.0,0.4279750280592562,0,LOW,0.0
132,0,10,LOW,0.0,0.3146551064489379,0,LOW,0.0
133,0,0,LOW,0.0,0.06617597840962164,0,LOW,0.0
134,0,0,LOW,0.0,0.4479334047634698,0,LOW,0.0
135,0,0,LOW,0.0,0.7042904529835861,1,REVIEW,
136,0,0,LOW,0.0,0.5634192806694047,1,REVIEW,
137,0,0,LOW,0.0,0.18979787184931673,0,LOW,0.0
138,0,0,LOW,0.0,0.20959969118711175,0,LOW,0.0
139,0,0,LOW,0.0,0.5904209794300448,1,REVIEW,
140,0,0,LOW,0.0,0.21762622047352395,0,LOW,0.0
141,0,0,LOW,0.0,0.4555307394935205,0,LOW,0.0
142,0,0,LOW,0.0,0.1523926688459523,0,LOW,0.0
143,0,0,LOW,0.0,0.1469403460488156,0,LOW,0.0
144,0,0,LOW,0.0,0.17545824971977478,0,LOW,0.0
145,0,0,LOW,0.0,0.4033056583888696,0,LOW,0.0
146,0,0,LOW,0.0,0.10659026288370813,0,LOW,0.0
147,0,0,LOW,0.0,0.2571101549806896,0,LOW,0.0
148,0,0,LOW,0.0,0.9071931652931069,1,REVIEW,
149,0,0,LOW,0.0,0.7235709503651483,1,REVIEW,
150,0,0,LOW,0.0,0.6191953790568508,1,REVIEW,
151,0,0,LOW,0.0,0.1021404303458799,0,LOW,0.0
152,0,0,LOW,0.0,0.8428997657403074,1,REVIEW,
153,0,0,LOW,0.0,0.5447461870826141,1,REVIEW,
154,0,0,LOW,0.0,0.47832760207131,0,LOW,0.0
155,0,0,LOW,0.0,0.2911563302564511,0,LOW,0.0
156,0,0,LOW,0.0,0.6730315237347159,1,REVIEW,
157,0,0,LOW,0.0,0.20375255471105916,0,LOW,0.0
158,0,0,LOW,0.0,0.39199178111369465,0,LOW,0.0
159,0,0,LOW,0.0,0.06621542156376224,0,LOW,0.0
160,0,0,LOW,0.0,0.25174600530112257,0,LOW,0.0
161,0,0,LOW,0.0,0.55342432705784,1,REVIEW,
162,0,0,LOW,0.0,0.48874625722557496,0,LOW,0.0
163,0,0,LOW,0.0,0.7953659681699309,1,REVIEW,
164,0,0,LOW,0.0,0.85295158049359,1,REVIEW,
165,0,0,LOW,0.0,0.3505387479002735,0,LOW,0.0
166,0,0,LOW,0.0,0.2645597859016851,0,LOW,0.0
167,0,0,LOW,0.0,0.28952391709918973,0,LOW,0.0
168,0,0,LOW,0.0,0.2394551627626842,0,LOW,0.0
169,0,0,LOW,0.0,0.6198012825578096,1,REVIEW,
170,0,0,LOW,0.0,0.7821141782522871,1,REVIEW,
171,0,0,LOW,0.0,0.03228333371234209,0,LOW,0.0
172,0,0,LOW,0.0,0.23569867788057183,0,LOW,0.0
173,0,0,LOW,0.0,0.35964189737195157,0,LOW,0.0
174,0,0,LOW,0.0,0.6691822880560503,1,REVIEW,
175,0,0,LOW,0.0,0.8116696222155998,1,REVIEW,
176,0,0,LOW,0.0,0.13760392933848772,0,LOW,0.0
177,0,0,LOW,0.0,0.6489404597632897,1,REVIEW,
178,0,0,LOW,0.0,0.2038307259357067,0,LOW,0.0
179,0,0,LOW,0.0,0.4737632159884201,0,LOW,0.0
180,0,0,LOW,0.0,0.5542637567307633,1,REVIEW,
181,0,0,LOW,0.0,0.5769153846232329,1,REVIEW,
182,0,0,LOW,0.0,0.12829898743662135,0,LOW,0.0
183,0,0,LOW,0.0,0.46283483591978525,0,LOW,0.0
184,0,0,LOW,0.0,0.052727401334948215,0,LOW,0.0
185,0,0,LOW,0.0,0.035705447855005124,0,LOW,0.0
186,0,0,LOW,0.0,0.6802274780865057,1,REVIEW,
187,0,0,LOW,0.0,0.575968820081336,1,REVIEW,
188,0,0,LOW,0.0,0.7929996642398008,1,REVIEW,
189,0,0,LOW,0.0,0.25132881172283106,0,LOW,0.0
190,0,0,LOW,0.0,0.47845593540484116,0,LOW,0.0
191,0,0,LOW,0.0,0.258963546728366,0,LOW,0.0
192,0,0,LOW,0.0,0.24193720921799686,0,LOW,0.0
193,0,0,LOW,0.0,0.7062387158492371,1,REVIEW,
194,0,0,LOW,0.0,0.2270706777326335,0,LOW,0.0
195,0,0,LOW,0.0,0.14126372918887153,0,LOW,0.0
196,0,0,LOW,0.0,0.673935007166966,1,REVIEW,
197,0,0,LOW,0.0,0.2135939599552703,0,LOW,0.0
198,0,0,LOW,0.0,0.2985494576437317,0,LOW,0.0
199,0,0,LOW,0.0,0.3762120606636348,0,LOW,0.0
200,0,0,LOW,0.0,0.24199127432674927,0,LOW,0.0
201,0,0,LOW,0.0,0.399105582701401,0,LOW,0.0
202,0,0,LOW,0.0,0.4511888881823397,0,LOW,0.0
203,0,0,LOW,0.0,0.14336207801654366,0,LOW,0.0
204,0,0,LOW,0.0,0.24497484797990587,0,LOW,0.0
205,0,0,LOW,0.0,0.6198122771396276,1,REVIEW,
206,0,0,LOW,0.0,0.7157744148263843,1,REVIEW,
207,0,0,LOW,0.0,0.4348506905508392,0,LOW,0.0
208,0,0,LOW,0.0,0.7621118794963625,1,REVIEW,
209,0,0,LOW,0.0,0.8014002324828885,1,REVIEW,
210,0,0,LOW,0.0,0.20886380504040702,0,LOW,0.0
211,0,0,LOW,0.0,0.46874670738682495,0,LOW,0.0
212,0,0,LOW,0.0,0.8695149673676769,1,REVIEW,
213,0,0,LOW,0.0,0.564742472285771,1,REVIEW,
214,0,0,LOW,0.0,0.3997628204938726,0,LOW,0.0
215,0,0,LOW,0.0,0.20147995921903186,0,LOW,0.0
216,0,0,LOW,0.0,0.8209703501824624,1,REVIEW,
217,0,0,LOW,0.0,0.030197050921874843,0,LOW,0.0
218,0,10,LOW,0.0,0.4028260763025404,0,LOW,0.0
219,0,0,LOW,0.0,0.6774881776742522,1,REVIEW,
220,0,0,LOW,0.0,0.15068412387901875,0,LOW,0.0
221,0,0,LOW,0.0,0.349513309002902,0,LOW,0.0
222,0,0,LOW,0.0,0.48789609689717184,0,LOW,0.0
223,0,0,LOW,0.0,0.5132262515115263,1,REVIEW,
224,0,0,LOW,0.0,0.5405570055454576,1,REVIEW,
225,0,0,LOW,0.0,0.2972091990961498,0,LOW,0.0
226,0,0,LOW,0.0,0.24108751084296454,0,LOW,0.0
227,0,0,LOW,0.0,0.7934701911174753,1,REVIEW,
228,0,0,LOW,0.0,0.15897960537740674,0,LOW,0.0
229,0,0,LOW,0.0,0.419197669267684,0,LOW,0.0
230,0,0,LOW,0.0,0.555908586893224,1,REVIEW,
231,0,0,LOW,0.0,0.2303042120554829,0,LOW,0.0
232,0,0,LOW,0.0,0.14335444673446426,0,LOW,0.0
233,0,0,LOW,0.0,0.05539956335683092,0,LOW,0.0
234,0,0,LOW,0.0,0.627373375434698,1,REVIEW,
235,0,0,LOW,0.0,0.4086565236833369,0,LOW,0.0
236,0,0,LOW,0.0,0.3072942966111889,0,LOW,0.0
237,0,0,LOW,0.0,0.2332191919184668,0,LOW,0.0
238,0,0,LOW,0.0,0.11869627160183108,0,LOW,0.0
239,0,0,LOW,0.0,0.271149928290724,0,LOW,0.0
240,0,0,LOW,0.0,0.12576977191022035,0,LOW,0.0
241,0,0,LOW,0.0,0.5257760080414384,1,REVIEW,
242,0,0,LOW,0.0,0.458625728934176,0,LOW,0.0
243,0,0,LOW,0.0,0.5559158745074986,1,REVIEW,
244,0,0,LOW,0.0,0.40622845314679334,0,LOW,0.0
245,0,0,LOW,0.0,0.6794110155130496,1,REVIEW,
246,0,0,LOW,0.0,0.6790787281544732,1,REVIEW,
247,0,0,LOW,0.0,0.6130353320372451,1,REVIEW,
248,0,0,LOW,0.0,0.12032344819101293,0,LOW,0.0
249,0,0,LOW,0.0,0.7117365949002848,1,REVIEW,
250,0,0,LOW,0.0,0.06529666024260201,0,LOW,0.0
251,0,0,LOW,0.0,0.5203698267193232,1,REVIEW,
252,0,0,LOW,0.0,0.6691443982553288,1,REVIEW,
253,0,0,LOW,0.0,0.33190615656743505,0,LOW,0.0
254,0,0,LOW,0.0,0.3351206070073039,0,LOW,0.0
255,0,0,LOW,0.0,0.7151752405162691,1,REVIEW,
256,0,0,LOW,0.0,0.24300873746940668,0,LOW,0.0
257,0,0,LOW,0.0,0.02714011510208752,0,LOW,0.0
258,0,0,LOW,0.0,0.19918347802554887,0,LOW,0.0
259,0,0,LOW,0.0,0.6619381993310005,1,REVIEW,
260,0,0,LOW,0.0,0.3556313686527252,0,LOW,0.0
261,0,0,LOW,0.0,0.25760295426112095,0,LOW,0.0
262,0,0,LOW,0.0,0.18114532099561292,0,LOW,0.0
263,0,0,LOW,0.0,0.38934901497450797,0,LOW,0.0
264,0,0,LOW,0.0,0.2824417576658427,0,LOW,0.0
265,0,0,LOW,0.0,0.6444179825129625,1,REVIEW,
266,0,0,LOW,0.0,0.2089679086741242,0,LOW,0.0
267,0,0,LOW,0.0,0.27074062192114967,0,LOW,0.0
268,0,0,LOW,0.0,0.7013271264378358,1,REVIEW,
269,0,0,LOW,0.0,0.1823048104272055,0,LOW,0.0
270,0,0,LOW,0.0,0.10694941751127295,0,LOW,0.0
271,0,0,LOW,0.0,0.24864761054209686,0,LOW,0.0
272,0,0,LOW,0.0,0.17748658371414955,0,LOW,0.0
273,0,0,LOW,0.0,0.21020192413069766,0,LOW,0.0
274,1,35,MEDIUM,,0.9942759495636125,1,HIGH,1.0
275,1,0,LOW,0.0,0.8621821190841451,1,REVIEW,
276,1,10,LOW,0.0,0.9757153043251607,1,REVIEW,
277,1,5,LOW,0.0,0.9450813095266783,1,REVIEW,
278,1,35,MEDIUM,,0.9843276456102364,1,HIGH,1.0
279,1,0,LOW,0.0,0.4641418595937708,0,LOW,0.0
280,1,45,MEDIUM,,0.9790185378973885,1,HIGH,1.0
281,1,0,LOW,0.0,0.3658990246147232,0,LOW,0.0
282,1,0,LOW,0.0,0.21803166032244753,0,LOW,0.0
283,1,0,LOW,0.0,0.9669543267642083,1,REVIEW,
284,1,0,LOW,0.0,0.16065034396895744,0,LOW,0.0
285,1,15,LOW,0.0,0.9934043835376473,1,REVIEW,
286,1,30,MEDIUM,,0.9851951123342907,1,HIGH,1.0
287,1,20,LOW,0.0,0.8547307744621514,1,REVIEW,
288,1,30,MEDIUM,,0.9847224137451764,1,HIGH,1.0
289,1,10,LOW,0.0,0.3611553526427671,0,LOW,0.0
290,1,20,LOW,0.0,0.8783636927852706,1,REVIEW,
291,1,20,LOW,0.0,0.1357090702531055,0,LOW,0.0
292,1,10,LOW,0.0,0.253666413511938,0,LOW,0.0
293,1,0,LOW,0.0,0.5493597008850862,1,REVIEW,
294,1,30,MEDIUM,,0.9894808074144943,1,HIGH,1.0
295,1,10,LOW,0.0,0.9760958388392881,1,REVIEW,
296,1,20,LOW,0.0,0.11404590928978241,0,LOW,0.0
297,1,10,LOW,0.0,0.4732495518542831,0,LOW,0.0
298,1,10,LOW,0.0,0.2999218351410355,0,LOW,0.0
299,1,30,MEDIUM,,0.7493141407099821,1,HIGH,1.0
300,1,0,LOW,0.0,0.03339403137818854,0,LOW,0.0
301,1,20,LOW,0.0,0.9109307092729245,1,REVIEW,
302,1,10,LOW,0.0,0.9922944209511412,1,REVIEW,
303,1,0,LOW,0.0,0.5794065694190851,1,REVIEW,
304,1,40,MEDIUM,,0.937993122876334,1,HIGH,1.0
305,1,0,LOW,0.0,0.39819730085511046,0,LOW,0.0
306,1,0,LOW,0.0,0.34575458514612295,0,LOW,0.0
307,1,30,MEDIUM,,0.87964819467649,1,HIGH,1.0
308,1,0,LOW,0.0,0.7660976961794834,1,REVIEW,
309,1,10,LOW,0.0,0.9360773626026563,1,REVIEW,
310,1,0,LOW,0.0,0.17503029048945398,0,LOW,0.0
311,1,35,MEDIUM,,0.9928020957680993,1,HIGH,1.0
312,1,0,LOW,0.0,0.11670724504002057,0,LOW,0.0
313,1,30,MEDIUM,,0.5206175355965391,1,HIGH,1.0
314,1,0,LOW,0.0,0.7296099589822096,1,REVIEW,
315,1,0,LOW,0.0,0.37498984979429084,0,LOW,0.0
316,1,25,LOW,0.0,0.974964643878126,1,REVIEW,
317,1,10,LOW,0.0,0.5777564948160767,1,REVIEW,
318,1,10,LOW,0.0,0.9154068491414746,1,REVIEW,
319,1,5,LOW,0.0,0.8678475919743842,1,REVIEW,
320,1,10,LOW,0.0,0.9797906860921632,1,REVIEW,
321,1,0,LOW,0.0,0.44821223825782486,0,LOW,0.0
322,1,30,MEDIUM,,0.9839759744251371,1,HIGH,1.0
323,1,10,LOW,0.0,0.43011924664055123,0,LOW,0.0
324,1,0,LOW,0.0,0.7629486942507075,1,REVIEW,
325,1,30,MEDIUM,,0.9848899127685813,1,HIGH,1.0
326,1,20,LOW,0.0,0.38479165013593597,0,LOW,0.0
327,1,10,LOW,0.0,0.6904047736358432,1,REVIEW,
328,1,30,MEDIUM,,0.9811505315736082,1,HIGH,1.0
329,1,20,LOW,0.0,0.08195469901779903,0,LOW,0.0
330,1,10,LOW,0.0,0.12401886552560437,0,LOW,0.0
331,1,10,LOW,0.0,0.11331935547811346,0,LOW,0.0
332,1,35,MEDIUM,,0.9971782540023157,1,HIGH,1.0
333,1,25,LOW,0.0,0.8862450844676452,1,REVIEW,
334,1,0,LOW,0.0,0.6675928314649229,1,REVIEW,
335,1,0,LOW,0.0,0.18360273565081411,0,LOW,0.0
336,1,10,LOW,0.0,0.24655808480895267,0,LOW,0.0
337,1,35,MEDIUM,,0.9865037245489507,1,HIGH,1.0
338,1,10,LOW,0.0,0.26575454132130943,0,LOW,0.0
339,1,35,MEDIUM,,0.9556943010539183,1,HIGH,1.0
340,1,20,LOW,0.0,0.5120256629894451,1,REVIEW,
341,1,0,LOW,0.0,0.5120017055027931,1,REVIEW,
342,1,10,LOW,0.0,0.39337394002528336,0,LOW,0.0
343,1,10,LOW,0.0,0.4412252457773725,0,LOW,0.0
344,1,35,MEDIUM,,0.9524832858681718,1,HIGH,1.0
345,1,0,LOW,0.0,0.625162006194198,1,REVIEW,
346,1,20,LOW,0.0,0.9557254081283659,1,REVIEW,
347,1,10,LOW,0.0,0.49300406740975067,0,LOW,0.0
348,1,30,MEDIUM,,0.9594310550998872,1,HIGH,1.0
349,1,0,LOW,0.0,0.5492414763500051,1,REVIEW,
350,1,10,LOW,0.0,0.8622722968216182,1,REVIEW,
351,1,0,LOW,0.0,0.2603500608623488,0,LOW,0.0
352,1,35,MEDIUM,,0.9886932746754281,1,HIGH,1.0
353,1,15,LOW,0.0,0.9336541779813593,1,REVIEW,
354,1,40,MEDIUM,,0.9887308347412118,1,HIGH,1.0
355,1,0,LOW,0.0,0.8542460313223338,1,REVIEW,
356,1,30,MEDIUM,,0.899319900461874,1,HIGH,1.0
357,1,10,LOW,0.0,0.8670367863252068,1,REVIEW,
358,1,30,MEDIUM,,0.37248099027835085,0,REVIEW,
359,1,40,MEDIUM,,0.9816483882364399,1,HIGH,1.0
360,1,15,LOW,0.0,0.8149130760968948,1,REVIEW,
361,1,0,LOW,0.0,0.7078505011537564,1,REVIEW,
362,1,0,LOW,0.0,0.22726447727063473,0,LOW,0.0
363,1,10,LOW,0.0,0.6711620448787005,1,REVIEW,
364,1,0,LOW,0.0,0.10141729844149593,0,LOW,0.0
365,1,0,LOW,0.0,0.10801853997547053,0,LOW,0.0
366,1,0,LOW,0.0,0.1608406492227355,0,LOW,0.0
367,1,10,LOW,0.0,0.9864344456945547,1,REVIEW,
368,1,40,MEDIUM,,0.9707278044403235,1,HIGH,1.0
369,1,5,LOW,0.0,0.8303392049104328,1,REVIEW,
370,1,40,MEDIUM,,0.5804025456587029,1,HIGH,1.0
371,1,20,LOW,0.0,0.22111533058062788,0,LOW,0.0
372,1,10,LOW,0.0,0.8466386783149435,1,REVIEW,
373,1,0,LOW,0.0,0.13365168615601555,0,LOW,0.0
374,1,30,MEDIUM,,0.7234515947511299,1,HIGH,1.0
375,1,30,MEDIUM,,0.9750380398441509,1,HIGH,1.0
376,1,20,LOW,0.0,0.8897292553347294,1,REVIEW,
377,1,0,LOW,0.0,0.6582741767055494,1,REVIEW,
378,1,10,LOW,0.0,0.770231425044652,1,REVIEW,
379,1,10,LOW,0.0,0.9190048649325244,1,REVIEW,
380,1,30,MEDIUM,,0.9822028492159328,1,HIGH,1.0
381,1,20,LOW,0.0,0.0953579370548094,0,LOW,0.0
382,1,0,LOW,0.0,0.6045943404628442,1,REVIEW,
383,1,10,LOW,0.0,0.0068701455278277705,0,LOW,0.0
384,1,10,LOW,0.0,0.7213682641245924,1,REVIEW,
385,1,30,MEDIUM,,0.7445631238114271,1,HIGH,1.0
386,1,0,LOW,0.0,0.08527418669142921,0,LOW,0.0
387,1,30,MEDIUM,,0.9965482755155876,1,HIGH,1.0
388,1,0,LOW,0.0,0.0726829584386618,0,LOW,0.0
389,1,0,LOW,0.0,0.9855104111740897,1,REVIEW,
390,1,0,LOW,0.0,0.6709407746166762,1,REVIEW,
391,1,10,LOW,0.0,0.990229853441662,1,REVIEW,
392,1,0,LOW,0.0,0.9349810843303411,1,REVIEW,
393,1,30,MEDIUM,,0.9919454509209752,1,HIGH,1.0
394,1,10,LOW,0.0,0.23149463429192196,0,LOW,0.0
395,1,20,LOW,0.0,0.17957661736957592,0,LOW,0.0
396,1,10,LOW,0.0,0.378992977079305,0,LOW,0.0
397,1,0,LOW,0.0,0.7996678691203364,1,REVIEW,
398,1,10,LOW,0.0,0.9665402113824978,1,REVIEW,
399,1,0,LOW,0.0,0.8555534294328643,1,REVIEW,
400,1,5,LOW,0.0,0.9743650693774609,1,REVIEW,
401,1,20,LOW,0.0,0.9684529229040708,1,REVIEW,
402,1,10,LOW,0.0,0.23042143692486466,0,LOW,0.0
403,1,30,MEDIUM,,0.9776806934688295,1,HIGH,1.0
404,1,10,LOW,0.0,0.5228895776270985,1,REVIEW,
405,1,30,MEDIUM,,0.9820281457288006,1,HIGH,1.0
406,1,0,LOW,0.0,0.15891604085925054,0,LOW,0.0
407,1,40,MEDIUM,,0.988350820668262,1,HIGH,1.0
408,1,30,MEDIUM,,0.9896094887106313,1,HIGH,1.0
409,1,0,LOW,0.0,0.30791884424722876,0,LOW,0.0
410,1,10,LOW,0.0,0.7783713391864332,1,REVIEW,
411,1,0,LOW,0.0,0.6161396020668208,1,REVIEW,
412,1,30,MEDIUM,,0.9785675916340205,1,HIGH,1.0
413,1,10,LOW,0.0,0.8348336240778435,1,REVIEW,
414,1,10,LOW,0.0,0.7126212345552573,1,REVIEW,
415,1,0,LOW,0.0,0.7591167498065641,1,REVIEW,
416,1,10,LOW,0.0,0.9067379778495723,1,REVIEW,
417,1,20,LOW,0.0,0.668346592803067,1,REVIEW,
418,1,45,MEDIUM,,0.9819463976814629,1,HIGH,1.0
419,1,10,LOW,0.0,0.7998407965091305,1,REVIEW,
420,1,0,LOW,0.0,0.40171457643626585,0,LOW,0.0
421,1,35,MEDIUM,,0.9723354978968997,1,HIGH,1.0
422,1,30,MEDIUM,,0.9658650929934697,1,HIGH,1.0
423,1,20,LOW,0.0,0.6507151707026163,1,REVIEW,
424,1,30,MEDIUM,,0.9738235793755563,1,HIGH,1.0
425,1,0,LOW,0.0,0.6476399615380477,1,REVIEW,
426,1,10,LOW,0.0,0.2437796753417815,0,LOW,0.0
427,1,20,LOW,0.0,0.9757294198236219,1,REVIEW,
428,1,0,LOW,0.0,0.437372266868503,0,LOW,0.0
429,1,40,MEDIUM,,0.9771747425038078,1,HIGH,1.0
430,1,0,LOW,0.0,0.6414915276494876,1,REVIEW,
431,1,30,MEDIUM,,0.767603884062239,1,HIGH,1.0
432,1,35,MEDIUM,,0.9796391885092468,1,HIGH,1.0
433,1,5,LOW,0.0,0.9326015555664873,1,REVIEW,
434,1,30,MEDIUM,,0.8112558727238097,1,HIGH,1.0
435,1,0,LOW,0.0,0.35058106336540984,0,LOW,0.0
436,1,10,LOW,0.0,0.8951109529185423,1,REVIEW,
437,1,10,LOW,0.0,0.9787073687379427,1,REVIEW,
438,1,0,LOW,0.0,0.8705729597758362,1,REVIEW,
439,1,20,LOW,0.0,0.7814626882818063,1,REVIEW,
440,1,10,LOW,0.0,0.5834092898129873,1,REVIEW,
441,1,0,LOW,0.0,0.9520035202691868,1,REVIEW,
442,1,30,MEDIUM,,0.9414777189935406,1,HIGH,1.0
443,1,20,LOW,0.0,0.8417119369373592,1,REVIEW,
444,1,0,LOW,0.0,0.5388780989966375,1,REVIEW,
445,1,10,LOW,0.0,0.39976868367142093,0,LOW,0.0
446,1,5,LOW,0.0,0.9447138461273574,1,REVIEW,
447,1,15,LOW,0.0,0.6405704274790016,1,REVIEW,
448,1,10,LOW,0.0,0.9257161782845504,1,REVIEW,
449,1,10,LOW,0.0,0.3009773552966889,0,LOW,0.0
450,1,35,MEDIUM,,0.9335462563797858,1,HIGH,1.0
451,1,0,LOW,0.0,0.3340714503787713,0,LOW,0.0
452,1,0,LOW,0.0,0.7617698275353042,1,REVIEW,
453,1,15,LOW,0.0,0.981864212050771,1,REVIEW,
454,1,10,LOW,0.0,0.23087210987154955,0,LOW,0.0
455,1,10,LOW,0.0,0.46213638085856723,0,LOW,0.0
456,1,10,LOW,0.0,0.952688421831013,1,REVIEW,
457,1,5,LOW,0.0,0.7092563046583559,1,REVIEW,
458,1,35,MEDIUM,,0.9939027693562962,1,HIGH,1.0
459,1,0,LOW,0.0,0.49215736266717364,0,LOW,0.0
460,1,10,LOW,0.0,0.15203184493067523,0,LOW,0.0
461,1,10,LOW,0.0,0.2902974009201891,0,LOW,0.0
462,1,0,LOW,0.0,0.8629394218206156,1,REVIEW,
463,1,10,LOW,0.0,0.9947147925400839,1,REVIEW,
464,1,10,LOW,0.0,0.48959318029725657,0,LOW,0.0
465,1,30,MEDIUM,,0.9659214483106017,1,HIGH,1.0
466,1,0,LOW,0.0,0.2790516670373649,0,LOW,0.0
467,1,0,LOW,0.0,0.8636304032981842,1,REVIEW,
468,1,45,MEDIUM,,0.988088985177532,1,HIGH,1.0
469,1,20,LOW,0.0,0.9022160857629891,1,REVIEW,
470,1,0,LOW,0.0,0.9573736146736103,1,REVIEW,
471,1,0,LOW,0.0,0.03054755782446979,0,LOW,0.0
472,1,10,LOW,0.0,0.7674655932420561,1,REVIEW,
473,1,0,LOW,0.0,0.7427852483921313,1,REVIEW,
474,1,0,LOW,0.0,0.9396167083480393,1,REVIEW,
475,1,30,MEDIUM,,0.966875084745614,1,HIGH,1.0
476,1,20,LOW,0.0,0.06505575392171516,0,LOW,0.0
477,1,0,LOW,0.0,0.5325288906964332,1,REVIEW,
478,1,15,LOW,0.0,0.6423306637460052,1,REVIEW,
479,1,10,LOW,0.0,0.8684374718185032,1,REVIEW,
480,1,30,MEDIUM,,0.9442044781361142,1,HIGH,1.0
481,1,5,LOW,0.0,0.9585779789187614,1,REVIEW,
482,1,20,LOW,0.0,0.9659876278218235,1,REVIEW,
483,1,0,LOW,0.0,0.5123711801254266,1,REVIEW,
484,1,30,MEDIUM,,0.8017647866794027,1,HIGH,1.0
485,1,30,MEDIUM,,0.9717495473176179,1,HIGH,1.0
486,1,35,MEDIUM,,0.2657249839467003,0,REVIEW,
487,1,0,LOW,0.0,0.7971684268049828,1,REVIEW,
488,1,35,MEDIUM,,0.945971691432224,1,HIGH,1.0
489,1,40,MEDIUM,,0.9429977772710935,1,HIGH,1.0
490,1,0,LOW,0.0,0.45028317554938785,0,LOW,0.0
491,1,30,MEDIUM,,0.7901375099284826,1,HIGH,1.0
492,1,30,MEDIUM,,0.9811350490773016,1,HIGH,1.0
493,1,10,LOW,0.0,0.9140917501337724,1,REVIEW,
494,1,10,LOW,0.0,0.7659623225561417,1,REVIEW,
495,1,0,LOW,0.0,0.4712411860524713,0,LOW,0.0
496,1,20,LOW,0.0,0.1646537175806093,0,LOW,0.0
497,1,0,LOW,0.0,0.3578443294300628,0,LOW,0.0
498,1,40,MEDIUM,,0.9895330575908785,1,HIGH,1.0
499,1,0,LOW,0.0,0.4605911241582903,0,LOW,0.0
500,1,45,MEDIUM,,0.9876609166446034,1,HIGH,1.0
501,1,20,LOW,0.0,0.08280400575160973,0,LOW,0.0
502,1,10,LOW,0.0,0.4556258591247874,0,LOW,0.0
503,1,10,LOW,0.0,0.583571444922363,1,REVIEW,
504,1,10,LOW,0.0,0.7296920356948272,1,REVIEW,
505,1,30,MEDIUM,,0.7751274036454375,1,HIGH,1.0
506,1,10,LOW,0.0,0.25194901291793054,0,LOW,0.0
507,1,30,MEDIUM,,0.9851843741050021,1,HIGH,1.0
508,1,20,LOW,0.0,0.5170162009732808,1,REVIEW,
509,1,0,LOW,0.0,0.6705635699880379,1,REVIEW,
510,1,0,LOW,0.0,0.1989024013248517,0,LOW,0.0
511,1,0,LOW,0.0,0.443663781416124,0,LOW,0.0
512,1,35,MEDIUM,,0.9795505862445719,1,HIGH,1.0
513,1,10,LOW,0.0,0.5888595230882289,1,REVIEW,
514,1,40,MEDIUM,,0.996057736893931,1,HIGH,1.0
515,1,10,LOW,0.0,0.9701225534332675,1,REVIEW,
516,1,30,MEDIUM,,0.9793784136606563,1,HIGH,1.0
517,1,5,LOW,0.0,0.8589430759232757,1,REVIEW,
518,1,30,MEDIUM,,0.9317584714889903,1,HIGH,1.0
519,1,0,LOW,0.0,0.8530591508069291,1,REVIEW,
520,1,45,MEDIUM,,0.9908048873735393,1,HIGH,1.0
521,1,0,LOW,0.0,0.9787078441318315,1,REVIEW,
522,1,0,LOW,0.0,0.958682539693012,1,REVIEW,
523,1,30,MEDIUM,,0.9711024532558898,1,HIGH,1.0
524,1,0,LOW,0.0,0.5644457648439603,1,REVIEW,
525,1,10,LOW,0.0,0.7751999897486024,1,REVIEW,
526,1,35,MEDIUM,,0.888892244571919,1,HIGH,1.0
527,1,20,LOW,0.0,0.33302079434343157,0,LOW,0.0
528,1,0,LOW,0.0,0.6082389733809366,1,REVIEW,
529,1,0,LOW,0.0,0.7067637561197142,1,REVIEW,
530,1,30,MEDIUM,,0.5917894891721878,1,HIGH,1.0
531,1,40,MEDIUM,,0.9898023458392985,1,HIGH,1.0
532,1,0,LOW,0.0,0.4580382044578232,0,LOW,0.0
533,1,35,MEDIUM,,0.9701271822986742,1,HIGH,1.0
534,1,20,LOW,0.0,0.8652285107461344,1,REVIEW,
535,1,0,LOW,0.0,0.7126359204706159,1,REVIEW,
536,1,0,LOW,0.0,0.05411679323550081,0,LOW,0.0
537,1,10,LOW,0.0,0.4994556206647999,0,LOW,0.0
538,1,35,MEDIUM,,0.9615475207330542,1,HIGH,1.0
539,1,0,LOW,0.0,0.7987381403973944,1,REVIEW,
540,1,0,LOW,0.0,0.5628938257169458,1,REVIEW,
541,1,45,MEDIUM,,0.9886052716494204,1,HIGH,1.0
542,1,0,LOW,0.0,0.9496579755642016,1,REVIEW,
543,1,30,MEDIUM,,0.9717237718181705,1,HIGH,1.0
544,1,10,LOW,0.0,0.9238315129139241,1,REVIEW,
545,1,30,MEDIUM,,0.9796088647213482,1,HIGH,1.0
546,1,0,LOW,0.0,0.42085327023449093,0,LOW,0.0
547,1,10,LOW,0.0,0.6592946003691831,1,REVIEW,
548,1,0,LOW,0.0,0.6293639454109723,1,REVIEW,
549,1,10,LOW,0.0,0.5427152797400671,1,REVIEW,
550,1,30,MEDIUM,,0.9538329903167464,1,HIGH,1.0
551,1,10,LOW,0.0,0.8620148964522534,1,REVIEW,
552,1,0,LOW,0.0,0.8092071809791346,1,REVIEW,
553,1,0,LOW,0.0,0.04081835718963448,0,LOW,0.0
554,1,0,LOW,0.0,0.10914920362110245,0,LOW,0.0
555,1,10,LOW,0.0,0.9807135794897722,1,REVIEW,
556,1,20,LOW,0.0,0.1683073573083271,0,LOW,0.0
557,1,0,LOW,0.0,0.6472891520145986,1,REVIEW,
558,1,10,LOW,0.0,0.2227462094009122,0,LOW,0.0
559,1,30,MEDIUM,,0.6184214247761985,1,HIGH,1.0
560,1,35,MEDIUM,,0.9938261551141544,1,HIGH,1.0
561,1,10,LOW,0.0,0.5539823306585417,1,REVIEW,
562,1,35,MEDIUM,,0.9933501429078888,1,HIGH,1.0
563,1,0,LOW,0.0,0.9670163357429984,1,REVIEW,
564,1,0,LOW,0.0,0.1387908078370178,0,LOW,0.0
565,1,30,MEDIUM,,0.910977618079736,1,HIGH,1.0
566,1,0,LOW,0.0,0.8878105258550321,1,REVIEW,
567,1,0,LOW,0.0,0.1290529162999427,0,LOW,0.0
568,1,10,LOW,0.0,0.9334248083814651,1,REVIEW,
569,1,0,LOW,0.0,0.6527210744385322,1,REVIEW,
570,1,0,LOW,0.0,0.5270471073976256,1,REVIEW,
571,1,30,MEDIUM,,0.9843784146811639,1,HIGH,1.0
572,1,0,LOW,0.0,0.012001567180549644,0,LOW,0.0
573,1,10,LOW,0.0,0.7545518872936637,1,REVIEW,
574,1,0,LOW,0.0,0.8764863507208497,1,REVIEW,
575,1,30,MEDIUM,,0.9828142641443259,1,HIGH,1.0
576,1,0,LOW,0.0,0.9460734430279965,1,REVIEW,
577,1,30,MEDIUM,,0.9573834301253715,1,HIGH,1.0
578,1,20,LOW,0.0,0.9889352710388561,1,REVIEW,
579,1,10,LOW,0.0,0.8230936303292704,1,REVIEW,
580,1,20,LOW,0.0,0.9890420339584464,1,REVIEW,
581,1,20,LOW,0.0,0.8596224231987881,1,REVIEW,
582,1,10,LOW,0.0,0.1589987336412557,0,LOW,0.0
583,1,30,MEDIUM,,0.8672104091005598,1,HIGH,1.0
584,1,30,MEDIUM,,0.809301678347808,1,HIGH,1.0
585,1,0,LOW,0.0,0.7992228758029747,1,REVIEW,
586,1,10,LOW,0.0,0.9853885681378091,1,REVIEW,
587,1,0,LOW,0.0,0.3864772535941444,0,LOW,0.0
588,1,10,LOW,0.0,0.6254530222651947,1,REVIEW,
589,1,30,MEDIUM,,0.9829989829706715,1,HIGH,1.0
590,1,10,LOW,0.0,0.4366114204162687,0,LOW,0.0
591,1,30,MEDIUM,,0.8618056277345967,1,HIGH,1.0
592,1,0,LOW,0.0,0.7642053904870393,1,REVIEW,
593,1,30,MEDIUM,,0.9589415644598988,1,HIGH,1.0
594,1,5,LOW,0.0,0.3193453403339695,0,LOW,0.0
595,1,30,MEDIUM,,0.9920475143657715,1,HIGH,1.0
596,1,0,LOW,0.0,0.9571426478953675,1,REVIEW,
597,1,10,LOW,0.0,0.550661436021075,1,REVIEW,
598,1,35,MEDIUM,,0.9895443272778626,1,HIGH,1.0
599,1,10,LOW,0.0,0.44123514565532035,0,LOW,0.0
600,1,5,LOW,0.0,0.13470220203255617,0,LOW,0.0
601,1,40,MEDIUM,,0.994270111650602,1,HIGH,1.0
602,1,20,LOW,0.0,0.1497322852526321,0,LOW,0.0
603,1,0,LOW,0.0,0.9751389117395575,1,REVIEW,
604,1,10,LOW,0.0,0.8219077063929835,1,REVIEW,
605,1,10,LOW,0.0,0.5039630710321451,1,REVIEW,
606,1,35,MEDIUM,,0.9702510092872361,1,HIGH,1.0
607,1,0,LOW,0.0,0.2136941126482558,0,LOW,0.0
608,1,10,LOW,0.0,0.7630851451530138,1,REVIEW,
609,1,30,MEDIUM,,0.9270221924647629,1,HIGH,1.0
610,1,0,LOW,0.0,0.6720316991732458,1,REVIEW,
611,1,0,LOW,0.0,0.4352417111981368,0,LOW,0.0
612,1,30,MEDIUM,,0.20712722830567504,0,REVIEW,
613,1,35,MEDIUM,,0.9965718441202865,1,HIGH,1.0
614,1,15,LOW,0.0,0.9962477864784467,1,REVIEW,
615,1,20,LOW,0.0,0.993402972391313,1,REVIEW,
616,1,10,LOW,0.0,0.7356056481507615,1,REVIEW,
617,1,0,LOW,0.0,0.8099921755710409,1,REVIEW,
618,1,10,LOW,0.0,0.9348051184531283,1,REVIEW,
619,1,15,LOW,0.0,0.6676148222003931,1,REVIEW,
620,1,0,LOW,0.0,0.6458963751186081,1,REVIEW,
621,1,30,MEDIUM,,0.9018931908815033,1,HIGH,1.0
622,1,15,LOW,0.0,0.8771065413948581,1,REVIEW,
623,1,10,LOW,0.0,0.9875082776715293,1,REVIEW,
624,1,10,LOW,0.0,0.4495719852216343,0,LOW,0.0
625,1,10,LOW,0.0,0.9713932618319923,1,REVIEW,
626,1,0,LOW,0.0,0.07254878773292149,0,LOW,0.0
627,1,30,MEDIUM,,0.9672840201459176,1,HIGH,1.0
628,1,20,LOW,0.0,0.14461296359364328,0,LOW,0.0
629,1,15,LOW,0.0,0.71674281100936,1,REVIEW,
630,1,0,LOW,0.0,0.43867257254838415,0,LOW,0.0
631,1,10,LOW,0.0,0.9222444294237534,1,REVIEW,
632,1,45,MEDIUM,,0.9939719277288077,1,HIGH,1.0
633,1,0,LOW,0.0,0.8915822936499943,1,REVIEW,
634,1,20,LOW,0.0,0.3525070644892733,0,LOW,0.0
635,1,10,LOW,0.0,0.8897981145585231,1,REVIEW,
636,1,30,MEDIUM,,0.9905606277063995,1,HIGH,1.0
637,1,0,LOW,0.0,0.7829988887844839,1,REVIEW,
638,1,40,MEDIUM,,0.990315541036962,1,HIGH,1.0
639,1,0,LOW,0.0,0.23994636391094473,0,LOW,0.0
640,1,10,LOW,0.0,0.46927974982533965,0,LOW,0.0
641,1,0,LOW,0.0,0.2860337110439632,0,LOW,0.0
642,1,30,MEDIUM,,0.7420225027865113,1,HIGH,1.0
643,1,30,MEDIUM,,0.9694457170387711,1,HIGH,1.0
644,1,0,LOW,0.0,0.6701739585603484,1,REVIEW,
645,1,40,MEDIUM,,0.8801133987452082,1,HIGH,1.0
646,1,10,LOW,0.0,0.7997433294393759,1,REVIEW,
647,1,20,LOW,0.0,0.9767009531608206,1,REVIEW,
648,1,0,LOW,0.0,0.8460300377419021,1,REVIEW,
649,1,0,LOW,0.0,0.6867596287803894,1,REVIEW,
650,1,0,LOW,0.0,0.8439977039190153,1,REVIEW,
651,1,10,LOW,0.0,0.9556546248678357,1,REVIEW,
652,1,5,LOW,0.0,0.9834061905093062,1,REVIEW,
653,1,10,LOW,0.0,0.8922952913107877,1,REVIEW,
654,1,0,LOW,0.0,0.5733439407191194,1,REVIEW,
655,1,0,LOW,0.0,0.6992142270586614,1,REVIEW,
656,1,20,LOW,0.0,0.8799593683370509,1,REVIEW,
657,1,0,LOW,0.0,0.42411123534422185,0,LOW,0.0
658,1,30,MEDIUM,,0.7743613858800451,1,HIGH,1.0
659,1,15,LOW,0.0,0.9779249492423833,1,REVIEW,
660,0,0,LOW,0.0,0.0414867353875502,0,LOW,0.0
661,0,0,LOW,0.0,0.21354561827864296,0,LOW,0.0
662,0,0,LOW,0.0,0.2044434233526562,0,LOW,0.0
663,0,10,LOW,0.0,0.22084417602782644,0,LOW,0.0
664,0,0,LOW,0.0,0.32607238212741435,0,LOW,0.0
665,0,0,LOW,0.0,0.526105834475833,1,REVIEW,
666,0,0,LOW,0.0,0.5841304058119952,1,REVIEW,
667,0,0,LOW,0.0,0.4074244801508003,0,LOW,0.0
668,0,0,LOW,0.0,0.14087567804770518,0,LOW,0.0
669,0,0,LOW,0.0,0.1060760816773891,0,LOW,0.0
670,0,0,LOW,0.0,0.08566754974076568,0,LOW,0.0
671,0,0,LOW,0.0,0.026688476614848404,0,LOW,0.0
672,0,0,LOW,0.0,0.021571130517512836,0,LOW,0.0
673,0,0,LOW,0.0,0.6172326390547235,1,REVIEW,
674,0,0,LOW,0.0,0.5265932678620938,1,REVIEW,
675,0,0,LOW,0.0,0.020092586427487253,0,LOW,0.0
676,0,0,LOW,0.0,0.21082708627788624,0,LOW,0.0
677,0,0,LOW,0.0,0.06384482765418517,0,LOW,0.0
678,0,0,LOW,0.0,0.4667158194838712,0,LOW,0.0
679,0,0,LOW,0.0,0.24543108573533293,0,LOW,0.0
680,0,0,LOW,0.0,0.833575147847237,1,REVIEW,
681,0,0,LOW,0.0,0.7612589329769553,1,REVIEW,
682,0,0,LOW,0.0,0.8806564103276924,1,REVIEW,
683,0,0,LOW,0.0,0.16931411380391861,0,LOW,0.0
684,0,0,LOW,0.0,0.7064709616546054,1,REVIEW,
685,0,0,LOW,0.0,0.07310661864323649,0,LOW,0.0
686,0,0,LOW,0.0,0.24518791535571718,0,LOW,0.0
687,0,0,LOW,0.0,0.06367991190689105,0,LOW,0.0
688,0,0,LOW,0.0,0.2414220944538412,0,LOW,0.0
689,0,15,LOW,0.0,0.313327627888794,0,LOW,0.0
690,0,0,LOW,0.0,0.014884565828948905,0,LOW,0.0
691,0,0,LOW,0.0,0.6227894434936333,1,REVIEW,
692,0,0,LOW,0.0,0.1399859794883903,0,LOW,0.0
693,0,0,LOW,0.0,0.2652372153683173,0,LOW,0.0
694,0,0,LOW,0.0,0.17946878422961232,0,LOW,0.0
695,0,0,LOW,0.0,0.10412256823004232,0,LOW,0.0
696,0,0,LOW,0.0,0.3423217775473162,0,LOW,0.0
697,0,0,LOW,0.0,0.3991825448656773,0,LOW,0.0
698,0,0,LOW,0.0,0.36328940951595035,0,LOW,0.0
699,0,0,LOW,0.0,0.13960695967805706,0,LOW,0.0
700,0,0,LOW,0.0,0.3388826823386112,0,LOW,0.0
701,0,0,LOW,0.0,0.8165598769104304,1,REVIEW,
702,0,0,LOW,0.0,0.4085705881459844,0,LOW,0.0
703,0,0,LOW,0.0,0.8673971041621145,1,REVIEW,
704,0,0,LOW,0.0,0.19594409650847597,0,LOW,0.0
705,0,0,LOW,0.0,0.5453202793089276,1,REVIEW,
706,0,0,LOW,0.0,0.7560372864879817,1,REVIEW,
707,0,0,LOW,0.0,0.7504224710230076,1,REVIEW,
708,0,0,LOW,0.0,0.7312952536793964,1,REVIEW,
709,0,0,LOW,0.0,0.5423025136240114,1,REVIEW,
710,0,0,LOW,0.0,0.1277097387185253,0,LOW,0.0
711,0,0,LOW,0.0,0.22598713061699963,0,LOW,0.0
712,0,0,LOW,0.0,0.11819828155282455,0,LOW,0.0
713,0,0,LOW,0.0,0.14570039024216272,0,LOW,0.0
714,0,0,LOW,0.0,0.01587468598317692,0,LOW,0.0
715,0,0,LOW,0.0,0.2322218344202632,0,LOW,0.0
716,0,0,LOW,0.0,0.5762139597789014,1,REVIEW,
717,0,0,LOW,0.0,0.16502529169796318,0,LOW,0.0
718,0,0,LOW,0.0,0.3631911587211193,0,LOW,0.0
719,0,0,LOW,0.0,0.36789354237141764,0,LOW,0.0
720,0,0,LOW,0.0,0.3018553815246011,0,LOW,0.0
721,0,0,LOW,0.0,0.7365686026369356,1,REVIEW,
722,0,10,LOW,0.0,0.5790727239864745,1,REVIEW,
723,0,0,LOW,0.0,0.20648246416528931,0,LOW,0.0
724,0,0,LOW,0.0,0.8172833771898644,1,REVIEW,
725,0,0,LOW,0.0,0.11534283645725178,0,LOW,0.0
726,0,0,LOW,0.0,0.2890959023601602,0,LOW,0.0
727,0,0,LOW,0.0,0.39988453431591525,0,LOW,0.0
728,0,0,LOW,0.0,0.3335965631018774,0,LOW,0.0
729,0,0,LOW,0.0,0.06718068415033873,0,LOW,0.0
730,0,0,LOW,0.0,0.06525135706266919,0,LOW,0.0
731,0,0,LOW,0.0,0.684349211868942,1,REVIEW,
732,0,10,LOW,0.0,0.6096345080707465,1,REVIEW,
733,0,0,LOW,0.0,0.39172621299513355,0,LOW,0.0
734,0,0,LOW,0.0,0.18143988949701842,0,LOW,0.0
735,0,0,LOW,0.0,0.15215358368916643,0,LOW,0.0
736,0,0,LOW,0.0,0.25858991546100263,0,LOW,0.0
737,0,0,LOW,0.0,0.4295465053439316,0,LOW,0.0
738,0,0,LOW,0.0,0.04673619035497669,0,LOW,0.0
739,0,0,LOW,0.0,0.2664114729169836,0,LOW,0.0
740,0,0,LOW,0.0,0.10327469733220673,0,LOW,0.0
741,0,0,LOW,0.0,0.059843927400663174,0,LOW,0.0
742,0,0,LOW,0.0,0.4319188327585475,0,LOW,0.0
743,0,0,LOW,0.0,0.08861459120829772,0,LOW,0.0
744,0,0,LOW,0.0,0.1973211019991032,0,LOW,0.0
745,0,0,LOW,0.0,0.5206064000717332,1,REVIEW,
746,0,0,LOW,0.0,0.26962201049171286,0,LOW,0.0
747,0,0,LOW,0.0,0.20971077866842,0,LOW,0.0
748,0,0,LOW,0.0,0.34102075582331504,0,LOW,0.0
749,0,0,LOW,0.0,0.34090687177296414,0,LOW,0.0
750,0,0,LOW,0.0,0.07210297296368527,0,LOW,0.0
751,0,10,LOW,0.0,0.41485710508216256,0,LOW,0.0
752,0,0,LOW,0.0,0.23307510758525896,0,LOW,0.0
753,0,0,LOW,0.0,0.20406324776244145,0,LOW,0.0
754,0,0,LOW,0.0,0.18902251810977025,0,LOW,0.0
755,0,0,LOW,0.0,0.4036508938386337,0,LOW,0.0
756,0,0,LOW,0.0,0.3174853362138222,0,LOW,0.0
757,0,0,LOW,0.0,0.40525662766817017,0,LOW,0.0
758,0,0,LOW,0.0,0.5269709974152109,1,REVIEW,
759,0,0,LOW,0.0,0.23189697298851805,0,LOW,0.0
760,0,0,LOW,0.0,0.3243275830009731,0,LOW,0.0
761,0,0,LOW,0.0,0.7032252003095638,1,REVIEW,
762,0,10,LOW,0.0,0.5235499351321369,1,REVIEW,
763,0,10,LOW,0.0,0.6979975706613986,1,REVIEW,
764,0,0,LOW,0.0,0.4768127041855705,0,LOW,0.0
765,0,0,LOW,0.0,0.4960309628194261,0,LOW,0.0
766,0,0,LOW,0.0,0.3963247406442904,0,LOW,0.0
767,0,0,LOW,0.0,0.17752548743737895,0,LOW,0.0
768,0,0,LOW,0.0,0.39921529689981766,0,LOW,0.0
769,0,10,LOW,0.0,0.17284210700557492,0,LOW,0.0
770,0,0,LOW,0.0,0.6522151458851788,1,REVIEW,
771,0,0,LOW,0.0,0.2359354986273288,0,LOW,0.0
772,0,0,LOW,0.0,0.2326416970144341,0,LOW,0.0
773,0,0,LOW,0.0,0.5172689162665572,1,REVIEW,
774,0,0,LOW,0.0,0.46004648014833355,0,LOW,0.0
775,0,0,LOW,0.0,0.5324635076929307,1,REVIEW,
776,0,0,LOW,0.0,0.09343411074369536,0,LOW,0.0
777,0,0,LOW,0.0,0.3487500771278109,0,LOW,0.0
778,0,0,LOW,0.0,0.08060589839558406,0,LOW,0.0
779,0,0,LOW,0.0,0.30527666410958954,0,LOW,0.0
780,0,0,LOW,0.0,0.050257487366530726,0,LOW,0.0
781,0,0,LOW,0.0,0.28440341310258216,0,LOW,0.0
782,0,0,LOW,0.0,0.20787615689008918,0,LOW,0.0
783,0,0,LOW,0.0,0.37738470973006016,0,LOW,0.0
784,0,0,LOW,0.0,0.3011407006517731,0,LOW,0.0
785,0,0,LOW,0.0,0.2417197374223595,0,LOW,0.0
786,0,0,LOW,0.0,0.06862210788978461,0,LOW,0.0
787,0,0,LOW,0.0,0.5660020628966524,1,REVIEW,
788,0,0,LOW,0.0,0.2664730851495456,0,LOW,0.0
789,0,0,LOW,0.0,0.09957506693209504,0,LOW,0.0
790,0,0,LOW,0.0,0.22824154700430577,0,LOW,0.0
791,0,0,LOW,0.0,0.21587242668578813,0,LOW,0.0
792,0,0,LOW,0.0,0.38332698384083763,0,LOW,0.0
793,0,0,LOW,0.0,0.15406271138997302,0,LOW,0.0
794,0,0,LOW,0.0,0.11259858328573046,0,LOW,0.0
795,0,0,LOW,0.0,0.3656234588929719,0,LOW,0.0
796,0,0,LOW,0.0,0.405542582738103,0,LOW,0.0
797,0,0,LOW,0.0,0.2650605548411307,0,LOW,0.0
798,0,0,LOW,0.0,0.3129441399740219,0,LOW,0.0
799,0,0,LOW,0.0,0.33878239682732825,0,LOW,0.0
800,0,0,LOW,0.0,0.6577717922259718,1,REVIEW,
801,0,0,LOW,0.0,0.3350879515721546,0,LOW,0.0
802,0,0,LOW,0.0,0.2034724731304066,0,LOW,0.0
803,0,0,LOW,0.0,0.6792542345525877,1,REVIEW,
804,0,0,LOW,0.0,0.4117733472037357,0,LOW,0.0
805,0,0,LOW,0.0,0.12805540789132563,0,LOW,0.0
806,0,0,LOW,0.0,0.18712398079564177,0,LOW,0.0
807,0,10,LOW,0.0,0.5934292256912477,1,REVIEW,
808,0,0,LOW,0.0,0.16271130826344415,0,LOW,0.0
809,0,0,LOW,0.0,0.3325763659256917,0,LOW,0.0
810,0,0,LOW,0.0,0.12001450706578365,0,LOW,0.0
811,0,0,LOW,0.0,0.7570786695638534,1,REVIEW,
812,0,0,LOW,0.0,0.5077136088023737,1,REVIEW,
813,0,0,LOW,0.0,0.15535203728078703,0,LOW,0.0
814,0,0,LOW,0.0,0.36738856301278244,0,LOW,0.0
815,0,10,LOW,0.0,0.2547996067696656,0,LOW,0.0
816,0,0,LOW,0.0,0.5316597766935814,1,REVIEW,
817,0,10,LOW,0.0,0.224729369402467,0,LOW,0.0
818,0,0,LOW,0.0,0.12439790162366315,0,LOW,0.0
819,0,10,LOW,0.0,0.17677161603854613,0,LOW,0.0
820,0,0,LOW,0.0,0.14742155382236694,0,LOW,0.0
821,0,0,LOW,0.0,0.02060705949771359,0,LOW,0.0
822,0,0,LOW,0.0,0.08817678960793737,0,LOW,0.0
823,0,0,LOW,0.0,0.0866301201525447,0,LOW,0.0
824,0,0,LOW,0.0,0.2961144120457458,0,LOW,0.0
825,0,0,LOW,0.0,0.10300757435862316,0,LOW,0.0
826,0,0,LOW,0.0,0.3959582325512514,0,LOW,0.0
827,0,0,LOW,0.0,0.14602942602407262,0,LOW,0.0
828,0,0,LOW,0.0,0.27343437395209125,0,LOW,0.0
829,0,0,LOW,0.0,0.4302928153284008,0,LOW,0.0
830,0,0,LOW,0.0,0.49758353891886486,0,LOW,0.0
831,0,0,LOW,0.0,0.666478659990343,1,REVIEW,
832,0,0,LOW,0.0,0.27358480452378797,0,LOW,0.0
833,0,0,LOW,0.0,0.3532774971149611,0,LOW,0.0
834,0,0,LOW,0.0,0.1361570313222097,0,LOW,0.0
835,0,0,LOW,0.0,0.18433401014313558,0,LOW,0.0
836,0,0,LOW,0.0,0.34771177931658137,0,LOW,0.0
837,0,0,LOW,0.0,0.05923608493124247,0,LOW,0.0
838,0,0,LOW,0.0,0.3951698877863063,0,LOW,0.0
839,0,0,LOW,0.0,0.10427333050462698,0,LOW,0.0
840,0,0,LOW,0.0,0.3284143771803788,0,LOW,0.0
841,0,0,LOW,0.0,0.24990728341474364,0,LOW,0.0
842,0,0,LOW,0.0,0.4029682449553121,0,LOW,0.0
843,0,0,LOW,0.0,0.014701207244185995,0,LOW,0.0
844,0,0,LOW,0.0,0.3568058666914115,0,LOW,0.0
845,0,0,LOW,0.0,0.3304186203867751,0,LOW,0.0
846,0,0,LOW,0.0,0.08049404413474627,0,LOW,0.0
847,0,0,LOW,0.0,0.2515268240180958,0,LOW,0.0
848,0,0,LOW,0.0,0.4022651302923087,0,LOW,0.0
849,0,0,LOW,0.0,0.12750154894624025,0,LOW,0.0
850,0,0,LOW,0.0,0.09471259555890808,0,LOW,0.0
851,0,0,LOW,0.0,0.3729659060918548,0,LOW,0.0
852,0,0,LOW,0.0,0.1837211408970779,0,LOW,0.0
853,0,0,LOW,0.0,0.11721059427441874,0,LOW,0.0
854,0,0,LOW,0.0,0.30767968846010724,0,LOW,0.0
855,0,0,LOW,0.0,0.40244641196965114,0,LOW,0.0
856,0,0,LOW,0.0,0.07256867940768816,0,LOW,0.0
857,0,0,LOW,0.0,0.12824612737042165,0,LOW,0.0
858,0,0,LOW,0.0,0.3292262579150807,0,LOW,0.0
859,0,0,LOW,0.0,0.28877125598874975,0,LOW,0.0
860,0,0,LOW,0.0,0.5499495936981157,1,REVIEW,
861,0,0,LOW,0.0,0.18544572663196077,0,LOW,0.0
862,0,0,LOW,0.0,0.2655119507171935,0,LOW,0.0
863,0,0,LOW,0.0,0.08572420343614084,0,LOW,0.0
864,0,0,LOW,0.0,0.23305347544699692,0,LOW,0.0
865,0,0,LOW,0.0,0.3331283746516766,0,LOW,0.0
866,0,0,LOW,0.0,0.03394216542222678,0,LOW,0.0
867,0,0,LOW,0.0,0.44679200911120026,0,LOW,0.0
868,0,0,LOW,0.0,0.4872299154079901,0,LOW,0.0
869,0,0,LOW,0.0,0.2287647053236834,0,LOW,0.0
870,0,0,LOW,0.0,0.6542762673440974,1,REVIEW,
871,0,0,LOW,0.0,0.5010533930354009,1,REVIEW,
872,0,0,LOW,0.0,0.2610278449155436,0,LOW,0.0
873,0,0,LOW,0.0,0.3208842339148011,0,LOW,0.0
874,0,0,LOW,0.0,0.07471783546045566,0,LOW,0.0
875,0,0,LOW,0.0,0.2967668080272032,0,LOW,0.0
876,0,0,LOW,0.0,0.06797368320078896,0,LOW,0.0
877,0,0,LOW,0.0,0.7582074078167833,1,REVIEW,
878,0,0,LOW,0.0,0.08352014037098059,0,LOW,0.0
879,0,0,LOW,0.0,0.13165906016936696,0,LOW,0.0
880,0,0,LOW,0.0,0.06546577865365882,0,LOW,0.0
881,0,0,LOW,0.0,0.28643120843929726,0,LOW,0.0
882,0,0,LOW,0.0,0.4383201756169134,0,LOW,0.0
883,0,0,LOW,0.0,0.6673391238889792,1,REVIEW,
884,0,0,LOW,0.0,0.10512768805678861,0,LOW,0.0
885,0,0,LOW,0.0,0.5481263141221286,1,REVIEW,
886,0,0,LOW,0.0,0.1421770071941834,0,LOW,0.0
887,0,0,LOW,0.0,0.08431284268774765,0,LOW,0.0
888,0,0,LOW,0.0,0.2067151570646213,0,LOW,0.0
889,0,0,LOW,0.0,0.21372655613730798,0,LOW,0.0
890,0,0,LOW,0.0,0.3537685692295179,0,LOW,0.0
891,0,0,LOW,0.0,0.3372163344518178,0,LOW,0.0
892,0,0,LOW,0.0,0.15453986964965982,0,LOW,0.0
893,0,0,LOW,0.0,0.39856536165353135,0,LOW,0.0
894,0,0,LOW,0.0,0.12010713357483237,0,LOW,0.0
895,0,0,LOW,0.0,0.3238424173306097,0,LOW,0.0
896,0,0,LOW,0.0,0.5404955039069048,1,REVIEW,
897,0,0,LOW,0.0,0.26168267101228787,0,LOW,0.0
898,0,0,LOW,0.0,0.17541642297078197,0,LOW,0.0
899,0,0,LOW,0.0,0.04795601755193549,0,LOW,0.0
900,0,0,LOW,0.0,0.19833162470667487,0,LOW,0.0
901,0,0,LOW,0.0,0.6527383149915218,1,REVIEW,
902,0,0,LOW,0.0,0.2755148196317318,0,LOW,0.0
903,0,0,LOW,0.0,0.043135685012064204,0,LOW,0.0
904,0,0,LOW,0.0,0.4341162206708626,0,LOW,0.0
905,0,0,LOW,0.0,0.739605141560465,1,REVIEW,
906,0,0,LOW,0.0,0.16679652614238244,0,LOW,0.0
907,0,0,LOW,0.0,0.3241813960431519,0,LOW,0.0
908,0,10,LOW,0.0,0.25009116249538915,0,LOW,0.0
909,0,0,LOW,0.0,0.6135124450424936,1,REVIEW,
910,0,0,LOW,0.0,0.03887637169260144,0,LOW,0.0
911,0,0,LOW,0.0,0.6803851473889482,1,REVIEW,
912,0,0,LOW,0.0,0.5758055609347763,1,REVIEW,
913,0,0,LOW,0.0,0.29118011873714084,0,LOW,0.0
914,0,0,LOW,0.0,0.3266533755625897,0,LOW,0.0
915,0,0,LOW,0.0,0.08165302584883556,0,LOW,0.0
916,0,0,LOW,0.0,0.5265046728030971,1,REVIEW,
917,0,0,LOW,0.0,0.3477497663591402,0,LOW,0.0
918,0,0,LOW,0.0,0.12236763530360757,0,LOW,0.0
919,0,0,LOW,0.0,0.058274277870211146,0,LOW,0.0
920,0,0,LOW,0.0,0.28150204123757966,0,LOW,0.0
921,0,0,LOW,0.0,0.42144488342651854,0,LOW,0.0
922,0,0,LOW,0.0,0.5703024644914519,1,REVIEW,
923,0,0,LOW,0.0,0.5690258755960746,1,REVIEW,
924,0,0,LOW,0.0,0.47323045047725115,0,LOW,0.0
925,0,0,LOW,0.0,0.023474793096677805,0,LOW,0.0
926,0,0,LOW,0.0,0.2972397524785515,0,LOW,0.0
927,0,0,LOW,0.0,0.280649910275179,0,LOW,0.0
928,0,0,LOW,0.0,0.837619188929746,1,REVIEW,
929,0,0,LOW,0.0,0.35925045527820254,0,LOW,0.0
930,0,0,LOW,0.0,0.23179562154798006,0,LOW,0.0
931,0,0,LOW,0.0,0.5978095391399765,1,REVIEW,
932,0,0,LOW,0.0,0.2093652517782622,0,LOW,0.0
933,0,0,LOW,0.0,0.22233895990314745,0,LOW,0.0
934,0,0,LOW,0.0,0.18300201729059867,0,LOW,0.0
935,0,0,LOW,0.0,0.21099521847390806,0,LOW,0.0
936,0,0,LOW,0.0,0.6531153387642604,1,REVIEW,
937,0,0,LOW,0.0,0.29402825201383664,0,LOW,0.0
938,0,0,LOW,0.0,0.035781544796762786,0,LOW,0.0
939,0,0,LOW,0.0,0.024678261027994655,0,LOW,0.0
940,0,0,LOW,0.0,0.10041126533986655,0,LOW,0.0
941,0,0,LOW,0.0,0.44026733642692917,0,LOW,0.0
942,0,0,LOW,0.0,0.027636290284787667,0,LOW,0.0
943,0,0,LOW,0.0,0.529781317481817,1,REVIEW,
944,0,0,LOW,0.0,0.006971208857603156,0,LOW,0.0
945,0,0,LOW,0.0,0.0744314653148164,0,LOW,0.0
946,0,0,LOW,0.0,0.4869947303821032,0,LOW,0.0
947,0,0,LOW,0.0,0.1956393844714178,0,LOW,0.0
948,0,10,LOW,0.0,0.5526876011078135,1,REVIEW,
949,0,0,LOW,0.0,0.10105621818365464,0,LOW,0.0
950,0,0,LOW,0.0,0.12872018675437813,0,LOW,0.0
951,0,0,LOW,0.0,0.2014512423658453,0,LOW,0.0
952,0,0,LOW,0.0,0.07306196467669707,0,LOW,0.0
953,0,0,LOW,0.0,0.12406633198344545,0,LOW,0.0
954,0,0,LOW,0.0,0.2961654158804836,0,LOW,0.0
955,0,0,LOW,0.0,0.5112522050487356,1,REVIEW,
956,0,0,LOW,0.0,0.30181030733491143,0,LOW,0.0
957,0,0,LOW,0.0,0.4360438906045094,0,LOW,0.0
958,0,0,LOW,0.0,0.1095461022042287,0,LOW,0.0
959,0,0,LOW,0.0,0.05885989873872229,0,LOW,0.0
960,0,0,LOW,0.0,0.703461529362491,1,REVIEW,
961,0,0,LOW,0.0,0.30178598517003863,0,LOW,0.0
962,0,0,LOW,0.0,0.5222492911046933,1,REVIEW,
963,0,0,LOW,0.0,0.3006198519752426,0,LOW,0.0
964,0,0,LOW,0.0,0.31869210198805253,0,LOW,0.0
965,0,0,LOW,0.0,0.4543344793530599,0,LOW,0.0
966,0,0,LOW,0.0,0.4107727462787914,0,LOW,0.0
967,0,0,LOW,0.0,0.6960950202200633,1,REVIEW,
968,0,0,LOW,0.0,0.34501354386367755,0,LOW,0.0
969,0,0,LOW,0.0,0.8335154791691459,1,REVIEW,
970,0,0,LOW,0.0,0.6039253715665871,1,REVIEW,
971,0,0,LOW,0.0,0.34109042091935066,0,LOW,0.0
972,0,0,LOW,0.0,0.3834271474292946,0,LOW,0.0
973,0,0,LOW,0.0,0.5513643440068356,1,REVIEW,
974,0,0,LOW,0.0,0.32449185074526143,0,LOW,0.0
975,0,0,LOW,0.0,0.21033038408091853,0,LOW,0.0
976,0,0,LOW,0.0,0.24211756581610067,0,LOW,0.0
977,0,0,LOW,0.0,0.03234949626648498,0,LOW,0.0
978,0,0,LOW,0.0,0.43464349770351557,0,LOW,0.0
979,0,0,LOW,0.0,0.27376091787978907,0,LOW,0.0
980,0,0,LOW,0.0,0.13712769833986596,0,LOW,0.0
981,0,0,LOW,0.0,0.6808953546161356,1,REVIEW,
982,0,0,LOW,0.0,0.6624953652349067,1,REVIEW,
983,0,0,LOW,0.0,0.23101265480543576,0,LOW,0.0
984,0,0,LOW,0.0,0.2328944637368615,0,LOW,0.0
985,0,0,LOW,0.0,0.21968929735090634,0,LOW,0.0
986,0,0,LOW,0.0,0.026772114157904616,0,LOW,0.0
987,0,0,LOW,0.0,0.19610790484229285,0,LOW,0.0
988,0,0,LOW,0.0,0.16572135816102043,0,LOW,0.0
989,0,10,LOW,0.0,0.19872107844076034,0,LOW,0.0
990,0,0,LOW,0.0,0.44162740454755617,0,LOW,0.0
991,0,0,LOW,0.0,0.26588835584377085,0,LOW,0.0
992,0,0,LOW,0.0,0.47185417617031994,0,LOW,0.0
993,0,10,LOW,0.0,0.4485110268915422,0,LOW,0.0
994,0,10,LOW,0.0,0.22424400606489833,0,LOW,0.0
995,0,0,LOW,0.0,0.2411542888300332,0,LOW,0.0
996,0,0,LOW,0.0,0.021243225500105233,0,LOW,0.0
997,0,10,LOW,0.0,0.30000480648240324,0,LOW,0.0
998,0,10,LOW,0.0,0.039619990329802825,0,LOW,0.0
999,0,0,LOW,0.0,0.49283671395258083,0,LOW,0.0
1000,0,0,LOW,0.0,0.44713278294296377,0,LOW,0.0
1001,0,0,LOW,0.0,0.749110067413617,1,REVIEW,
1002,0,0,LOW,0.0,0.17154504759025718,0,LOW,0.0
1003,0,0,LOW,0.0,0.39478364766904944,0,LOW,0.0
1004,0,0,LOW,0.0,0.3063839068987517,0,LOW,0.0
1005,0,0,LOW,0.0,0.3869182004627086,0,LOW,0.0
1006,0,0,LOW,0.0,0.38646760511998574,0,LOW,0.0
1007,0,0,LOW,0.0,0.12243082875419661,0,LOW,0.0
1008,0,0,LOW,0.0,0.4050673042474723,0,LOW,0.0
1009,0,0,LOW,0.0,0.21012147169403422,0,LOW,0.0
1010,0,0,LOW,0.0,0.04513677241728504,0,LOW,0.0
1011,0,0,LOW,0.0,0.22771524812689883,0,LOW,0.0
1012,0,0,LOW,0.0,0.3441075692459049,0,LOW,0.0
1013,0,0,LOW,0.0,0.5170070428833553,1,REVIEW,
1014,0,0,LOW,0.0,0.3938877314780996,0,LOW,0.0
1015,0,0,LOW,0.0,0.07381237384944273,0,LOW,0.0
1016,0,0,LOW,0.0,0.04018177813446559,0,LOW,0.0
1017,0,0,LOW,0.0,0.16497988684358125,0,LOW,0.0
1018,0,10,LOW,0.0,0.3631189085551046,0,LOW,0.0
1019,0,0,LOW,0.0,0.28256787486340984,0,LOW,0.0
1020,0,0,LOW,0.0,0.3678302387271934,0,LOW,0.0
1021,0,0,LOW,0.0,0.31348820928591786,0,LOW,0.0
1022,0,0,LOW,0.0,0.4005593757846422,0,LOW,0.0
1023,0,0,LOW,0.0,0.14849292147504883,0,LOW,0.0
1024,0,0,LOW,0.0,0.29679615323343983,0,LOW,0.0
1025,0,0,LOW,0.0,0.6962059499225475,1,REVIEW,
1026,0,0,LOW,0.0,0.1474186834852396,0,LOW,0.0
1027,0,0,LOW,0.0,0.4268672950383222,0,LOW,0.0
1028,0,0,LOW,0.0,0.0860364231076792,0,LOW,0.0
1029,0,0,LOW,0.0,0.42413615400387333,0,LOW,0.0
1030,0,0,LOW,0.0,0.7916232618315684,1,REVIEW,
1031,0,0,LOW,0.0,0.635083276012869,1,REVIEW,
1032,0,0,LOW,0.0,0.7059903903601583,1,REVIEW,
1033,0,0,LOW,0.0,0.3563880825534944,0,LOW,0.0
1034,0,0,LOW,0.0,0.64502971134555,1,REVIEW,
1035,0,10,LOW,0.0,0.20090271961290826,0,LOW,0.0
1036,0,0,LOW,0.0,0.36128223058037073,0,LOW,0.0
1037,0,0,LOW,0.0,0.12981053230257608,0,LOW,0.0
1038,0,0,LOW,0.0,0.43763486900342013,0,LOW,0.0
1039,0,0,LOW,0.0,0.08339481704718896,0,LOW,0.0
1040,0,0,LOW,0.0,0.727896061825528,1,REVIEW,
1041,0,0,LOW,0.0,0.2883043224089092,0,LOW,0.0
1042,0,0,LOW,0.0,0.6812455041054859,1,REVIEW,
1043,0,0,LOW,0.0,0.5946982814035311,1,REVIEW,
1044,0,0,LOW,0.0,0.10440547466831314,0,LOW,0.0
1045,0,10,LOW,0.0,0.058445584504179915,0,LOW,0.0
1046,0,0,LOW,0.0,0.18523755652238688,0,LOW,0.0
1047,0,0,LOW,0.0,0.02029274878382851,0,LOW,0.0
1048,0,0,LOW,0.0,0.20686134681265583,0,LOW,0.0
1049,0,0,LOW,0.0,0.5344245775241366,1,REVIEW,
1050,0,0,LOW,0.0,0.821293633211534,1,REVIEW,
1051,0,0,LOW,0.0,0.5546280183214537,1,REVIEW,
1052,0,10,LOW,0.0,0.36722254421275174,0,LOW,0.0
1053,0,0,LOW,0.0,0.1269900558997947,0,LOW,0.0
1054,0,0,LOW,0.0,0.606665040610801,1,REVIEW,
1055,0,0,LOW,0.0,0.9107303923806882,1,REVIEW,
1056,0,0,LOW,0.0,0.23954582385419146,0,LOW,0.0
1057,0,0,LOW,0.0,0.40657930230862144,0,LOW,0.0
1058,0,0,LOW,0.0,0.7822449501146256,1,REVIEW,
1059,0,0,LOW,0.0,0.10643488788643898,0,LOW,0.0
1060,0,0,LOW,0.0,0.29501915702287945,0,LOW,0.0
1061,0,0,LOW,0.0,0.3637497152077794,0,LOW,0.0
1062,0,0,LOW,0.0,0.2853024664564169,0,LOW,0.0
1063,0,10,LOW,0.0,0.3806223863980653,0,LOW,0.0
1064,0,0,LOW,0.0,0.043779753196371694,0,LOW,0.0
1065,0,10,LOW,0.0,0.668553372578935,1,REVIEW,
1066,0,0,LOW,0.0,0.48784238785003214,0,LOW,0.0
1067,0,0,LOW,0.0,0.11750665998224318,0,LOW,0.0
1068,0,0,LOW,0.0,0.6527198310016673,1,REVIEW,
1069,0,0,LOW,0.0,0.5601230443944007,1,REVIEW,
1070,0,0,LOW,0.0,0.19619590453189348,0,LOW,0.0
1071,0,0,LOW,0.0,0.5370880136188222,1,REVIEW,
1072,0,0,LOW,0.0,0.7885558326583584,1,REVIEW,
1073,0,0,LOW,0.0,0.6990431950261187,1,REVIEW,
1074,0,0,LOW,0.0,0.761917609278576,1,REVIEW,
1075,0,20,LOW,0.0,0.6978807832493217,1,REVIEW,
1076,0,0,LOW,0.0,0.43795213730963906,0,LOW,0.0
1077,0,0,LOW,0.0,0.5282217731975389,1,REVIEW,
1078,0,0,LOW,0.0,0.1962691011265504,0,LOW,0.0
1079,0,0,LOW,0.0,0.08430094858139815,0,LOW,0.0
1080,0,0,LOW,0.0,0.1027586143723831,0,LOW,0.0
1081,0,0,LOW,0.0,0.20417162483664833,0,LOW,0.0
1082,0,10,LOW,0.0,0.22615856240295015,0,LOW,0.0
1083,0,0,LOW,0.0,0.5064601409934075,1,REVIEW,
1084,0,0,LOW,0.0,0.46023606494548175,0,LOW,0.0
1085,0,0,LOW,0.0,0.20428508654397504,0,LOW,0.0
1086,0,0,LOW,0.0,0.5242307832447872,1,REVIEW,
1087,0,0,LOW,0.0,0.08775611948280689,0,LOW,0.0
1088,0,0,LOW,0.0,0.23127291969684988,0,LOW,0.0
1089,0,0,LOW,0.0,0.259343142859223,0,LOW,0.0
1090,0,0,LOW,0.0,0.7846248506488414,1,REVIEW,
1091,0,0,LOW,0.0,0.8606189495671043,1,REVIEW,
1092,0,10,LOW,0.0,0.2852982167686198,0,LOW,0.0
1093,0,0,LOW,0.0,0.5317957072398073,1,REVIEW,
1094,0,0,LOW,0.0,0.5668143233190529,1,REVIEW,
1095,0,0,LOW,0.0,0.2892402725672126,0,LOW,0.0
1096,0,0,LOW,0.0,0.15792402681085818,0,LOW,0.0
1097,0,0,LOW,0.0,0.010802845400553297,0,LOW,0.0
1098,0,0,LOW,0.0,0.16923079953458503,0,LOW,0.0
1099,0,0,LOW,0.0,0.12465964767632622,0,LOW,0.0
1100,0,0,LOW,0.0,0.42147000440954735,0,LOW,0.0
1101,0,0,LOW,0.0,0.6048061123641405,1,REVIEW,
1102,0,0,LOW,0.0,0.09012049821451737,0,LOW,0.0
1103,0,0,LOW,0.0,0.3708314199380385,0,LOW,0.0
1104,0,0,LOW,0.0,0.5707253039949536,1,REVIEW,
1105,0,0,LOW,0.0,0.4282507391648109,0,LOW,0.0
1106,0,0,LOW,0.0,0.43012541710049124,0,LOW,0.0
1107,0,0,LOW,0.0,0.5300770636116325,1,REVIEW,
1108,0,0,LOW,0.0,0.6238159873058992,1,REVIEW,
1109,0,0,LOW,0.0,0.19394052179068474,0,LOW,0.0
1110,0,0,LOW,0.0,0.12825230516204694,0,LOW,0.0
1111,0,0,LOW,0.0,0.12480050398363911,0,LOW,0.0
1112,0,0,LOW,0.0,0.328331821900552,0,LOW,0.0
1113,0,0,LOW,0.0,0.08782241193416214,0,LOW,0.0
1114,0,0,LOW,0.0,0.049007897044313756,0,LOW,0.0
1115,0,0,LOW,0.0,0.019296497194051552,0,LOW,0.0
1116,0,0,LOW,0.0,0.5133310269925052,1,REVIEW,
1117,0,0,LOW,0.0,0.1223684487955295,0,LOW,0.0
1118,0,0,LOW,0.0,0.06534900714027755,0,LOW,0.0
1119,0,0,LOW,0.0,0.025929772360527223,0,LOW,0.0
1120,0,0,LOW,0.0,0.6885872900341115,1,REVIEW,
1121,0,0,LOW,0.0,0.8287181425039418,1,REVIEW,
1122,0,0,LOW,0.0,0.7394538626524935,1,REVIEW,
1123,0,0,LOW,0.0,0.5372542274497902,1,REVIEW,
1124,0,0,LOW,0.0,0.3427272199319598,0,LOW,0.0
1125,0,0,LOW,0.0,0.010132596398641008,0,LOW,0.0
1126,0,0,LOW,0.0,0.10205386168657309,0,LOW,0.0
1127,0,0,LOW,0.0,0.5889561810608243,1,REVIEW,
1128,0,0,LOW,0.0,0.21464441467714582,0,LOW,0.0
1129,0,0,LOW,0.0,0.4591468906195303,0,LOW,0.0
1130,0,0,LOW,0.0,0.573105997492428,1,REVIEW,
1131,0,0,LOW,0.0,0.06965667885436447,0,LOW,0.0
1132,0,0,LOW,0.0,0.3840771874595963,0,LOW,0.0
1133,0,0,LOW,0.0,0.6735515639558829,1,REVIEW,
1134,0,0,LOW,0.0,0.34359981534886874,0,LOW,0.0
1135,0,0,LOW,0.0,0.025757216785330887,0,LOW,0.0
1136,0,0,LOW,0.0,0.10136890697548408,0,LOW,0.0
1137,0,0,LOW,0.0,0.6093809581537579,1,REVIEW,
1138,0,0,LOW,0.0,0.5105425104278272,1,REVIEW,
1139,0,0,LOW,0.0,0.42121649422580704,0,LOW,0.0
1140,0,0,LOW,0.0,0.09998796373833475,0,LOW,0.0
1141,0,0,LOW,0.0,0.7787305560466173,1,REVIEW,
1142,0,0,LOW,0.0,0.5283968680167802,1,REVIEW,
1143,0,0,LOW,0.0,0.15995468681890063,0,LOW,0.0
1144,0,0,LOW,0.0,0.21264181508116894,0,LOW,0.0
1145,0,0,LOW,0.0,0.4181551695351201,0,LOW,0.0
1146,0,0,LOW,0.0,0.3790393348431197,0,LOW,0.0
1147,0,0,LOW,0.0,0.19612106371966054,0,LOW,0.0
1148,0,0,LOW,0.0,0.7935411333412591,1,REVIEW,
1149,0,0,LOW,0.0,0.18487111540108347,0,LOW,0.0
1150,0,0,LOW,0.0,0.28399842321855073,0,LOW,0.0
1151,0,0,LOW,0.0,0.6083969192425972,1,REVIEW,
1152,0,10,LOW,0.0,0.26727296858147254,0,LOW,0.0
1153,0,0,LOW,0.0,0.23513867051681533,0,LOW,0.0
1154,0,0,LOW,0.0,0.5449829954326781,1,REVIEW,
1155,0,0,LOW,0.0,0.23014214947536907,0,LOW,0.0
1156,0,0,LOW,0.0,0.23643118211712738,0,LOW,0.0
1157,0,0,LOW,0.0,0.5110161649170625,1,REVIEW,
1158,0,0,LOW,0.0,0.3860133800605757,0,LOW,0.0
1159,0,10,LOW,0.0,0.18415434190449337,0,LOW,0.0
1160,0,0,LOW,0.0,0.751900254915646,1,REVIEW,
1161,0,0,LOW,0.0,0.2925963899563431,0,LOW,0.0
1162,0,0,LOW,0.0,0.3315799003480963,0,LOW,0.0
1163,0,0,LOW,0.0,0.1061464259594186,0,LOW,0.0
1164,0,0,LOW,0.0,0.1748280313433016,0,LOW,0.0
1165,0,0,LOW,0.0,0.024427768411380116,0,LOW,0.0
1166,0,0,LOW,0.0,0.2574171541131944,0,LOW,0.0
1167,0,0,LOW,0.0,0.015761156983244838,0,LOW,0.0
1168,0,0,LOW,0.0,0.06359643587168373,0,LOW,0.0
1169,0,0,LOW,0.0,0.34207931000419883,0,LOW,0.0
1170,0,0,LOW,0.0,0.6488375464361867,1,REVIEW,
1171,0,0,LOW,0.0,0.11568275415450195,0,LOW,0.0
1172,0,0,LOW,0.0,0.2811309974166744,0,LOW,0.0
1173,0,0,LOW,0.0,0.3130361573746301,0,LOW,0.0
1174,0,0,LOW,0.0,0.041556383004396784,0,LOW,0.0
1175,0,0,LOW,0.0,0.48667553735053987,0,LOW,0.0
1176,0,0,LOW,0.0,0.24902362683560433,0,LOW,0.0
1177,0,0,LOW,0.0,0.4175720774949355,0,LOW,0.0
1178,0,0,LOW,0.0,0.049129238320696815,0,LOW,0.0
1179,0,0,LOW,0.0,0.040778510645939056,0,LOW,0.0
1180,0,0,LOW,0.0,0.2803973462107867,0,LOW,0.0
1181,0,0,LOW,0.0,0.2625039607360413,0,LOW,0.0
1182,0,0,LOW,0.0,0.3144059819565003,0,LOW,0.0
1183,0,0,LOW,0.0,0.5457173395256044,1,REVIEW,
1184,0,0,LOW,0.0,0.0668133277347305,0,LOW,0.0
1185,0,0,LOW,0.0,0.2639442074091941,0,LOW,0.0
1186,0,0,LOW,0.0,0.07566258958719327,0,LOW,0.0
1187,0,0,LOW,0.0,0.25234189803223883,0,LOW,0.0
1188,0,0,LOW,0.0,0.07156867448461607,0,LOW,0.0
1189,0,0,LOW,0.0,0.46211084727635277,0,LOW,0.0
1190,0,0,LOW,0.0,0.25789386740746284,0,LOW,0.0
1191,0,0,LOW,0.0,0.1243605293766635,0,LOW,0.0
1192,0,0,LOW,0.0,0.2116040639644565,0,LOW,0.0
1193,0,0,LOW,0.0,0.41398443211842506,0,LOW,0.0
1194,0,0,LOW,0.0,0.16537802836103355,0,LOW,0.0
1195,0,0,LOW,0.0,0.014557922739821668,0,LOW,0.0
1196,1,0,LOW,0.0,0.5774002377072592,1,REVIEW,
1197,1,0,LOW,0.0,0.021424388238053975,0,LOW,0.0
1198,1,5,LOW,0.0,0.9371860670678543,1,REVIEW,
1199,1,10,LOW,0.0,0.6039726974520637,1,REVIEW,
1200,1,30,MEDIUM,,0.9465631896815558,1,HIGH,1.0
1201,1,0,LOW,0.0,0.48514471863714104,0,LOW,0.0
1202,1,0,LOW,0.0,0.6697890626373312,1,REVIEW,
1203,1,30,MEDIUM,,0.8262651309558844,1,HIGH,1.0
1204,1,0,LOW,0.0,0.16721510386947405,0,LOW,0.0
1205,1,0,LOW,0.0,0.14039691854955796,0,LOW,0.0
1206,1,10,LOW,0.0,0.4845484825687409,0,LOW,0.0
1207,1,10,LOW,0.0,0.24474795916300418,0,LOW,0.0
1208,1,25,LOW,0.0,0.9569532866094053,1,REVIEW,
1209,1,10,LOW,0.0,0.5336505162543776,1,REVIEW,
1210,1,35,MEDIUM,,0.9936226445609238,1,HIGH,1.0
1211,1,0,LOW,0.0,0.14007995153678648,0,LOW,0.0
1212,1,0,LOW,0.0,0.2683515041702255,0,LOW,0.0
1213,1,15,LOW,0.0,0.6303080429930984,1,REVIEW,
1214,1,10,LOW,0.0,0.7004668337978487,1,REVIEW,
1215,1,30,MEDIUM,,0.8296037001500168,1,HIGH,1.0
1216,1,0,LOW,0.0,0.9574578505696403,1,REVIEW,
1217,1,20,LOW,0.0,0.9857374275231292,1,REVIEW,
1218,1,15,LOW,0.0,0.8833094035783554,1,REVIEW,
1219,1,30,MEDIUM,,0.9781699334813524,1,HIGH,1.0
1220,1,0,LOW,0.0,0.5830302224723002,1,REVIEW,
1221,1,30,MEDIUM,,0.9926874622083081,1,HIGH,1.0
1222,1,0,LOW,0.0,0.7399991455770155,1,REVIEW,
1223,1,30,MEDIUM,,0.9696243456174078,1,HIGH,1.0
1224,1,30,MEDIUM,,0.9559367961894909,1,HIGH,1.0
1225,1,30,MEDIUM,,0.8307148143077014,1,HIGH,1.0
1226,1,35,MEDIUM,,0.9922938638044053,1,HIGH,1.0
1227,1,0,LOW,0.0,0.15751104161248483,0,LOW,0.0
1228,1,0,LOW,0.0,0.6522845774178669,1,REVIEW,
1229,1,0,LOW,0.0,0.13360360084654738,0,LOW,0.0
1230,1,10,LOW,0.0,0.6804185228582273,1,REVIEW,
1231,1,40,MEDIUM,,0.9915066140438649,1,HIGH,1.0
1232,1,0,LOW,0.0,0.7846326952545642,1,REVIEW,
1233,1,20,LOW,0.0,0.9794052163431977,1,REVIEW,
1234,1,10,LOW,0.0,0.9062509948315834,1,REVIEW,
1235,1,0,LOW,0.0,0.5986420393365978,1,REVIEW,
1236,1,0,LOW,0.0,0.32479413147778396,0,LOW,0.0
1237,1,10,LOW,0.0,0.2615963486343124,0,LOW,0.0
1238,1,40,MEDIUM,,0.978147666668253,1,HIGH,1.0
1239,1,0,LOW,0.0,0.035926302224832396,0,LOW,0.0
1240,1,40,MEDIUM,,0.9569942770432427,1,HIGH,1.0
1241,1,0,LOW,0.0,0.042392531317781264,0,LOW,0.0
1242,1,0,LOW,0.0,0.8435956629137941,1,REVIEW,
1243,1,0,LOW,0.0,0.5709089872252668,1,REVIEW,
1244,1,10,LOW,0.0,0.6591722308957509,1,REVIEW,
1245,1,30,MEDIUM,,0.9369998920207467,1,HIGH,1.0
1246,1,0,LOW,0.0,0.6303014754397822,1,REVIEW,
1247,1,40,MEDIUM,,0.9910470793707424,1,HIGH,1.0
1248,1,0,LOW,0.0,0.4261585361725036,0,LOW,0.0
1249,1,40,MEDIUM,,0.9837257741404846,1,HIGH,1.0
1250,1,20,LOW,0.0,0.7310317220443555,1,REVIEW,
1251,1,40,MEDIUM,,0.9840895888834064,1,HIGH,1.0
1252,1,10,LOW,0.0,0.7367261619097409,1,REVIEW,
1253,1,30,MEDIUM,,0.6619121817451342,1,HIGH,1.0
1254,1,20,LOW,0.0,0.029054527927337287,0,LOW,0.0
1255,1,0,LOW,0.0,0.226079712744038,0,LOW,0.0
1256,1,35,MEDIUM,,0.926688960211754,1,HIGH,1.0
1257,1,0,LOW,0.0,0.025941417932117253,0,LOW,0.0
1258,1,0,LOW,0.0,0.5253444213484841,1,REVIEW,
1259,1,10,LOW,0.0,0.4721891932333198,0,LOW,0.0
1260,1,0,LOW,0.0,0.6823104911855093,1,REVIEW,
1261,1,5,LOW,0.0,0.8471381231009284,1,REVIEW,
1262,1,0,LOW,0.0,0.16119918475867795,0,LOW,0.0
1263,1,0,LOW,0.0,0.6878555604896743,1,REVIEW,
1264,1,0,LOW,0.0,0.4510462287502085,0,LOW,0.0
1265,1,40,MEDIUM,,0.9785361458985838,1,HIGH,1.0
1266,1,0,LOW,0.0,0.8046136098100076,1,REVIEW,
1267,1,30,MEDIUM,,0.9937466209422287,1,HIGH,1.0
1268,1,20,LOW,0.0,0.15809091543836187,0,LOW,0.0
1269,1,0,LOW,0.0,0.8343465975262419,1,REVIEW,
1270,1,0,LOW,0.0,0.5442662161967438,1,REVIEW,
1271,1,10,LOW,0.0,0.19620421841994912,0,LOW,0.0
1272,1,0,LOW,0.0,0.8320140593025329,1,REVIEW,
1273,1,30,MEDIUM,,0.9497756678285788,1,HIGH,1.0
1274,1,0,LOW,0.0,0.2451655991356719,0,LOW,0.0
1275,1,10,LOW,0.0,0.7262955861889997,1,REVIEW,
1276,1,0,LOW,0.0,0.7031911162591634,1,REVIEW,
1277,1,10,LOW,0.0,0.9248644888878403,1,REVIEW,
1278,1,40,MEDIUM,,0.9713755329485442,1,HIGH,1.0
1279,1,0,LOW,0.0,0.9489693938580227,1,REVIEW,
1280,1,30,MEDIUM,,0.9778604734733658,1,HIGH,1.0
1281,1,30,MEDIUM,,0.518457915909525,1,HIGH,1.0
1282,1,40,MEDIUM,,0.9844119959194676,1,HIGH,1.0
1283,1,30,MEDIUM,,0.9865353369900957,1,HIGH,1.0
1284,1,0,LOW,0.0,0.7089145257848533,1,REVIEW,
1285,1,30,MEDIUM,,0.9879270245191546,1,HIGH,1.0
1286,1,0,LOW,0.0,0.731928537352481,1,REVIEW,
1287,1,10,LOW,0.0,0.9573027348984631,1,REVIEW,
1288,1,20,LOW,0.0,0.2133125110068617,0,LOW,0.0
1289,1,0,LOW,0.0,0.6148064363135618,1,REVIEW,
1290,1,0,LOW,0.0,0.21426663068829782,0,LOW,0.0
1291,1,10,LOW,0.0,0.6611740488387279,1,REVIEW,
1292,1,40,MEDIUM,,0.9893818428602071,1,HIGH,1.0
1293,1,20,LOW,0.0,0.21328212000685745,0,LOW,0.0
1294,1,0,LOW,0.0,0.7720145150718708,1,REVIEW,
1295,1,0,LOW,0.0,0.3238627697749496,0,LOW,0.0
1296,1,30,MEDIUM,,0.94438538995277,1,HIGH,1.0
1297,1,20,LOW,0.0,0.04870846608805464,0,LOW,0.0
1298,1,0,LOW,0.0,0.7407212927689469,1,REVIEW,
1299,1,0,LOW,0.0,0.06784353069095901,0,LOW,0.0
1300,1,30,MEDIUM,,0.9044645445254894,1,HIGH,1.0
1301,1,0,LOW,0.0,0.724109308245257,1,REVIEW,
1302,1,10,LOW,0.0,0.9300295571532003,1,REVIEW,
1303,1,0,LOW,0.0,0.6839325815960576,1,REVIEW,
1304,1,35,MEDIUM,,0.9905258114497579,1,HIGH,1.0
1305,1,5,LOW,0.0,0.8659618198432972,1,REVIEW,
1306,1,0,LOW,0.0,0.09793597313158137,0,LOW,0.0
1307,1,0,LOW,0.0,0.053381302471306534,0,LOW,0.0
1308,1,10,LOW,0.0,0.7690437024706172,1,REVIEW,
1309,1,20,LOW,0.0,0.9779676278535067,1,REVIEW,
1310,1,10,LOW,0.0,0.9816848686356193,1,REVIEW,
1311,1,10,LOW,0.0,0.35261676077355497,0,LOW,0.0
1312,1,0,LOW,0.0,0.22016678620301156,0,LOW,0.0
1313,1,30,MEDIUM,,0.988247411216794,1,HIGH,1.0
1314,1,20,LOW,0.0,0.8985600938695508,1,REVIEW,
1315,1,0,LOW,0.0,0.9793932407622244,1,REVIEW,
1316,1,0,LOW,0.0,0.3770383352437447,0,LOW,0.0
1317,1,0,LOW,0.0,0.42397327952358144,0,LOW,0.0
1318,1,30,MEDIUM,,0.9952275325721407,1,HIGH,1.0
1319,1,0,LOW,0.0,0.41075287660254167,0,LOW,0.0
1320,1,10,LOW,0.0,0.6003692542052573,1,REVIEW,
1321,1,30,MEDIUM,,0.9480175748225341,1,HIGH,1.0
1322,1,0,LOW,0.0,0.9526014361181415,1,REVIEW,
1323,1,10,LOW,0.0,0.7107429046459957,1,REVIEW,
1324,1,25,LOW,0.0,0.9640955865669664,1,REVIEW,
1325,1,0,LOW,0.0,0.6490717494005028,1,REVIEW,
1326,1,0,LOW,0.0,0.7411707879254016,1,REVIEW,
1327,1,0,LOW,0.0,0.8732597078172929,1,REVIEW,
1328,1,10,LOW,0.0,0.96839861449888,1,REVIEW,
1329,1,25,LOW,0.0,0.07001976057928752,0,LOW,0.0
1330,1,0,LOW,0.0,0.1456817781503173,0,LOW,0.0
1331,1,10,LOW,0.0,0.25922164204255704,0,LOW,0.0
1332,1,10,LOW,0.0,0.7466101761397795,1,REVIEW,
1333,1,30,MEDIUM,,0.9544520016992399,1,HIGH,1.0
1334,1,30,MEDIUM,,0.8781322191169095,1,HIGH,1.0
1335,1,0,LOW,0.0,0.3987812984163195,0,LOW,0.0
1336,1,40,MEDIUM,,0.9869371051714931,1,HIGH,1.0
1337,1,10,LOW,0.0,0.5954829137659975,1,REVIEW,
1338,1,30,MEDIUM,,0.9618013210779764,1,HIGH,1.0
1339,1,0,LOW,0.0,0.9457678832031564,1,REVIEW,
1340,1,0,LOW,0.0,0.7739285778489858,1,REVIEW,
1341,1,20,LOW,0.0,0.709868095690597,1,REVIEW,
1342,1,30,MEDIUM,,0.9769246447681104,1,HIGH,1.0
1343,1,0,LOW,0.0,0.7701692605365797,1,REVIEW,
1344,1,20,LOW,0.0,0.8983231859116557,1,REVIEW,
1345,1,0,LOW,0.0,0.06651483795680642,0,LOW,0.0
1346,1,0,LOW,0.0,0.21499635318019128,0,LOW,0.0
1347,1,10,LOW,0.0,0.14220506299477673,0,LOW,0.0
1348,1,35,MEDIUM,,0.9822099061968068,1,HIGH,1.0
1349,1,20,LOW,0.0,0.10741563893884314,0,LOW,0.0
1350,1,0,LOW,0.0,0.686544190866152,1,REVIEW,
1351,1,0,LOW,0.0,0.031890718439158326,0,LOW,0.0
1352,1,10,LOW,0.0,0.37960492314574257,0,LOW,0.0
1353,1,30,MEDIUM,,0.9944286180390873,1,HIGH,1.0
1354,1,15,LOW,0.0,0.2529136022951041,0,LOW,0.0
1355,1,0,LOW,0.0,0.6638053460232372,1,REVIEW,
1356,1,0,LOW,0.0,0.02489299864681757,0,LOW,0.0
1357,1,10,LOW,0.0,0.7381729047177575,1,REVIEW,
1358,1,35,MEDIUM,,0.964818270724279,1,HIGH,1.0
1359,1,30,MEDIUM,,0.6477313177410879,1,HIGH,1.0
1360,1,0,LOW,0.0,0.5289213289201574,1,REVIEW,
1361,1,20,LOW,0.0,0.843266528157066,1,REVIEW,
1362,1,10,LOW,0.0,0.3358973088417955,0,LOW,0.0
1363,1,35,MEDIUM,,0.9970477427922266,1,HIGH,1.0
1364,1,20,LOW,0.0,0.48408814449750437,0,LOW,0.0
1365,1,20,LOW,0.0,0.9637679563348542,1,REVIEW,
1366,1,0,LOW,0.0,0.7637866932017562,1,REVIEW,
1367,1,20,LOW,0.0,0.5652208699533516,1,REVIEW,
1368,1,0,LOW,0.0,0.08282016253841307,0,LOW,0.0
1369,1,0,LOW,0.0,0.42237874316569585,0,LOW,0.0
1370,1,30,MEDIUM,,0.9421798647240278,1,HIGH,1.0
1371,1,25,LOW,0.0,0.10701151653994136,0,LOW,0.0
1372,1,10,LOW,0.0,0.43679326294803406,0,LOW,0.0
1373,1,0,LOW,0.0,0.6078870611128591,1,REVIEW,
1374,1,10,LOW,0.0,0.41812168199333466,0,LOW,0.0
1375,1,30,MEDIUM,,0.971451112997929,1,HIGH,1.0
1376,1,20,LOW,0.0,0.01004874813897681,0,LOW,0.0
1377,1,15,LOW,0.0,0.7063052775982117,1,REVIEW,
1378,1,0,LOW,0.0,0.013314286253506983,0,LOW,0.0
1379,1,10,LOW,0.0,0.778810911274277,1,REVIEW,
1380,1,0,LOW,0.0,0.8854239139797272,1,REVIEW,
1381,1,35,MEDIUM,,0.9970424313015265,1,HIGH,1.0
1382,1,0,LOW,0.0,0.8033080871853758,1,REVIEW,
1383,1,30,MEDIUM,,0.9559884171526042,1,HIGH,1.0
1384,1,0,LOW,0.0,0.1258393407580638,0,LOW,0.0
1385,1,0,LOW,0.0,0.036463303541588665,0,LOW,0.0
1386,1,20,LOW,0.0,0.956628569488655,1,REVIEW,
1387,1,10,LOW,0.0,0.3672136573320034,0,LOW,0.0
1388,1,30,MEDIUM,,0.8640578780308847,1,HIGH,1.0
1389,1,20,LOW,0.0,0.060401735693766126,0,LOW,0.0
1390,1,0,LOW,0.0,0.22197282643363395,0,LOW,0.0
1391,1,30,MEDIUM,,0.5405702782356386,1,HIGH,1.0
1392,1,30,MEDIUM,,0.9516037617192026,1,HIGH,1.0
1393,1,0,LOW,0.0,0.8549997267376043,1,REVIEW,
1394,1,0,LOW,0.0,0.10318985492545803,0,LOW,0.0
1395,1,35,MEDIUM,,0.9843548586864258,1,HIGH,1.0
1396,1,0,LOW,0.0,0.12912232214991756,0,LOW,0.0
1397,1,5,LOW,0.0,0.9935014207951566,1,REVIEW,
1398,1,0,LOW,0.0,0.06385946430020142,0,LOW,0.0
1399,1,0,LOW,0.0,0.27697708628657347,0,LOW,0.0
1400,1,35,MEDIUM,,0.9883506518602571,1,HIGH,1.0
1401,1,10,LOW,0.0,0.537141359914789,1,REVIEW,
1402,1,20,LOW,0.0,0.948765166678927,1,REVIEW,
1403,1,20,LOW,0.0,0.24331933366065822,0,LOW,0.0
1404,1,10,LOW,0.0,0.3271896678949644,0,LOW,0.0
1405,1,20,LOW,0.0,0.2292580721083758,0,LOW,0.0
1406,1,20,LOW,0.0,0.8960995085788431,1,REVIEW,
1407,1,0,LOW,0.0,0.754735190324262,1,REVIEW,
1408,1,10,LOW,0.0,0.7211287239491261,1,REVIEW,
1409,1,0,LOW,0.0,0.03319596713520713,0,LOW,0.0
1410,1,0,LOW,0.0,0.011969004351172248,0,LOW,0.0
1411,1,5,LOW,0.0,0.8370379361740672,1,REVIEW,
1412,1,0,LOW,0.0,0.7958443399552472,1,REVIEW,
1413,1,40,MEDIUM,,0.9957011850018739,1,HIGH,1.0
1414,1,0,LOW,0.0,0.04081472808322909,0,LOW,0.0
1415,1,30,MEDIUM,,0.9859557624566295,1,HIGH,1.0
1416,1,30,MEDIUM,,0.9922263887963568,1,HIGH,1.0
1417,1,10,LOW,0.0,0.6692996195293477,1,REVIEW,
1418,1,0,LOW,0.0,0.1621533232607468,0,LOW,0.0
1419,1,35,MEDIUM,,0.9873812826887778,1,HIGH,1.0
1420,1,20,LOW,0.0,0.42540516629996133,0,LOW,0.0
1421,1,35,MEDIUM,,0.9978530101409175,1,HIGH,1.0
1422,1,40,MEDIUM,,0.9329809026150213,1,HIGH,1.0
1423,1,0,LOW,0.0,0.12245230586857121,0,LOW,0.0
1424,1,20,LOW,0.0,0.9061628529341941,1,REVIEW,
1425,1,35,MEDIUM,,0.9932893630846166,1,HIGH,1.0
1426,1,20,LOW,0.0,0.9879114702629919,1,REVIEW,
1427,1,0,LOW,0.0,0.2515901773484104,0,LOW,0.0
1428,1,30,MEDIUM,,0.9464153815448818,1,HIGH,1.0
1429,1,0,LOW,0.0,0.6747792140964007,1,REVIEW,
1430,1,15,LOW,0.0,0.8960716805224912,1,REVIEW,
1431,1,0,LOW,0.0,0.26224957639727026,0,LOW,0.0
1432,1,20,LOW,0.0,0.10158529701648912,0,LOW,0.0
1433,1,20,LOW,0.0,0.6050854437965826,1,REVIEW,
1434,1,40,MEDIUM,,0.9662631614410819,1,HIGH,1.0
1435,1,20,LOW,0.0,0.2796581772188505,0,LOW,0.0
1436,1,40,MEDIUM,,0.9894400496772179,1,HIGH,1.0
1437,1,0,LOW,0.0,0.08739213157948138,0,LOW,0.0
1438,1,0,LOW,0.0,0.20089375818794386,0,LOW,0.0
1439,1,10,LOW,0.0,0.41751967085326086,0,LOW,0.0
1440,1,0,LOW,0.0,0.7442068083391497,1,REVIEW,
1441,1,30,MEDIUM,,0.9533488052353033,1,HIGH,1.0
1442,1,20,LOW,0.0,0.17306907091124768,0,LOW,0.0
1443,1,0,LOW,0.0,0.15464444996301444,0,LOW,0.0
1444,1,0,LOW,0.0,0.7706486680256687,1,REVIEW,
1445,1,20,LOW,0.0,0.9482934393123089,1,REVIEW,
1446,1,10,LOW,0.0,0.8153714616338427,1,REVIEW,
1447,1,10,LOW,0.0,0.89757003880117,1,REVIEW,
1448,1,0,LOW,0.0,0.43702332581347864,0,LOW,0.0
1449,1,30,MEDIUM,,0.850201975670194,1,HIGH,1.0
1450,1,10,LOW,0.0,0.49535747729848695,0,LOW,0.0
1451,1,5,LOW,0.0,0.8858308663794557,1,REVIEW,
1452,1,20,LOW,0.0,0.8257021204028451,1,REVIEW,
1453,1,0,LOW,0.0,0.2986090532344153,0,LOW,0.0
1454,1,20,LOW,0.0,0.9427370241072145,1,REVIEW,
1455,1,0,LOW,0.0,0.2850256681682147,0,LOW,0.0
1456,1,0,LOW,0.0,0.2249532944398687,0,LOW,0.0
1457,1,45,MEDIUM,,0.9940092072017515,1,HIGH,1.0
1458,1,30,MEDIUM,,0.9900317776755401,1,HIGH,1.0
1459,1,20,LOW,0.0,0.6777310476013765,1,REVIEW,
1460,1,20,LOW,0.0,0.07265009406373636,0,LOW,0.0
1461,1,0,LOW,0.0,0.5462364608119725,1,REVIEW,
1462,1,35,MEDIUM,,0.9943304623303754,1,HIGH,1.0
1463,1,0,LOW,0.0,0.584081422811551,1,REVIEW,
1464,1,0,LOW,0.0,0.19518169182654804,0,LOW,0.0
1465,1,10,LOW,0.0,0.4489947690010961,0,LOW,0.0
1466,1,30,MEDIUM,,0.9963698492956379,1,HIGH,1.0
1467,1,20,LOW,0.0,0.4190260126302006,0,LOW,0.0
1468,1,35,MEDIUM,,0.9981169853747167,1,HIGH,1.0
1469,1,20,LOW,0.0,0.5040596202193948,1,REVIEW,
1470,1,10,LOW,0.0,0.6639245537570445,1,REVIEW,
1471,1,0,LOW,0.0,0.3728843908305754,0,LOW,0.0
1472,1,10,LOW,0.0,0.31940853489911597,0,LOW,0.0
1473,1,30,MEDIUM,,0.9741366169787204,1,HIGH,1.0
1474,1,0,LOW,0.0,0.7060467672100451,1,REVIEW,
1475,1,35,MEDIUM,,0.8711550606834664,1,HIGH,1.0
1476,1,0,LOW,0.0,0.05539998834622734,0,LOW,0.0
1477,1,0,LOW,0.0,0.6864345180931323,1,REVIEW,
1478,1,30,MEDIUM,,0.6578220092507352,1,HIGH,1.0
1479,1,30,MEDIUM,,0.9882859997004366,1,HIGH,1.0
1480,1,0,LOW,0.0,0.5537458005046244,1,REVIEW,
1481,1,30,MEDIUM,,0.9807283463109172,1,HIGH,1.0
1482,1,0,LOW,0.0,0.7968584579462596,1,REVIEW,
1483,1,35,MEDIUM,,0.987524437409701,1,HIGH,1.0
1484,1,25,LOW,0.0,0.9874687057881938,1,REVIEW,
1485,1,5,LOW,0.0,0.8148453871595518,1,REVIEW,
1486,1,30,MEDIUM,,0.91920964861083,1,HIGH,1.0
1487,1,40,MEDIUM,,0.9677014458578104,1,HIGH,1.0
1488,1,10,LOW,0.0,0.6766089123433746,1,REVIEW,
1489,1,30,MEDIUM,,0.9498970467443257,1,HIGH,1.0
1490,1,0,LOW,0.0,0.21497866872022023,0,LOW,0.0
1491,1,0,LOW,0.0,0.26378003734435507,0,LOW,0.0
1492,1,0,LOW,0.0,0.029478234132359518,0,LOW,0.0
1493,1,10,LOW,0.0,0.6443188447162479,1,REVIEW,
1494,1,30,MEDIUM,,0.9710195122014751,1,HIGH,1.0
1495,1,0,LOW,0.0,0.535374856559761,1,REVIEW,
1496,1,35,MEDIUM,,0.7999887116402576,1,HIGH,1.0
1497,1,0,LOW,0.0,0.2743566443239544,0,LOW,0.0
1498,1,0,LOW,0.0,0.21269939721508357,0,LOW,0.0
1499,1,10,LOW,0.0,0.0632796846042707,0,LOW,0.0
1500,1,30,MEDIUM,,0.9723095543154093,1,HIGH,1.0
1501,1,0,LOW,0.0,0.02779212470453402,0,LOW,0.0
1502,1,0,LOW,0.0,0.45057108060595064,0,LOW,0.0
1503,1,0,LOW,0.0,0.7595520872556623,1,REVIEW,
1504,1,0,LOW,0.0,0.742447575112132,1,REVIEW,
1505,1,40,MEDIUM,,0.958447127121903,1,HIGH,1.0
1506,1,20,LOW,0.0,0.26245828983883995,0,LOW,0.0
1507,1,0,LOW,0.0,0.3123885443174946,0,LOW,0.0
1508,1,0,LOW,0.0,0.14273223014692704,0,LOW,0.0
1509,1,10,LOW,0.0,0.804881348174488,1,REVIEW,
1510,1,0,LOW,0.0,0.13659465441269347,0,LOW,0.0
1511,1,0,LOW,0.0,0.2968592058080498,0,LOW,0.0
1512,1,40,MEDIUM,,0.9767321396473924,1,HIGH,1.0
1513,1,20,LOW,0.0,0.7878324635920174,1,REVIEW,
1514,1,30,MEDIUM,,0.9012638197015583,1,HIGH,1.0
1515,1,0,LOW,0.0,0.25556566705609296,0,LOW,0.0
1516,1,30,MEDIUM,,0.9568980547688712,1,HIGH,1.0
1517,1,25,LOW,0.0,0.9911390573184129,1,REVIEW,
1518,1,0,LOW,0.0,0.7481942168223228,1,REVIEW,
1519,1,25,LOW,0.0,0.987649671634333,1,REVIEW,
1520,1,0,LOW,0.0,0.9759066453235624,1,REVIEW,
1521,1,30,MEDIUM,,0.976989458792536,1,HIGH,1.0
1522,1,0,LOW,0.0,0.14477306655074113,0,LOW,0.0
1523,1,30,MEDIUM,,0.978915583326264,1,HIGH,1.0
1524,1,0,LOW,0.0,0.10041933615305669,0,LOW,0.0
1525,1,10,LOW,0.0,0.3806262349263785,0,LOW,0.0
1526,1,30,MEDIUM,,0.992349483172554,1,HIGH,1.0
1527,1,0,LOW,0.0,0.6323910154543856,1,REVIEW,
1528,1,30,MEDIUM,,0.7820957869982966,1,HIGH,1.0
1529,1,35,MEDIUM,,0.9897979983704014,1,HIGH,1.0
1530,1,10,LOW,0.0,0.6605881848256208,1,REVIEW,
1531,1,0,LOW,0.0,0.19529250519776895,0,LOW,0.0
1532,1,10,LOW,0.0,0.9930398807892067,1,REVIEW,
1533,1,0,LOW,0.0,0.5216528933703497,1,REVIEW,
1534,1,35,MEDIUM,,0.9938485987354602,1,HIGH,1.0
1535,1,0,LOW,0.0,0.7478764765356801,1,REVIEW,
1536,1,5,LOW,0.0,0.8486770467774005,1,REVIEW,
1537,1,30,MEDIUM,,0.9891407078390032,1,HIGH,1.0
1538,1,5,LOW,0.0,0.9758792602273485,1,REVIEW,
1539,1,0,LOW,0.0,0.15815426061660434,0,LOW,0.0
1540,1,30,MEDIUM,,0.9568570129978736,1,HIGH,1.0
1541,1,10,LOW,0.0,0.6512241129675767,1,REVIEW,
1542,1,0,LOW,0.0,0.41812127347205996,0,LOW,0.0
1543,1,45,MEDIUM,,0.9785722311187786,1,HIGH,1.0
1544,1,20,LOW,0.0,0.2863487963609976,0,LOW,0.0
1545,1,0,LOW,0.0,0.4355813176829104,0,LOW,0.0
1546,1,15,LOW,0.0,0.9737200510194991,1,REVIEW,
1547,1,0,LOW,0.0,0.5165840089876148,1,REVIEW,
1548,1,0,LOW,0.0,0.054020914295672844,0,LOW,0.0
1549,1,0,LOW,0.0,0.7091974871264617,1,REVIEW,
1550,1,10,LOW,0.0,0.6798362464450232,1,REVIEW,
1551,1,10,LOW,0.0,0.5588704667375954,1,REVIEW,
1552,1,35,MEDIUM,,0.9957642256891069,1,HIGH,1.0
1553,1,0,LOW,0.0,0.5346080887807617,1,REVIEW,
1554,1,30,MEDIUM,,0.9291795554914085,1,HIGH,1.0
1555,1,0,LOW,0.0,0.5012387972358444,1,REVIEW,
1556,1,10,LOW,0.0,0.8234486216671937,1,REVIEW,
1557,1,30,MEDIUM,,0.9553736562662912,1,HIGH,1.0
1558,1,40,MEDIUM,,0.9911063587072465,1,HIGH,1.0
1559,1,0,LOW,0.0,0.32855144821823035,0,LOW,0.0
1560,1,0,LOW,0.0,0.7720805839151832,1,REVIEW,
1561,1,10,LOW,0.0,0.6238878600034026,1,REVIEW,
1562,1,20,LOW,0.0,0.9580212309148153,1,REVIEW,
1563,1,5,LOW,0.0,0.9177031706196362,1,REVIEW,
1564,1,40,MEDIUM,,0.997077215765149,1,HIGH,1.0
1565,1,20,LOW,0.0,0.5179980036683414,1,REVIEW,
1566,1,15,LOW,0.0,0.9158359977038593,1,REVIEW,
1567,1,30,MEDIUM,,0.9982078468530914,1,HIGH,1.0
1568,1,0,LOW,0.0,0.592664623703785,1,REVIEW,
1569,1,40,MEDIUM,,0.9778851352705487,1,HIGH,1.0
1570,1,0,LOW,0.0,0.6310568865981452,1,REVIEW,
1571,1,0,LOW,0.0,0.4053121067479874,0,LOW,0.0
1572,1,30,MEDIUM,,0.9635069828254966,1,HIGH,1.0
1573,1,10,LOW,0.0,0.5944547979887891,1,REVIEW,
1574,1,45,MEDIUM,,0.9787101010586843,1,HIGH,1.0
1575,1,10,LOW,0.0,0.14820127606133066,0,LOW,0.0
1576,1,20,LOW,0.0,0.1138027076378868,0,LOW,0.0
1577,1,10,LOW,0.0,0.7448748717804367,1,REVIEW,
1578,1,25,LOW,0.0,0.9226526919347933,1,REVIEW,
1579,1,0,LOW,0.0,0.34416885691570437,0,LOW,0.0
1580,1,0,LOW,0.0,0.10184519682149296,0,LOW,0.0
1581,1,0,LOW,0.0,0.40364494581707944,0,LOW,0.0
1582,1,5,LOW,0.0,0.9635539628841423,1,REVIEW,
1583,1,0,LOW,0.0,0.08563712489318233,0,LOW,0.0
1584,1,0,LOW,0.0,0.44794759591517086,0,LOW,0.0
1585,1,0,LOW,0.0,0.04177977181341512,0,LOW,0.0
1586,1,30,MEDIUM,,0.7575298761802218,1,HIGH,1.0
1587,1,40,MEDIUM,,0.9493458598582013,1,HIGH,1.0
1588,1,20,LOW,0.0,0.4732291352418451,0,LOW,0.0
1589,1,0,LOW,0.0,0.4033425000001557,0,LOW,0.0
1590,1,0,LOW,0.0,0.19117622228720585,0,LOW,0.0
1591,1,10,LOW,0.0,0.9666607990811468,1,REVIEW,
1592,1,30,MEDIUM,,0.9379335244419026,1,HIGH,1.0
1593,1,30,MEDIUM,,0.967774523087234,1,HIGH,1.0
1594,1,5,LOW,0.0,0.8359010893750377,1,REVIEW,
1595,1,40,MEDIUM,,0.9371502585539351,1,HIGH,1.0
1596,1,5,LOW,0.0,0.2533797918085525,0,LOW,0.0
1597,1,0,LOW,0.0,0.6552369691457943,1,REVIEW,
1598,1,0,LOW,0.0,0.37598121365411236,0,LOW,0.0
1599,1,10,LOW,0.0,0.6321391353334057,1,REVIEW,
1600,1,30,MEDIUM,,0.9597757744430158,1,HIGH,1.0
1601,1,20,LOW,0.0,0.4798158062658695,0,LOW,0.0
1602,1,0,LOW,0.0,0.5050559163682244,1,REVIEW,
1603,1,40,MEDIUM,,0.991559848153774,1,HIGH,1.0
1604,1,30,MEDIUM,,0.07470754101632937,0,REVIEW,
1605,1,10,LOW,0.0,0.4315521388807859,0,LOW,0.0
1606,1,0,LOW,0.0,0.041408718433251564,0,LOW,0.0
1607,1,25,LOW,0.0,0.9665614943771234,1,REVIEW,
1608,1,10,LOW,0.0,0.583133487156896,1,REVIEW,
1609,1,30,MEDIUM,,0.83850895775488,1,HIGH,1.0
1610,1,35,MEDIUM,,0.9921830413130915,1,HIGH,1.0
1611,1,20,LOW,0.0,0.603011613628386,1,REVIEW,
1612,1,10,LOW,0.0,0.27711281465797066,0,LOW,0.0
1613,1,0,LOW,0.0,0.101836750148508,0,LOW,0.0
1614,1,10,LOW,0.0,0.5135757934377343,1,REVIEW,
1615,1,0,LOW,0.0,0.36422912531273305,0,LOW,0.0
1616,1,0,LOW,0.0,0.38555750508842096,0,LOW,0.0
1617,1,0,LOW,0.0,0.2214159137421766,0,LOW,0.0
1618,1,35,MEDIUM,,0.9967096812354573,1,HIGH,1.0
1619,1,20,LOW,0.0,0.5848879393864087,1,REVIEW,
1620,1,10,LOW,0.0,0.11354167832273687,0,LOW,0.0
1621,1,10,LOW,0.0,0.6109036866038648,1,REVIEW,
1622,1,30,MEDIUM,,0.2597451967562899,0,REVIEW,
1623,1,45,MEDIUM,,0.9918909209016613,1,HIGH,1.0
1624,1,20,LOW,0.0,0.16351183725062304,0,LOW,0.0
1625,1,10,LOW,0.0,0.9051890818538777,1,REVIEW,
1626,1,0,LOW,0.0,0.27437911897213435,0,LOW,0.0
1627,1,10,LOW,0.0,0.505787231546505,1,REVIEW,
1628,1,30,MEDIUM,,0.9786829341264168,1,HIGH,1.0
1629,1,5,LOW,0.0,0.4755995210499529,0,LOW,0.0
1630,1,10,LOW,0.0,0.3874789222910545,0,LOW,0.0
1631,1,0,LOW,0.0,0.06775965367399558,0,LOW,0.0
1632,1,10,LOW,0.0,0.13947351295794524,0,LOW,0.0
1633,1,30,MEDIUM,,0.9879758932380958,1,HIGH,1.0
1634,1,0,LOW,0.0,0.9357915695075791,1,REVIEW,
1635,1,0,LOW,0.0,0.07948151772128909,0,LOW,0.0
1636,1,30,MEDIUM,,0.5901676954590143,1,HIGH,1.0
1637,1,20,LOW,0.0,0.9304246203135009,1,REVIEW,
1638,1,20,LOW,0.0,0.6482116950271888,1,REVIEW,
1639,1,5,LOW,0.0,0.9246940489162729,1,REVIEW,
1640,1,0,LOW,0.0,0.38038641758013714,0,LOW,0.0
1641,1,10,LOW,0.0,0.9137610931183019,1,REVIEW,
1642,1,20,LOW,0.0,0.8917712384920595,1,REVIEW,
1643,1,0,LOW,0.0,0.3715040821733685,0,LOW,0.0
1644,1,0,LOW,0.0,0.3664410173763694,0,LOW,0.0
1645,1,10,LOW,0.0,0.26109841363940595,0,LOW,0.0
1646,1,10,LOW,0.0,0.8316327716202917,1,REVIEW,
1647,1,40,MEDIUM,,0.9851320210473979,1,HIGH,1.0
1648,1,30,MEDIUM,,0.44184074975331156,0,REVIEW,
1649,1,0,LOW,0.0,0.7529584081247772,1,REVIEW,
1650,1,0,LOW,0.0,0.2612489980092024,0,LOW,0.0
1651,1,10,LOW,0.0,0.6801844924065887,1,REVIEW,
1652,1,15,LOW,0.0,0.9723195994166346,1,REVIEW,
1653,1,0,LOW,0.0,0.4113515266185586,0,LOW,0.0
1654,1,0,LOW,0.0,0.7512761378976299,1,REVIEW,
1655,1,0,LOW,0.0,0.25230324865956955,0,LOW,0.0
1656,1,20,LOW,0.0,0.8984179189828525,1,REVIEW,
1657,1,20,LOW,0.0,0.3029617894796075,0,LOW,0.0
1658,1,25,LOW,0.0,0.8236770378717747,1,REVIEW,
1659,1,0,LOW,0.0,0.006578441299869015,0,LOW,0.0
1660,1,25,LOW,0.0,0.8529433275668168,1,REVIEW,
1661,1,15,LOW,0.0,0.9465747381565688,1,REVIEW,
1662,1,0,LOW,0.0,0.5024745650455397,1,REVIEW,
1663,1,30,MEDIUM,,0.4049748689105775,0,REVIEW,
1664,1,30,MEDIUM,,0.9943182081088404,1,HIGH,1.0
1665,1,20,LOW,0.0,0.555388661985247,1,REVIEW,
1666,1,0,LOW,0.0,0.043149273615693755,0,LOW,0.0
1667,1,15,LOW,0.0,0.8844977221293369,1,REVIEW,
1668,1,30,MEDIUM,,0.739220725076064,1,HIGH,1.0
1669,1,25,LOW,0.0,0.9737068858075597,1,REVIEW,
1670,1,10,LOW,0.0,0.35042616747351774,0,LOW,0.0
1671,1,10,LOW,0.0,0.7947892326491662,1,REVIEW,
1672,1,0,LOW,0.0,0.4797174217997346,0,LOW,0.0
1673,1,10,LOW,0.0,0.4771708767997074,0,LOW,0.0
1674,1,25,LOW,0.0,0.9878381267682689,1,REVIEW,
1675,1,0,LOW,0.0,0.5880289179644953,1,REVIEW,
1676,1,30,MEDIUM,,0.9871899469558307,1,HIGH,1.0
1677,1,0,LOW,0.0,0.6447056835374418,1,REVIEW,
1678,1,0,LOW,0.0,0.5251295138191692,1,REVIEW,
1679,1,0,LOW,0.0,0.06268855042256725,0,LOW,0.0
1680,1,30,MEDIUM,,0.5499485785575605,1,HIGH,1.0
1681,1,30,MEDIUM,,0.9362304022915237,1,HIGH,1.0
1682,1,20,LOW,0.0,0.025984248782601662,0,LOW,0.0
1683,1,0,LOW,0.0,0.8244422293912107,1,REVIEW,
1684,1,0,LOW,0.0,0.4289833498161763,0,LOW,0.0
1685,1,30,MEDIUM,,0.9791032374440652,1,HIGH,1.0
1686,1,0,LOW,0.0,0.6653224133216245,1,REVIEW,
1687,1,30,MEDIUM,,0.9673920222286796,1,HIGH,1.0
1688,1,0,LOW,0.0,0.7973517957286724,1,REVIEW,
1689,1,20,LOW,0.0,0.6973958190086966,1,REVIEW,
1690,1,30,MEDIUM,,0.963694454893091,1,HIGH,1.0
1691,1,0,LOW,0.0,0.6691417094258012,1,REVIEW,
1692,1,20,LOW,0.0,0.9780928077143881,1,REVIEW,
1693,1,25,LOW,0.0,0.18827323356329148,0,LOW,0.0
1694,1,0,LOW,0.0,0.791724842410089,1,REVIEW,
1695,1,0,LOW,0.0,0.5219153060909978,1,REVIEW,
1696,1,30,MEDIUM,,0.9519055623399384,1,HIGH,1.0
1697,1,30,MEDIUM,,0.9049011394056378,1,HIGH,1.0
1698,1,20,LOW,0.0,0.0664836985672144,0,LOW,0.0
1699,1,0,LOW,0.0,0.28610483393267533,0,LOW,0.0
1700,1,0,LOW,0.0,0.37730863487277055,0,LOW,0.0
1701,1,10,LOW,0.0,0.5341675127697768,1,REVIEW,
1702,1,20,LOW,0.0,0.1250077004905103,0,LOW,0.0
1703,1,0,LOW,0.0,0.43481066052314254,0,LOW,0.0
1704,1,10,LOW,0.0,0.5982923179522381,1,REVIEW,
1705,1,10,LOW,0.0,0.31921982949990746,0,LOW,0.0
1706,1,10,LOW,0.0,0.4340413315887582,0,LOW,0.0
1707,1,0,LOW,0.0,0.28390733278096053,0,LOW,0.0
1708,1,30,MEDIUM,,0.9885906439033858,1,HIGH,1.0
1709,1,0,LOW,0.0,0.5382464613201596,1,REVIEW,
1710,1,10,LOW,0.0,0.9086226490933036,1,REVIEW,
1711,1,0,LOW,0.0,0.20908844601716486,0,LOW,0.0
1712,1,0,LOW,0.0,0.2219717949660342,0,LOW,0.0
1713,1,30,MEDIUM,,0.9365526467257319,1,HIGH,1.0
1714,1,0,LOW,0.0,0.7366041254109692,1,REVIEW,
1715,1,15,LOW,0.0,0.9297632388751559,1,REVIEW,
1716,1,10,LOW,0.0,0.22143412934027765,0,LOW,0.0
1717,1,0,LOW,0.0,0.3759982710502922,0,LOW,0.0
1718,1,40,MEDIUM,,0.9667422976755801,1,HIGH,1.0
1719,1,30,MEDIUM,,0.9601096896480557,1,HIGH,1.0
1720,1,0,LOW,0.0,0.3997699740141,0,LOW,0.0
1721,1,10,LOW,0.0,0.5226743085043313,1,REVIEW,
1722,1,0,LOW,0.0,0.2302460713671413,0,LOW,0.0
1723,1,0,LOW,0.0,0.3817377889607226,0,LOW,0.0
1724,1,20,LOW,0.0,0.957007628164048,1,REVIEW,
1725,1,10,LOW,0.0,0.659454558139887,1,REVIEW,
1726,1,40,MEDIUM,,0.9849268077011735,1,HIGH,1.0
1727,1,0,LOW,0.0,0.6798127870879246,1,REVIEW,
1728,1,15,LOW,0.0,0.9273529410262854,1,REVIEW,
1729,1,0,LOW,0.0,0.13873330959365673,0,LOW,0.0
1730,1,0,LOW,0.0,0.16601846863108616,0,LOW,0.0
1731,1,15,LOW,0.0,0.3882020988230611,0,LOW,0.0
1732,1,10,LOW,0.0,0.7680676022753108,1,REVIEW,
1733,1,30,MEDIUM,,0.9920810953118286,1,HIGH,1.0
1734,1,20,LOW,0.0,0.11576827842729774,0,LOW,0.0
1735,1,0,LOW,0.0,0.2131205979596122,0,LOW,0.0
1736,1,0,LOW,0.0,0.15528944565962383,0,LOW,0.0
1737,1,10,LOW,0.0,0.5283855526681769,1,REVIEW,
1738,1,30,MEDIUM,,0.8671590457263866,1,HIGH,1.0
1739,1,0,LOW,0.0,0.06717277823409558,0,LOW,0.0
1740,1,10,LOW,0.0,0.5898576993268246,1,REVIEW,
1741,1,10,LOW,0.0,0.8004189237482862,1,REVIEW,
1742,1,10,LOW,0.0,0.8441375301320405,1,REVIEW,
1743,1,30,MEDIUM,,0.6121667651914003,1,HIGH,1.0
1744,1,0,LOW,0.0,0.04906835033786168,0,LOW,0.0
1745,1,0,LOW,0.0,0.35293169789448575,0,LOW,0.0
1746,1,0,LOW,0.0,0.39380280118070404,0,LOW,0.0
1747,1,30,MEDIUM,,0.96268926275645,1,HIGH,1.0
1748,1,20,LOW,0.0,0.32494639357263905,0,LOW,0.0
1749,1,0,LOW,0.0,0.7168325929584193,1,REVIEW,
1750,1,0,LOW,0.0,0.18649469414161163,0,LOW,0.0
1751,1,20,LOW,0.0,0.9799784133245916,1,REVIEW,
1752,1,40,MEDIUM,,0.9909402427805655,1,HIGH,1.0
1753,1,20,LOW,0.0,0.28902373476887894,0,LOW,0.0
1754,1,0,LOW,0.0,0.6835446715348095,1,REVIEW,
1755,1,45,MEDIUM,,0.9955397573379682,1,HIGH,1.0
1756,1,10,LOW,0.0,0.8035560002138324,1,REVIEW,
1757,1,40,MEDIUM,,0.9758605787241532,1,HIGH,1.0
1758,1,10,LOW,0.0,0.8344120530729584,1,REVIEW,
1759,1,20,LOW,0.0,0.882467266991613,1,REVIEW,
1760,1,0,LOW,0.0,0.27285333034689513,0,LOW,0.0
1761,1,30,MEDIUM,,0.8743959643772298,1,HIGH,1.0
1762,1,20,LOW,0.0,0.0851440743459304,0,LOW,0.0
1763,1,0,LOW,0.0,0.5305354662217429,1,REVIEW,
1764,1,20,LOW,0.0,0.6614069485482047,1,REVIEW,
1765,1,10,LOW,0.0,0.9583554387810327,1,REVIEW,
1766,1,35,MEDIUM,,0.9872077372325505,1,HIGH,1.0
1767,1,40,MEDIUM,,0.9953378509120262,1,HIGH,1.0
1768,1,20,LOW,0.0,0.3231883328638677,0,LOW,0.0
1769,1,20,LOW,0.0,0.2938178372071139,0,LOW,0.0
1770,1,10,LOW,0.0,0.19815958915350818,0,LOW,0.0
1771,1,45,MEDIUM,,0.9857689080403453,1,HIGH,1.0
1772,1,10,LOW,0.0,0.31293656171995793,0,LOW,0.0
1773,1,35,MEDIUM,,0.9630088048223606,1,HIGH,1.0
1774,1,5,LOW,0.0,0.8794485975003394,1,REVIEW,
1775,1,0,LOW,0.0,0.4727732372291862,0,LOW,0.0
1776,1,30,MEDIUM,,0.9844803234773584,1,HIGH,1.0
1777,1,10,LOW,0.0,0.40443648798845744,0,LOW,0.0
1778,1,40,MEDIUM,,0.9859132288308672,1,HIGH,1.0
1779,1,0,LOW,0.0,0.7905405280333043,1,REVIEW,
1780,1,30,MEDIUM,,0.9158825284283832,1,HIGH,1.0
1781,1,20,LOW,0.0,0.722914303303074,1,REVIEW,
1782,1,10,LOW,0.0,0.8016183410099295,1,REVIEW,
1783,1,10,LOW,0.0,0.08039458707196996,0,LOW,0.0
1784,1,20,LOW,0.0,0.6977984088935506,1,REVIEW,
1785,1,30,MEDIUM,,0.9829363631836515,1,HIGH,1.0
1786,1,20,LOW,0.0,0.08512521735444695,0,LOW,0.0
1787,1,10,LOW,0.0,0.3043408900883567,0,LOW,0.0
1788,1,0,LOW,0.0,0.5279326634655378,1,REVIEW,
1789,1,30,MEDIUM,,0.9944370798866837,1,HIGH,1.0
1790,1,10,LOW,0.0,0.47130612442868614,0,LOW,0.0
1791,1,30,MEDIUM,,0.9678344621761208,1,HIGH,1.0
1792,1,15,LOW,0.0,0.7832795891462757,1,REVIEW,
1793,1,0,LOW,0.0,0.10976952314494133,0,LOW,0.0
1794,1,0,LOW,0.0,0.08308834488822477,0,LOW,0.0
1795,1,0,LOW,0.0,0.6870689815802486,1,REVIEW,
1796,1,10,LOW,0.0,0.2930126746005063,0,LOW,0.0
1797,1,10,LOW,0.0,0.773684542356252,1,REVIEW,
1798,1,40,MEDIUM,,0.9844766486747876,1,HIGH,1.0
1799,1,10,LOW,0.0,0.7918816081795143,1,REVIEW,
1800,1,30,MEDIUM,,0.9513328981418503,1,HIGH,1.0
1801,1,20,LOW,0.0,0.23894932743919026,0,LOW,0.0
1802,1,10,LOW,0.0,0.792504050938119,1,REVIEW,
1803,1,0,LOW,0.0,0.3593294177193891,0,LOW,0.0
1804,1,10,LOW,0.0,0.6457305502478616,1,REVIEW,
1805,1,30,MEDIUM,,0.9393319244975861,1,HIGH,1.0
1806,1,20,LOW,0.0,0.028489232130201506,0,LOW,0.0
1807,1,0,LOW,0.0,0.3444790767497672,0,LOW,0.0
1808,1,10,LOW,0.0,0.6294781002160369,1,REVIEW,
1809,1,10,LOW,0.0,0.05557159575768175,0,LOW,0.0
1810,1,30,MEDIUM,,0.9783069049646939,1,HIGH,1.0
1811,1,0,LOW,0.0,0.9261561280400349,1,REVIEW,
1812,1,0,LOW,0.0,0.4922360307949558,0,LOW,0.0
1813,1,0,LOW,0.0,0.1762557887335931,0,LOW,0.0
1814,1,10,LOW,0.0,0.2455521617154189,0,LOW,0.0
1815,1,30,MEDIUM,,0.9527557907488556,1,HIGH,1.0
1816,1,10,LOW,0.0,0.7120982065747774,1,REVIEW,
1817,1,45,MEDIUM,,0.9387067258524263,1,HIGH,1.0
1818,1,5,LOW,0.0,0.6538148622778203,1,REVIEW,
1819,1,20,LOW,0.0,0.9945812066734392,1,REVIEW,
1820,1,20,LOW,0.0,0.30412100765299294,0,LOW,0.0
1821,1,0,LOW,0.0,0.8752569479733743,1,REVIEW,
1822,1,30,MEDIUM,,0.9819456966753422,1,HIGH,1.0
1823,1,0,LOW,0.0,0.2918124393073081,0,LOW,0.0
1824,1,10,LOW,0.0,0.7106803212135826,1,REVIEW,
1825,1,30,MEDIUM,,0.9797895049042047,1,HIGH,1.0
1826,1,0,LOW,0.0,0.3711076002622592,0,LOW,0.0
1827,1,10,LOW,0.0,0.9491041057393754,1,REVIEW,
1828,1,30,MEDIUM,,0.9845887790724244,1,HIGH,1.0
1829,1,20,LOW,0.0,0.23310331496280876,0,LOW,0.0
1830,1,5,LOW,0.0,0.8951046027718463,1,REVIEW,
1831,1,10,LOW,0.0,0.24535222892847577,0,LOW,0.0
1832,1,30,MEDIUM,,0.9066148243471237,1,HIGH,1.0
1833,1,0,LOW,0.0,0.8889590815111169,1,REVIEW,
1834,1,30,MEDIUM,,0.9868459878199639,1,HIGH,1.0
1835,1,10,LOW,0.0,0.34702148653834974,0,LOW,0.0
1836,1,0,LOW,0.0,0.8084566731433258,1,REVIEW,
1837,1,35,MEDIUM,,0.9867556264272399,1,HIGH,1.0
1838,1,20,LOW,0.0,0.2549784844144696,0,LOW,0.0
1839,1,0,LOW,0.0,0.3434581563577249,0,LOW,0.0
1840,1,30,MEDIUM,,0.82204951941006,1,HIGH,1.0
1841,1,20,LOW,0.0,0.21155217029800397,0,LOW,0.0
1842,1,10,LOW,0.0,0.05646157646780349,0,LOW,0.0
1843,1,0,LOW,0.0,0.22614920860349016,0,LOW,0.0
1844,1,15,LOW,0.0,0.9641662068665395,1,REVIEW,
1845,1,20,LOW,0.0,0.03475820718015161,0,LOW,0.0
1846,1,10,LOW,0.0,0.6835948447935275,1,REVIEW,
1847,1,0,LOW,0.0,0.04429105189162406,0,LOW,0.0
1848,1,0,LOW,0.0,0.6567268875637335,1,REVIEW,
1849,1,30,MEDIUM,,0.9770373633900561,1,HIGH,1.0
1850,1,20,LOW,0.0,0.4333165925202073,0,LOW,0.0
1851,1,0,LOW,0.0,0.2534336350078094,0,LOW,0.0
1852,1,10,LOW,0.0,0.9555255476869023,1,REVIEW,
1853,1,15,LOW,0.0,0.9574294514085576,1,REVIEW,
1854,1,0,LOW,0.0,0.6438256112866778,1,REVIEW,
1855,1,0,LOW,0.0,0.2744853352460345,0,LOW,0.0
1856,1,0,LOW,0.0,0.6123119752174704,1,REVIEW,
1857,1,0,LOW,0.0,0.07294925314270634,0,LOW,0.0
1858,1,10,LOW,0.0,0.5532548103278845,1,REVIEW,
1859,1,30,MEDIUM,,0.9766596538145818,1,HIGH,1.0
1860,1,20,LOW,0.0,0.8421269922478101,1,REVIEW,
1861,1,5,LOW,0.0,0.44717283472484226,0,LOW,0.0
1862,1,30,MEDIUM,,0.9301769550747603,1,HIGH,1.0
1863,1,15,LOW,0.0,0.5921972128282763,1,REVIEW,
1864,1,35,MEDIUM,,0.976128601389159,1,HIGH,1.0
1865,1,0,LOW,0.0,0.9124375084186379,1,REVIEW,
1866,1,10,LOW,0.0,0.9167153503318588,1,REVIEW,
1867,1,0,LOW,0.0,0.4712702378268995,0,LOW,0.0
1868,1,30,MEDIUM,,0.9637075901246133,1,HIGH,1.0
1869,1,10,LOW,0.0,0.7879031542353735,1,REVIEW,
1870,1,10,LOW,0.0,0.9463613620721847,1,REVIEW,
1871,1,20,LOW,0.0,0.1513535818102246,0,LOW,0.0
1872,1,5,LOW,0.0,0.9836248021462606,1,REVIEW,
1873,1,0,LOW,0.0,0.5255607527456182,1,REVIEW,
1874,1,10,LOW,0.0,0.6310097171340552,1,REVIEW,
1875,1,40,MEDIUM,,0.9773697682433272,1,HIGH,1.0
1876,1,0,LOW,0.0,0.30083448209910846,0,LOW,0.0
1877,1,30,MEDIUM,,0.9695891165881552,1,HIGH,1.0
1878,1,0,LOW,0.0,0.03524234830910266,0,LOW,0.0
1879,1,10,LOW,0.0,0.653149477590469,1,REVIEW,
1880,1,0,LOW,0.0,0.5119149879262774,1,REVIEW,
1881,1,10,LOW,0.0,0.7917222860016074,1,REVIEW,
1882,1,30,MEDIUM,,0.9916963319484251,1,HIGH,1.0
1883,1,0,LOW,0.0,0.7936444007348417,1,REVIEW,
1884,1,30,MEDIUM,,0.9191675373358416,1,HIGH,1.0
1885,1,30,MEDIUM,,0.969929477011245,1,HIGH,1.0
1886,1,20,LOW,0.0,0.22578905843391958,0,LOW,0.0
1887,1,0,LOW,0.0,0.6222231865979202,1,REVIEW,
1888,1,10,LOW,0.0,0.7506265499865696,1,REVIEW,
1889,1,30,MEDIUM,,0.7539875290499751,1,HIGH,1.0
1890,1,40,MEDIUM,,0.9860651849348047,1,HIGH,1.0
1891,1,20,LOW,0.0,0.14043583947853233,0,LOW,0.0
1892,1,0,LOW,0.0,0.9094711228059558,1,REVIEW,
1893,1,10,LOW,0.0,0.6610347859528775,1,REVIEW,
1894,1,10,LOW,0.0,0.013272308338603388,0,LOW,0.0
1895,1,25,LOW,0.0,0.8473579488336744,1,REVIEW,
1896,1,30,MEDIUM,,0.18450396424353477,0,REVIEW,
1897,1,0,LOW,0.0,0.10925511745651839,0,LOW,0.0
1898,1,0,LOW,0.0,0.3976619229358165,0,LOW,0.0
1899,1,0,LOW,0.0,0.3312796765376053,0,LOW,0.0
1900,1,40,MEDIUM,,0.974048835181899,1,HIGH,1.0
1901,1,10,LOW,0.0,0.47710634344802605,0,LOW,0.0
1902,1,0,LOW,0.0,0.8104045152611449,1,REVIEW,
1903,1,10,LOW,0.0,0.6693379005617724,1,REVIEW,
1904,1,10,LOW,0.0,0.6398261138815123,1,REVIEW,
1905,1,20,LOW,0.0,0.9339077998729074,1,REVIEW,
1906,1,20,LOW,0.0,0.026983756085382487,0,LOW,0.0
1907,1,0,LOW,0.0,0.8211155195325479,1,REVIEW,
1908,1,0,LOW,0.0,0.5027778505228778,1,REVIEW,
1909,1,15,LOW,0.0,0.989521404462104,1,REVIEW,
1910,1,10,LOW,0.0,0.7837063557682913,1,REVIEW,
1911,1,10,LOW,0.0,0.940093824205158,1,REVIEW,
1912,1,5,LOW,0.0,0.9787525625983333,1,REVIEW,
1913,1,10,LOW,0.0,0.9745573116262508,1,REVIEW,
1914,1,10,LOW,0.0,0.23894960734500495,0,LOW,0.0
1915,1,25,LOW,0.0,0.927913206719597,1,REVIEW,
1916,1,20,LOW,0.0,0.262940673239322,0,LOW,0.0
1917,1,5,LOW,0.0,0.9461315659223689,1,REVIEW,
1918,1,45,MEDIUM,,0.9927025106672762,1,HIGH,1.0
1919,1,0,LOW,0.0,0.8819718909802768,1,REVIEW,
1920,1,20,LOW,0.0,0.9772622742205171,1,REVIEW,
1921,1,0,LOW,0.0,0.012168768565227325,0,LOW,0.0
1922,1,10,LOW,0.0,0.9518303808323244,1,REVIEW,
1923,1,0,LOW,0.0,0.9468653027535842,1,REVIEW,
1924,1,30,MEDIUM,,0.9742462944267206,1,HIGH,1.0
1925,1,10,LOW,0.0,0.7331196843595233,1,REVIEW,
1926,1,30,MEDIUM,,0.9837561985862388,1,HIGH,1.0
1927,1,10,LOW,0.0,0.5025615042419951,1,REVIEW,
1928,1,30,MEDIUM,,0.9815063004705403,1,HIGH,1.0
1929,1,0,LOW,0.0,0.7772959217382178,1,REVIEW,
1930,1,35,MEDIUM,,0.9484088182672139,1,HIGH,1.0
1931,1,20,LOW,0.0,0.02854234496733372,0,LOW,0.0
1932,1,0,LOW,0.0,0.5241545111169216,1,REVIEW,
1933,1,0,LOW,0.0,0.7026097410974491,1,REVIEW,
1934,1,15,LOW,0.0,0.9874008230154492,1,REVIEW,
1935,1,20,LOW,0.0,0.3237394391939782,0,LOW,0.0
1936,1,10,LOW,0.0,0.809602016164923,1,REVIEW,
1937,1,0,LOW,0.0,0.0036250852122858934,0,LOW,0.0
1938,1,10,LOW,0.0,0.3409586768284538,0,LOW,0.0
1939,1,40,MEDIUM,,0.9754758257193138,1,HIGH,1.0
1940,1,30,MEDIUM,,0.011030147828728996,0,REVIEW,
1941,1,0,LOW,0.0,0.43297171725473504,0,LOW,0.0
1942,1,15,LOW,0.0,0.2687631738757324,0,LOW,0.0
1943,1,10,LOW,0.0,0.84653882467617,1,REVIEW,
1944,1,40,MEDIUM,,0.972355129942815,1,HIGH,1.0
1945,1,30,MEDIUM,,0.15170092149947662,0,REVIEW,
1946,1,10,LOW,0.0,0.33037314303236515,0,LOW,0.0
1947,1,0,LOW,0.0,0.8093527126309813,1,REVIEW,
1948,1,30,MEDIUM,,0.8010397254477652,1,HIGH,1.0
1949,1,30,MEDIUM,,0.7232266883838852,1,HIGH,1.0
1950,1,20,LOW,0.0,0.040754944369387446,0,LOW,0.0
1951,1,0,LOW,0.0,0.9574531785041864,1,REVIEW,
1952,1,0,LOW,0.0,0.038824263977340824,0,LOW,0.0
1953,1,10,LOW,0.0,0.7400705946690067,1,REVIEW,
1954,1,35,MEDIUM,,0.9865192145592281,1,HIGH,1.0
1955,1,10,LOW,0.0,0.7767530761995286,1,REVIEW,
1956,1,0,LOW,0.0,0.4447507710661949,0,LOW,0.0
1957,1,5,LOW,0.0,0.8074064762227919,1,REVIEW,
1958,1,15,LOW,0.0,0.9622979019952286,1,REVIEW,
1959,1,0,LOW,0.0,0.5587338214700539,1,REVIEW,
1960,1,40,MEDIUM,,0.9737591038182016,1,HIGH,1.0
1961,1,0,LOW,0.0,0.05661318534079117,0,LOW,0.0
1962,1,25,LOW,0.0,0.9926272011832539,1,REVIEW,
1963,1,0,LOW,0.0,0.11542137779666328,0,LOW,0.0
1964,1,0,LOW,0.0,0.16101984058368396,0,LOW,0.0
1965,1,10,LOW,0.0,0.7197558007547058,1,REVIEW,
1966,1,30,MEDIUM,,0.9286075844985561,1,HIGH,1.0
1967,1,30,MEDIUM,,0.9672126025709311,1,HIGH,1.0
1968,1,10,LOW,0.0,0.8854754547852267,1,REVIEW,
1969,1,0,LOW,0.0,0.21649952139484419,0,LOW,0.0
1970,1,30,MEDIUM,,0.8863965922934828,1,HIGH,1.0
1971,1,40,MEDIUM,,0.9788643668744905,1,HIGH,1.0
1972,1,10,LOW,0.0,0.5261410694812368,1,REVIEW,
1973,1,30,MEDIUM,,0.9911689453411047,1,HIGH,1.0
1974,1,5,LOW,0.0,0.926250011987293,1,REVIEW,
1975,1,25,LOW,0.0,0.8994830136805,1,REVIEW,
1976,1,10,LOW,0.0,0.3493141642232392,0,LOW,0.0
1977,1,0,LOW,0.0,0.22744467633989998,0,LOW,0.0
1978,1,0,LOW,0.0,0.030405302662941034,0,LOW,0.0
1979,1,35,MEDIUM,,0.9932157408319474,1,HIGH,1.0
1980,1,20,LOW,0.0,0.15832578220237822,0,LOW,0.0
1981,1,0,LOW,0.0,0.6469019577115904,1,REVIEW,
1982,1,0,LOW,0.0,0.21793573453340298,0,LOW,0.0
1983,1,10,LOW,0.0,0.3839147839231102,0,LOW,0.0
1984,1,40,MEDIUM,,0.9783925643646838,1,HIGH,1.0
1985,1,20,LOW,0.0,0.9349223753832456,1,REVIEW,
1986,1,10,LOW,0.0,0.54085881747963,1,REVIEW,
1987,1,0,LOW,0.0,0.7006240017347142,1,REVIEW,
1988,1,10,LOW,0.0,0.8994660210898405,1,REVIEW,
1989,1,10,LOW,0.0,0.963662659794637,1,REVIEW,
1990,1,0,LOW,0.0,0.26940055227730747,0,LOW,0.0
1991,1,5,LOW,0.0,0.8529238160839105,1,REVIEW,
1992,1,0,LOW,0.0,0.38481483335367167,0,LOW,0.0
1993,1,10,LOW,0.0,0.38180785184681615,0,LOW,0.0
1994,1,30,MEDIUM,,0.994034852014651,1,HIGH,1.0
1995,1,0,LOW,0.0,0.9385035687525198,1,REVIEW,
1996,1,0,LOW,0.0,0.2937532677182182,0,LOW,0.0
1997,1,10,LOW,0.0,0.7768165420363833,1,REVIEW,
1998,1,0,LOW,0.0,0.1078798360504715,0,LOW,0.0
1999,1,10,LOW,0.0,0.871137358001472,1,REVIEW,
2000,1,0,LOW,0.0,0.09980900992462025,0,LOW,0.0
2001,1,0,LOW,0.0,0.7913716499612946,1,REVIEW,
2002,1,10,LOW,0.0,0.051812195624231505,0,LOW,0.0
2003,1,30,MEDIUM,,0.3328297727336496,0,REVIEW,
2004,1,45,MEDIUM,,0.9841078691675105,1,HIGH,1.0
2005,1,20,LOW,0.0,0.3128285989743922,0,LOW,0.0
2006,1,0,LOW,0.0,0.14129581462023572,0,LOW,0.0
2007,1,35,MEDIUM,,0.9943323555020247,1,HIGH,1.0
2008,1,0,LOW,0.0,0.1952811066775446,0,LOW,0.0
2009,1,35,MEDIUM,,0.9361313884414786,1,HIGH,1.0
2010,1,20,LOW,0.0,0.06538023786156553,0,LOW,0.0
2011,1,0,LOW,0.0,0.1824961205952423,0,LOW,0.0
2012,1,10,LOW,0.0,0.0572365480574784,0,LOW,0.0
2013,1,10,LOW,0.0,0.6393382798645838,1,REVIEW,
2014,1,30,MEDIUM,,0.7105599039752304,1,HIGH,1.0
2015,1,10,LOW,0.0,0.6367137784346871,1,REVIEW,
2016,1,10,LOW,0.0,0.9672529547372817,1,REVIEW,
2017,1,0,LOW,0.0,0.06677853993226035,0,LOW,0.0
2018,1,0,LOW,0.0,0.1617595601586806,0,LOW,0.0
2019,1,10,LOW,0.0,0.5377585638548671,1,REVIEW,
2020,1,10,LOW,0.0,0.9847565058105254,1,REVIEW,
2021,1,0,LOW,0.0,0.16428315421660064,0,LOW,0.0
2022,1,20,LOW,0.0,0.6322610209804538,1,REVIEW,
2023,1,0,LOW,0.0,0.1255229823353673,0,LOW,0.0
2024,1,10,LOW,0.0,0.6319241777036946,1,REVIEW,
2025,1,15,LOW,0.0,0.9731371234588715,1,REVIEW,
2026,1,20,LOW,0.0,0.39757884385744835,0,LOW,0.0
2027,1,20,LOW,0.0,0.5787235418216128,1,REVIEW,
2028,1,0,LOW,0.0,0.5953396473222832,1,REVIEW,
2029,1,20,LOW,0.0,0.2517726137068866,0,LOW,0.0
2030,1,0,LOW,0.0,0.4877739026048384,0,LOW,0.0
2031,1,15,LOW,0.0,0.9772113867547403,1,REVIEW,
2032,1,20,LOW,0.0,0.2711747406163583,0,LOW,0.0
2033,1,0,LOW,0.0,0.4429120817714749,0,LOW,0.0
2034,1,0,LOW,0.0,0.17521577033286456,0,LOW,0.0
2035,1,40,MEDIUM,,0.9882288268077916,1,HIGH,1.0
2036,1,10,LOW,0.0,0.5372500399954384,1,REVIEW,
2037,1,30,MEDIUM,,0.8983553087633542,1,HIGH,1.0
2038,1,0,LOW,0.0,0.3730027248801471,0,LOW,0.0
2039,1,0,LOW,0.0,0.015705561946840692,0,LOW,0.0
2040,1,10,LOW,0.0,0.5174222071663944,1,REVIEW,
2041,1,30,MEDIUM,,0.9688081255916187,1,HIGH,1.0
2042,1,0,LOW,0.0,0.6589347651896613,1,REVIEW,
2043,1,5,LOW,0.0,0.49693086477012105,0,LOW,0.0
2044,1,10,LOW,0.0,0.9493073392927418,1,REVIEW,
2045,1,30,MEDIUM,,0.4345297297100962,0,REVIEW,
2046,1,0,LOW,0.0,0.7406414768022691,1,REVIEW,
2047,1,0,LOW,0.0,0.02997463142476204,0,LOW,0.0
2048,1,10,LOW,0.0,0.810172547754937,1,REVIEW,
2049,1,40,MEDIUM,,0.9633577547305222,1,HIGH,1.0
2050,1,0,LOW,0.0,0.9034861277395781,1,REVIEW,
2051,1,0,LOW,0.0,0.07014555475684237,0,LOW,0.0
2052,0,0,LOW,0.0,0.549075582577806,1,REVIEW,
2053,0,0,LOW,0.0,0.6683518634905996,1,REVIEW,
2054,0,0,LOW,0.0,0.3123636838108607,0,LOW,0.0
2055,0,0,LOW,0.0,0.25440324616149745,0,LOW,0.0
2056,0,0,LOW,0.0,0.588153523966106,1,REVIEW,
2057,0,0,LOW,0.0,0.18009963708491383,0,LOW,0.0
2058,0,0,LOW,0.0,0.3459567932908859,0,LOW,0.0
2059,0,0,LOW,0.0,0.556696026300714,1,REVIEW,
2060,0,0,LOW,0.0,0.4785083864750611,0,LOW,0.0
2061,0,0,LOW,0.0,0.3884660782410848,0,LOW,0.0
2062,0,0,LOW,0.0,0.2725395522944242,0,LOW,0.0
2063,0,0,LOW,0.0,0.40678056788191014,0,LOW,0.0
2064,0,0,LOW,0.0,0.5888297583875078,1,REVIEW,
2065,0,0,LOW,0.0,0.173077632823272,0,LOW,0.0
2066,0,0,LOW,0.0,0.5043599483268396,1,REVIEW,
2067,0,0,LOW,0.0,0.13489846590671684,0,LOW,0.0
2068,0,0,LOW,0.0,0.34966745853059195,0,LOW,0.0
2069,0,0,LOW,0.0,0.43378469548026316,0,LOW,0.0
2070,0,0,LOW,0.0,0.6333205433114999,1,REVIEW,
2071,0,0,LOW,0.0,0.18862084078666794,0,LOW,0.0
2072,0,0,LOW,0.0,0.5547980888438682,1,REVIEW,
2073,0,0,LOW,0.0,0.3621846157606424,0,LOW,0.0
2074,0,0,LOW,0.0,0.28632467996732414,0,LOW,0.0
2075,0,0,LOW,0.0,0.5298454702860276,1,REVIEW,
2076,0,0,LOW,0.0,0.830772852888913,1,REVIEW,
2077,0,0,LOW,0.0,0.5635863377184237,1,REVIEW,
2078,0,0,LOW,0.0,0.2879256699567113,0,LOW,0.0
2079,0,0,LOW,0.0,0.4962295264315952,0,LOW,0.0
2080,0,0,LOW,0.0,0.20904939268498,0,LOW,0.0
2081,0,0,LOW,0.0,0.6946845315371071,1,REVIEW,
2082,0,0,LOW,0.0,0.4421097465564001,0,LOW,0.0
2083,0,0,LOW,0.0,0.32228608829908284,0,LOW,0.0
2084,0,0,LOW,0.0,0.26622535846114304,0,LOW,0.0
2085,0,0,LOW,0.0,0.018080866197755525,0,LOW,0.0
2086,0,0,LOW,0.0,0.4323480521931515,0,LOW,0.0
2087,0,0,LOW,0.0,0.34488987694072976,0,LOW,0.0
2088,0,0,LOW,0.0,0.07783508971854257,0,LOW,0.0
2089,0,0,LOW,0.0,0.03699658905636078,0,LOW,0.0
2090,0,0,LOW,0.0,0.18089233478384617,0,LOW,0.0
2091,0,0,LOW,0.0,0.7191516743741335,1,REVIEW,
2092,0,0,LOW,0.0,0.614973838159776,1,REVIEW,
2093,0,0,LOW,0.0,0.5038393290491204,1,REVIEW,
2094,0,0,LOW,0.0,0.44292657848929357,0,LOW,0.0
2095,0,10,LOW,0.0,0.1902367128636107,0,LOW,0.0
2096,0,0,LOW,0.0,0.10576100219851621,0,LOW,0.0
2097,0,0,LOW,0.0,0.29042650428763606,0,LOW,0.0
2098,0,0,LOW,0.0,0.33997344101506,0,LOW,0.0
2099,0,0,LOW,0.0,0.06854134335986828,0,LOW,0.0
2100,0,0,LOW,0.0,0.4942884518136225,0,LOW,0.0
2101,0,0,LOW,0.0,0.07165070821281652,0,LOW,0.0
2102,0,0,LOW,0.0,0.4000981165197732,0,LOW,0.0
2103,0,0,LOW,0.0,0.09609933565770755,0,LOW,0.0
2104,0,0,LOW,0.0,0.4470081856413447,0,LOW,0.0
2105,0,0,LOW,0.0,0.04182046732992097,0,LOW,0.0
2106,0,0,LOW,0.0,0.29510614336693414,0,LOW,0.0
2107,0,0,LOW,0.0,0.12250015193246443,0,LOW,0.0
2108,0,0,LOW,0.0,0.687483202980776,1,REVIEW,
2109,0,0,LOW,0.0,0.47787257451714965,0,LOW,0.0
2110,0,0,LOW,0.0,0.5929082077462127,1,REVIEW,
2111,0,0,LOW,0.0,0.6636163506268649,1,REVIEW,
2112,0,0,LOW,0.0,0.19247892759130922,0,LOW,0.0
2113,0,0,LOW,0.0,0.5140026923064639,1,REVIEW,
2114,0,0,LOW,0.0,0.2337723031280105,0,LOW,0.0
2115,0,0,LOW,0.0,0.7891408044997869,1,REVIEW,
2116,0,0,LOW,0.0,0.7411699211283329,1,REVIEW,
2117,0,0,LOW,0.0,0.5705116128892551,1,REVIEW,
2118,0,0,LOW,0.0,0.3972301171920431,0,LOW,0.0
2119,0,0,LOW,0.0,0.7392877381103585,1,REVIEW,
2120,0,0,LOW,0.0,0.3750960742575238,0,LOW,0.0
2121,0,0,LOW,0.0,0.17553470157318848,0,LOW,0.0
2122,0,0,LOW,0.0,0.3881546170583942,0,LOW,0.0
2123,0,0,LOW,0.0,0.03572661643974465,0,LOW,0.0
2124,0,0,LOW,0.0,0.16117335567591962,0,LOW,0.0
2125,0,0,LOW,0.0,0.11430494007434554,0,LOW,0.0
2126,0,0,LOW,0.0,0.5014485770712234,1,REVIEW,
2127,0,0,LOW,0.0,0.69016404123466,1,REVIEW,
2128,0,0,LOW,0.0,0.602946475872183,1,REVIEW,
2129,0,0,LOW,0.0,0.1325470968629862,0,LOW,0.0
2130,0,0,LOW,0.0,0.06753958990350609,0,LOW,0.0
2131,0,0,LOW,0.0,0.33816897328571494,0,LOW,0.0
2132,0,0,LOW,0.0,0.09816423059482667,0,LOW,0.0
2133,0,10,LOW,0.0,0.29504014437577547,0,LOW,0.0
2134,0,0,LOW,0.0,0.6060307070019781,1,REVIEW,
2135,0,0,LOW,0.0,0.6531780628466904,1,REVIEW,
2136,0,0,LOW,0.0,0.3507381273273567,0,LOW,0.0
2137,0,0,LOW,0.0,0.8600556762619883,1,REVIEW,
2138,0,0,LOW,0.0,0.45738642364783466,0,LOW,0.0
2139,0,0,LOW,0.0,0.46099223766934844,0,LOW,0.0
2140,0,0,LOW,0.0,0.11630983747268085,0,LOW,0.0
2141,0,10,LOW,0.0,0.5307184222853472,1,REVIEW,
2142,0,0,LOW,0.0,0.060625703486203046,0,LOW,0.0
2143,0,0,LOW,0.0,0.4195678218577514,0,LOW,0.0
2144,0,0,LOW,0.0,0.754700740384025,1,REVIEW,
2145,0,0,LOW,0.0,0.7107671765185829,1,REVIEW,
2146,0,0,LOW,0.0,0.29869910212517314,0,LOW,0.0
2147,0,0,LOW,0.0,0.22459883534305017,0,LOW,0.0
2148,0,0,LOW,0.0,0.6073577693208251,1,REVIEW,
2149,0,0,LOW,0.0,0.18323158325475214,0,LOW,0.0
2150,0,0,LOW,0.0,0.48791524924563423,0,LOW,0.0
2151,0,0,LOW,0.0,0.2119426415974191,0,LOW,0.0
2152,0,0,LOW,0.0,0.5184357128585905,1,REVIEW,
2153,0,0,LOW,0.0,0.39236159266213455,0,LOW,0.0
2154,0,0,LOW,0.0,0.05921733442158071,0,LOW,0.0
2155,0,0,LOW,0.0,0.3299345310955186,0,LOW,0.0
2156,0,20,LOW,0.0,0.14095399844429954,0,LOW,0.0
2157,0,0,LOW,0.0,0.11227770395322687,0,LOW,0.0
2158,0,0,LOW,0.0,0.2753547025221229,0,LOW,0.0
2159,0,0,LOW,0.0,0.685899077610136,1,REVIEW,
2160,0,0,LOW,0.0,0.7322654646045337,1,REVIEW,
2161,0,0,LOW,0.0,0.11197530115339935,0,LOW,0.0
2162,0,0,LOW,0.0,0.8092364890005266,1,REVIEW,
2163,0,0,LOW,0.0,0.44584338040776667,0,LOW,0.0
2164,0,0,LOW,0.0,0.33597230108167125,0,LOW,0.0
2165,0,0,LOW,0.0,0.2965050121672122,0,LOW,0.0
2166,0,0,LOW,0.0,0.17952444929668585,0,LOW,0.0
2167,0,0,LOW,0.0,0.30624589629394616,0,LOW,0.0
2168,0,0,LOW,0.0,0.014374069974753016,0,LOW,0.0
2169,0,0,LOW,0.0,0.052867145559905245,0,LOW,0.0
2170,0,0,LOW,0.0,0.13416933045138293,0,LOW,0.0
2171,0,0,LOW,0.0,0.2343489584964217,0,LOW,0.0
2172,0,0,LOW,0.0,0.22017011014569562,0,LOW,0.0
2173,0,0,LOW,0.0,0.7025077672805485,1,REVIEW,
2174,0,0,LOW,0.0,0.7383221461030816,1,REVIEW,
2175,0,0,LOW,0.0,0.34918078409258346,0,LOW,0.0
2176,0,0,LOW,0.0,0.7909274613125568,1,REVIEW,
2177,0,0,LOW,0.0,0.13584755611965896,0,LOW,0.0
2178,0,0,LOW,0.0,0.4344392767255968,0,LOW,0.0
2179,0,0,LOW,0.0,0.8533115253319659,1,REVIEW,
2180,0,0,LOW,0.0,0.20576965134261774,0,LOW,0.0
2181,0,0,LOW,0.0,0.11327937307472406,0,LOW,0.0
2182,0,0,LOW,0.0,0.2941344802811864,0,LOW,0.0
2183,0,0,LOW,0.0,0.2785831561860947,0,LOW,0.0
2184,0,0,LOW,0.0,0.22836813900232034,0,LOW,0.0
2185,0,0,LOW,0.0,0.0770052787548818,0,LOW,0.0
2186,0,0,LOW,0.0,0.276725771376922,0,LOW,0.0
2187,0,0,LOW,0.0,0.08850661350423158,0,LOW,0.0
2188,0,0,LOW,0.0,0.6449132676385948,1,REVIEW,
2189,0,0,LOW,0.0,0.5509129453108992,1,REVIEW,
2190,0,0,LOW,0.0,0.8129630915611537,1,REVIEW,
2191,0,0,LOW,0.0,0.7459843060136134,1,REVIEW,
2192,0,10,LOW,0.0,0.11971440299694464,0,LOW,0.0
2193,0,0,LOW,0.0,0.6811500545123301,1,REVIEW,
2194,0,0,LOW,0.0,0.1518122076611491,0,LOW,0.0
2195,0,0,LOW,0.0,0.10454128418180295,0,LOW,0.0
2196,0,0,LOW,0.0,0.19581938244291286,0,LOW,0.0
2197,0,0,LOW,0.0,0.35536932495576007,0,LOW,0.0
2198,0,0,LOW,0.0,0.9200151460936129,1,REVIEW,
2199,0,0,LOW,0.0,0.4569789854467133,0,LOW,0.0
2200,0,0,LOW,0.0,0.2993274085477452,0,LOW,0.0
2201,0,0,LOW,0.0,0.14400903117795838,0,LOW,0.0
2202,0,0,LOW,0.0,0.3224541662393343,0,LOW,0.0
2203,0,0,LOW,0.0,0.5909346671514991,1,REVIEW,
2204,0,0,LOW,0.0,0.9329820753553041,1,REVIEW,
2205,0,0,LOW,0.0,0.42914253694705146,0,LOW,0.0
2206,0,0,LOW,0.0,0.5355327876756616,1,REVIEW,
2207,0,0,LOW,0.0,0.8520053795500235,1,REVIEW,
2208,0,0,LOW,0.0,0.28244520591773586,0,LOW,0.0
2209,0,0,LOW,0.0,0.781881220990909,1,REVIEW,
2210,0,0,LOW,0.0,0.1375601883810942,0,LOW,0.0
2211,0,0,LOW,0.0,0.09562595623494796,0,LOW,0.0
2212,0,0,LOW,0.0,0.2888281786157244,0,LOW,0.0
2213,0,0,LOW,0.0,0.440837112080718,0,LOW,0.0
2214,0,0,LOW,0.0,0.4864616601938023,0,LOW,0.0
2215,0,0,LOW,0.0,0.23673661820223652,0,LOW,0.0
2216,0,0,LOW,0.0,0.660581408484707,1,REVIEW,
2217,0,0,LOW,0.0,0.06686222126071546,0,LOW,0.0
2218,0,0,LOW,0.0,0.3902043614188402,0,LOW,0.0
2219,0,0,LOW,0.0,0.6960702745867616,1,REVIEW,
2220,0,0,LOW,0.0,0.34598102035905537,0,LOW,0.0
2221,0,10,LOW,0.0,0.007862561190857556,0,LOW,0.0
2222,0,0,LOW,0.0,0.45497562305612316,0,LOW,0.0
2223,0,0,LOW,0.0,0.10148201492412592,0,LOW,0.0
2224,0,10,LOW,0.0,0.7533612702684745,1,REVIEW,
2225,0,0,LOW,0.0,0.6618869696800856,1,REVIEW,
2226,0,0,LOW,0.0,0.10093950775176046,0,LOW,0.0
2227,0,0,LOW,0.0,0.1218772258544988,0,LOW,0.0
2228,0,0,LOW,0.0,0.2490470986413838,0,LOW,0.0
2229,0,0,LOW,0.0,0.020514665830892283,0,LOW,0.0
2230,0,0,LOW,0.0,0.1314257285578577,0,LOW,0.0
2231,0,0,LOW,0.0,0.49229820912066785,0,LOW,0.0
2232,0,0,LOW,0.0,0.33584922997538086,0,LOW,0.0
2233,0,10,LOW,0.0,0.15513001166342205,0,LOW,0.0
2234,0,0,LOW,0.0,0.0487807047866208,0,LOW,0.0
2235,0,0,LOW,0.0,0.2601319131553795,0,LOW,0.0
2236,0,0,LOW,0.0,0.3241101683656067,0,LOW,0.0
2237,0,0,LOW,0.0,0.1567607037351441,0,LOW,0.0
2238,0,0,LOW,0.0,0.49984552480237304,0,LOW,0.0
2239,0,0,LOW,0.0,0.15996003445679993,0,LOW,0.0
2240,0,0,LOW,0.0,0.2834390857908482,0,LOW,0.0
2241,0,0,LOW,0.0,0.5389994647104287,1,REVIEW,
2242,0,0,LOW,0.0,0.16706931939736666,0,LOW,0.0
2243,0,0,LOW,0.0,0.441041084647918,0,LOW,0.0
2244,0,0,LOW,0.0,0.41323340399159697,0,LOW,0.0
2245,0,0,LOW,0.0,0.18566608279246355,0,LOW,0.0
2246,0,0,LOW,0.0,0.4358879466489402,0,LOW,0.0
2247,0,0,LOW,0.0,0.007548929595476304,0,LOW,0.0
2248,0,5,LOW,0.0,0.8923685738897787,1,REVIEW,
2249,0,0,LOW,0.0,0.034508704146173255,0,LOW,0.0
2250,0,0,LOW,0.0,0.16051481560609604,0,LOW,0.0
2251,0,0,LOW,0.0,0.5723571139536551,1,REVIEW,
2252,0,0,LOW,0.0,0.019042389639776263,0,LOW,0.0
2253,0,0,LOW,0.0,0.38929441576178686,0,LOW,0.0
2254,0,0,LOW,0.0,0.6634563334364638,1,REVIEW,
2255,0,0,LOW,0.0,0.02822598681194012,0,LOW,0.0
2256,0,0,LOW,0.0,0.29865045130293283,0,LOW,0.0
2257,0,0,LOW,0.0,0.08338702270545065,0,LOW,0.0
2258,0,0,LOW,0.0,0.0968645649093216,0,LOW,0.0
2259,0,0,LOW,0.0,0.11129431106428225,0,LOW,0.0
2260,0,0,LOW,0.0,0.32097565206150974,0,LOW,0.0
2261,0,0,LOW,0.0,0.1545267744931962,0,LOW,0.0
2262,0,0,LOW,0.0,0.4408032911270393,0,LOW,0.0
2263,0,0,LOW,0.0,0.2154050620087055,0,LOW,0.0
2264,0,0,LOW,0.0,0.2977309049067414,0,LOW,0.0
2265,0,0,LOW,0.0,0.266049576920395,0,LOW,0.0
2266,0,0,LOW,0.0,0.3119047457106574,0,LOW,0.0
2267,0,0,LOW,0.0,0.012087564302008615,0,LOW,0.0
2268,0,0,LOW,0.0,0.6756381108358104,1,REVIEW,
2269,0,0,LOW,0.0,0.06151043313862639,0,LOW,0.0
2270,0,0,LOW,0.0,0.31233988901736176,0,LOW,0.0
2271,0,10,LOW,0.0,0.7782377810857828,1,REVIEW,
2272,0,0,LOW,0.0,0.10132471559981952,0,LOW,0.0
2273,0,0,LOW,0.0,0.13376731968495403,0,LOW,0.0
2274,0,0,LOW,0.0,0.16661268751885722,0,LOW,0.0
2275,0,0,LOW,0.0,0.5133590811273546,1,REVIEW,
2276,0,0,LOW,0.0,0.19336424109145414,0,LOW,0.0
2277,0,10,LOW,0.0,0.05282534574361135,0,LOW,0.0
2278,0,0,LOW,0.0,0.044182540067075914,0,LOW,0.0
2279,0,0,LOW,0.0,0.21646516275786062,0,LOW,0.0
2280,0,20,LOW,0.0,0.09071657788953362,0,LOW,0.0
2281,0,0,LOW,0.0,0.106536746137442,0,LOW,0.0
2282,0,0,LOW,0.0,0.14019990218530579,0,LOW,0.0
2283,0,0,LOW,0.0,0.1044598140302964,0,LOW,0.0
2284,0,0,LOW,0.0,0.2443322805498809,0,LOW,0.0
2285,0,0,LOW,0.0,0.1375751001296741,0,LOW,0.0
2286,0,10,LOW,0.0,0.4857246041523258,0,LOW,0.0
2287,0,0,LOW,0.0,0.05884053414340085,0,LOW,0.0
2288,0,0,LOW,0.0,0.127375024477329,0,LOW,0.0
2289,0,0,LOW,0.0,0.12637137934749756,0,LOW,0.0
2290,0,0,LOW,0.0,0.14696933900942763,0,LOW,0.0
2291,0,0,LOW,0.0,0.16777424060700002,0,LOW,0.0
2292,0,0,LOW,0.0,0.5230979804157758,1,REVIEW,
2293,0,0,LOW,0.0,0.17576198651948108,0,LOW,0.0
2294,0,0,LOW,0.0,0.04881422384705642,0,LOW,0.0
2295,0,0,LOW,0.0,0.3569963319092898,0,LOW,0.0
2296,0,0,LOW,0.0,0.34222391648094375,0,LOW,0.0
2297,0,0,LOW,0.0,0.08034918893283828,0,LOW,0.0
2298,0,0,LOW,0.0,0.7071839620483862,1,REVIEW,
2299,0,0,LOW,0.0,0.04252838683185378,0,LOW,0.0
2300,0,0,LOW,0.0,0.048118187272252075,0,LOW,0.0
2301,0,0,LOW,0.0,0.05977268908333759,0,LOW,0.0
2302,0,0,LOW,0.0,0.06961241545163531,0,LOW,0.0
2303,0,0,LOW,0.0,0.06609087791185278,0,LOW,0.0
2304,0,0,LOW,0.0,0.1607336162162418,0,LOW,0.0
2305,0,0,LOW,0.0,0.2956921993167726,0,LOW,0.0
2306,0,0,LOW,0.0,0.05368234822554099,0,LOW,0.0
2307,0,0,LOW,0.0,0.05445449468989506,0,LOW,0.0
2308,0,0,LOW,0.0,0.04428537958236577,0,LOW,0.0
2309,0,0,LOW,0.0,0.05348637005333177,0,LOW,0.0
2310,0,0,LOW,0.0,0.4133482949513368,0,LOW,0.0
2311,0,0,LOW,0.0,0.07452119555402195,0,LOW,0.0
2312,0,0,LOW,0.0,0.26131815711200546,0,LOW,0.0
2313,0,0,LOW,0.0,0.08096857790529108,0,LOW,0.0
2314,0,0,LOW,0.0,0.18165444607387232,0,LOW,0.0
2315,0,0,LOW,0.0,0.18578984847624647,0,LOW,0.0
2316,0,20,LOW,0.0,0.0830308449365354,0,LOW,0.0
2317,0,0,LOW,0.0,0.10453125085194845,0,LOW,0.0
2318,0,10,LOW,0.0,0.593716990393306,1,REVIEW,
2319,0,10,LOW,0.0,0.3573296859112965,0,LOW,0.0
2320,0,0,LOW,0.0,0.2999268833278098,0,LOW,0.0
2321,0,0,LOW,0.0,0.29751724907502647,0,LOW,0.0
2322,0,0,LOW,0.0,0.23428742751806347,0,LOW,0.0
2323,0,0,LOW,0.0,0.016699932600945253,0,LOW,0.0
2324,0,0,LOW,0.0,0.11292483603622935,0,LOW,0.0
2325,0,0,LOW,0.0,0.07348247336123996,0,LOW,0.0
2326,0,0,LOW,0.0,0.5045296002637433,1,REVIEW,
2327,0,0,LOW,0.0,0.03776995437968356,0,LOW,0.0
2328,0,0,LOW,0.0,0.5734449875130182,1,REVIEW,
2329,0,0,LOW,0.0,0.060989063470449405,0,LOW,0.0
2330,0,0,LOW,0.0,0.5354832546556094,1,REVIEW,
2331,0,0,LOW,0.0,0.844369107946523,1,REVIEW,
2332,0,10,LOW,0.0,0.8159981152872222,1,REVIEW,
2333,0,0,LOW,0.0,0.27182156358289067,0,LOW,0.0
2334,0,0,LOW,0.0,0.2690980114845766,0,LOW,0.0
2335,0,10,LOW,0.0,0.7978711658622483,1,REVIEW,
2336,0,10,LOW,0.0,0.5286639810498663,1,REVIEW,
2337,0,0,LOW,0.0,0.07596241794698945,0,LOW,0.0
2338,0,0,LOW,0.0,0.17045004440389067,0,LOW,0.0
2339,0,0,LOW,0.0,0.08964241682756077,0,LOW,0.0
2340,0,0,LOW,0.0,0.473537706181019,0,LOW,0.0
2341,0,0,LOW,0.0,0.03715494142294339,0,LOW,0.0
2342,0,10,LOW,0.0,0.051260179204052916,0,LOW,0.0
2343,0,10,LOW,0.0,0.29228635613319104,0,LOW,0.0
2344,0,10,LOW,0.0,0.06856081466192564,0,LOW,0.0
2345,0,0,LOW,0.0,0.7143872533233208,1,REVIEW,
2346,0,0,LOW,0.0,0.6749570797486577,1,REVIEW,
2347,0,0,LOW,0.0,0.3278820185457481,0,LOW,0.0
2348,0,0,LOW,0.0,0.05120310525285038,0,LOW,0.0
2349,0,0,LOW,0.0,0.6627721141814,1,REVIEW,
2350,0,0,LOW,0.0,0.4282547193632032,0,LOW,0.0
2351,0,0,LOW,0.0,0.42488585308146143,0,LOW,0.0
2352,0,10,LOW,0.0,0.06140551166988522,0,LOW,0.0
2353,0,0,LOW,0.0,0.4501956321606083,0,LOW,0.0
2354,0,0,LOW,0.0,0.2069234562588153,0,LOW,0.0
2355,0,0,LOW,0.0,0.053970795869062685,0,LOW,0.0
2356,0,0,LOW,0.0,0.1876705240415917,0,LOW,0.0
2357,0,0,LOW,0.0,0.11528712753699534,0,LOW,0.0
2358,0,0,LOW,0.0,0.09806485730702322,0,LOW,0.0
2359,0,0,LOW,0.0,0.36730379724745504,0,LOW,0.0
2360,0,0,LOW,0.0,0.3662894033765935,0,LOW,0.0
2361,0,0,LOW,0.0,0.42855413545624416,0,LOW,0.0
2362,0,0,LOW,0.0,0.06352814061742955,0,LOW,0.0
2363,0,0,LOW,0.0,0.2564525311724205,0,LOW,0.0
2364,0,0,LOW,0.0,0.24767774372212015,0,LOW,0.0
2365,0,0,LOW,0.0,0.08515795747047866,0,LOW,0.0
2366,0,0,LOW,0.0,0.5184755334469976,1,REVIEW,
2367,0,0,LOW,0.0,0.01503650026110578,0,LOW,0.0
2368,0,0,LOW,0.0,0.30333146941082,0,LOW,0.0
2369,0,5,LOW,0.0,0.7097704862835215,1,REVIEW,
2370,0,0,LOW,0.0,0.5663198485580198,1,REVIEW,
2371,0,0,LOW,0.0,0.4252061139320624,0,LOW,0.0
2372,0,0,LOW,0.0,0.2029044860601254,0,LOW,0.0
2373,0,0,LOW,0.0,0.1643407592555328,0,LOW,0.0
2374,0,0,LOW,0.0,0.12258973710530897,0,LOW,0.0
2375,0,0,LOW,0.0,0.7476727316097322,1,REVIEW,
2376,0,10,LOW,0.0,0.57386041102719,1,REVIEW,
2377,0,0,LOW,0.0,0.024696485113896383,0,LOW,0.0
2378,0,0,LOW,0.0,0.6729605986552681,1,REVIEW,
2379,0,0,LOW,0.0,0.06093691063218692,0,LOW,0.0
2380,0,0,LOW,0.0,0.07388674681706146,0,LOW,0.0
2381,0,0,LOW,0.0,0.14751301172947842,0,LOW,0.0
2382,0,0,LOW,0.0,0.15105489728119742,0,LOW,0.0
2383,0,0,LOW,0.0,0.020266894686712375,0,LOW,0.0
2384,0,0,LOW,0.0,0.6296948240769881,1,REVIEW,
2385,0,0,LOW,0.0,0.13582508891550554,0,LOW,0.0
2386,0,0,LOW,0.0,0.16684675883146513,0,LOW,0.0
2387,0,0,LOW,0.0,0.02410405350911095,0,LOW,0.0
2388,0,10,LOW,0.0,0.5576935968735381,1,REVIEW,
2389,0,0,LOW,0.0,0.0412268035692259,0,LOW,0.0
2390,0,0,LOW,0.0,0.03278624703441097,0,LOW,0.0
2391,0,0,LOW,0.0,0.24367271916488256,0,LOW,0.0
2392,0,0,LOW,0.0,0.06578189828757545,0,LOW,0.0
2393,0,10,LOW,0.0,0.36816139228045436,0,LOW,0.0
2394,0,0,LOW,0.0,0.47394857146657193,0,LOW,0.0
2395,0,0,LOW,0.0,0.5958747109172465,1,REVIEW,
2396,0,0,LOW,0.0,0.03253268844204752,0,LOW,0.0
2397,0,0,LOW,0.0,0.10810833571242234,0,LOW,0.0
2398,0,0,LOW,0.0,0.5275844610147354,1,REVIEW,
2399,0,0,LOW,0.0,0.7114320071820665,1,REVIEW,
2400,0,0,LOW,0.0,0.4914419282698916,0,LOW,0.0
2401,0,0,LOW,0.0,0.5464443870225876,1,REVIEW,
2402,0,0,LOW,0.0,0.4164776152600144,0,LOW,0.0
2403,0,0,LOW,0.0,0.4189561311321688,0,LOW,0.0
2404,0,0,LOW,0.0,0.026136031932766708,0,LOW,0.0
2405,0,0,LOW,0.0,0.20024237935494896,0,LOW,0.0
2406,0,0,LOW,0.0,0.24863875119718404,0,LOW,0.0
2407,0,0,LOW,0.0,0.29649532377133747,0,LOW,0.0
2408,0,0,LOW,0.0,0.3164828263634992,0,LOW,0.0
2409,0,0,LOW,0.0,0.5138192377664461,1,REVIEW,
2410,0,0,LOW,0.0,0.24588035093012386,0,LOW,0.0
2411,0,0,LOW,0.0,0.5918477076726644,1,REVIEW,
2412,0,0,LOW,0.0,0.23353441357450788,0,LOW,0.0
2413,0,0,LOW,0.0,0.028792923972908984,0,LOW,0.0
2414,0,0,LOW,0.0,0.37452452154777827,0,LOW,0.0
2415,0,0,LOW,0.0,0.16790055594581607,0,LOW,0.0
2416,0,0,LOW,0.0,0.4736168002431357,0,LOW,0.0
2417,0,0,LOW,0.0,0.21720450696722768,0,LOW,0.0
2418,0,0,LOW,0.0,0.0346627188180163,0,LOW,0.0
2419,0,0,LOW,0.0,0.4069284230918941,0,LOW,0.0
2420,0,0,LOW,0.0,0.5667516151211786,1,REVIEW,
2421,0,0,LOW,0.0,0.3855415660865278,0,LOW,0.0
2422,0,0,LOW,0.0,0.8731799353983405,1,REVIEW,
2423,0,0,LOW,0.0,0.5142826866596132,1,REVIEW,
2424,0,0,LOW,0.0,0.20953621576116144,0,LOW,0.0
2425,0,0,LOW,0.0,0.7729503748288805,1,REVIEW,
2426,0,0,LOW,0.0,0.3544771161958709,0,LOW,0.0
2427,0,0,LOW,0.0,0.08007571944241215,0,LOW,0.0
2428,0,0,LOW,0.0,0.036249192287446955,0,LOW,0.0
2429,0,0,LOW,0.0,0.6048257935272446,1,REVIEW,
2430,0,0,LOW,0.0,0.8104849050411397,1,REVIEW,
2431,0,0,LOW,0.0,0.7677666964687669,1,REVIEW,
2432,0,0,LOW,0.0,0.292483405197249,0,LOW,0.0
2433,0,0,LOW,0.0,0.7945779434125841,1,REVIEW,
2434,0,10,LOW,0.0,0.8094936049215115,1,REVIEW,
2435,0,0,LOW,0.0,0.15900940631002822,0,LOW,0.0
2436,0,0,LOW,0.0,0.6705547979267403,1,REVIEW,
2437,0,20,LOW,0.0,0.03911396092532314,0,LOW,0.0
2438,0,0,LOW,0.0,0.19978577895255745,0,LOW,0.0
2439,0,0,LOW,0.0,0.2663903169536727,0,LOW,0.0
2440,0,0,LOW,0.0,0.08871729380615496,0,LOW,0.0
2441,0,0,LOW,0.0,0.14258109744970307,0,LOW,0.0
2442,0,0,LOW,0.0,0.028445435981082068,0,LOW,0.0
2443,0,0,LOW,0.0,0.22283089911720463,0,LOW,0.0
2444,0,0,LOW,0.0,0.26462699788164207,0,LOW,0.0
2445,0,0,LOW,0.0,0.7147661277531226,1,REVIEW,
2446,0,0,LOW,0.0,0.03567679619199187,0,LOW,0.0
2447,0,0,LOW,0.0,0.11041329087778454,0,LOW,0.0
2448,0,0,LOW,0.0,0.08098981063673008,0,LOW,0.0
2449,0,0,LOW,0.0,0.3456572508487348,0,LOW,0.0
2450,0,0,LOW,0.0,0.41887000493079285,0,LOW,0.0
2451,0,0,LOW,0.0,0.13467483632661398,0,LOW,0.0
2452,0,0,LOW,0.0,0.00930071416748856,0,LOW,0.0
2453,0,30,MEDIUM,,0.8681435792292921,1,HIGH,1.0
2454,0,0,LOW,0.0,0.4620242538544853,0,LOW,0.0
2455,0,0,LOW,0.0,0.3287148760195468,0,LOW,0.0
2456,0,0,LOW,0.0,0.15886980484320506,0,LOW,0.0
2457,0,0,LOW,0.0,0.020980993086334013,0,LOW,0.0
2458,0,0,LOW,0.0,0.17367637432938252,0,LOW,0.0
2459,0,0,LOW,0.0,0.13288457994443253,0,LOW,0.0
2460,0,0,LOW,0.0,0.3426733519475225,0,LOW,0.0
2461,0,0,LOW,0.0,0.48993163251966015,0,LOW,0.0
2462,0,0,LOW,0.0,0.5164555233254564,1,REVIEW,
2463,0,0,LOW,0.0,0.13443780759262022,0,LOW,0.0
2464,0,0,LOW,0.0,0.22372902980821244,0,LOW,0.0
2465,0,0,LOW,0.0,0.26874440630972407,0,LOW,0.0
2466,0,10,LOW,0.0,0.6444975861634555,1,REVIEW,
2467,0,0,LOW,0.0,0.009505296989411454,0,LOW,0.0
2468,0,0,LOW,0.0,0.2319680960415144,0,LOW,0.0
2469,0,0,LOW,0.0,0.05387593600451199,0,LOW,0.0
2470,0,0,LOW,0.0,0.3745960231748571,0,LOW,0.0
2471,0,0,LOW,0.0,0.5709930839060122,1,REVIEW,
2472,0,0,LOW,0.0,0.0539987965555917,0,LOW,0.0
2473,0,0,LOW,0.0,0.07214511981008624,0,LOW,0.0
2474,0,10,LOW,0.0,0.358117721333399,0,LOW,0.0
2475,0,0,LOW,0.0,0.10333570181588278,0,LOW,0.0
2476,0,0,LOW,0.0,0.5696001825473752,1,REVIEW,
2477,0,0,LOW,0.0,0.00566521358824587,0,LOW,0.0
2478,0,0,LOW,0.0,0.26964174383593636,0,LOW,0.0
2479,0,0,LOW,0.0,0.2803677441576164,0,LOW,0.0
2480,0,10,LOW,0.0,0.0752632989901181,0,LOW,0.0
2481,0,0,LOW,0.0,0.07052185900398396,0,LOW,0.0
2482,0,0,LOW,0.0,0.016259299895449664,0,LOW,0.0
2483,0,0,LOW,0.0,0.09302049117099111,0,LOW,0.0
2484,0,10,LOW,0.0,0.2920972112266953,0,LOW,0.0
2485,0,0,LOW,0.0,0.068559931671403,0,LOW,0.0
2486,0,0,LOW,0.0,0.24246762662860039,0,LOW,0.0
2487,0,0,LOW,0.0,0.012577122485292856,0,LOW,0.0
2488,0,0,LOW,0.0,0.633397203025923,1,REVIEW,
2489,0,0,LOW,0.0,0.3285056622792054,0,LOW,0.0
2490,0,0,LOW,0.0,0.29974763881306415,0,LOW,0.0
2491,0,0,LOW,0.0,0.7068470952666135,1,REVIEW,
2492,0,0,LOW,0.0,0.3261589439289999,0,LOW,0.0
2493,0,0,LOW,0.0,0.8551977695496059,1,REVIEW,
2494,0,0,LOW,0.0,0.9203789923158427,1,REVIEW,
2495,0,0,LOW,0.0,0.10280432943999362,0,LOW,0.0
2496,0,0,LOW,0.0,0.3250591112672488,0,LOW,0.0
2497,0,10,LOW,0.0,0.23434180281531364,0,LOW,0.0
2498,0,0,LOW,0.0,0.06609483014931719,0,LOW,0.0
2499,0,0,LOW,0.0,0.5032685496285719,1,REVIEW,
2500,0,0,LOW,0.0,0.06731688779771357,0,LOW,0.0
2501,0,0,LOW,0.0,0.7467719463844812,1,REVIEW,
2502,0,0,LOW,0.0,0.27630533264285123,0,LOW,0.0
2503,0,0,LOW,0.0,0.5750544157971373,1,REVIEW,
2504,0,0,LOW,0.0,0.22726221654099962,0,LOW,0.0
2505,0,10,LOW,0.0,0.10342361406136862,0,LOW,0.0
2506,0,0,LOW,0.0,0.4394100757334787,0,LOW,0.0
2507,0,0,LOW,0.0,0.08273847323278671,0,LOW,0.0
2508,0,0,LOW,0.0,0.25429501199945104,0,LOW,0.0
2509,0,0,LOW,0.0,0.42381299678907974,0,LOW,0.0
2510,0,0,LOW,0.0,0.07946000136490419,0,LOW,0.0
2511,0,0,LOW,0.0,0.1811079385357458,0,LOW,0.0
2512,0,0,LOW,0.0,0.24055889655268686,0,LOW,0.0
2513,0,0,LOW,0.0,0.5323184309981264,1,REVIEW,
2514,0,0,LOW,0.0,0.2935497244485655,0,LOW,0.0
2515,0,0,LOW,0.0,0.6147374512388799,1,REVIEW,
2516,0,0,LOW,0.0,0.706707250628926,1,REVIEW,
2517,0,0,LOW,0.0,0.028421472712769732,0,LOW,0.0
2518,0,0,LOW,0.0,0.3545822189356851,0,LOW,0.0
2519,0,0,LOW,0.0,0.21539966563476434,0,LOW,0.0
2520,0,10,LOW,0.0,0.45644021769737875,0,LOW,0.0
2521,0,0,LOW,0.0,0.37003429656227815,0,LOW,0.0
2522,0,0,LOW,0.0,0.031932022349389334,0,LOW,0.0
2523,0,0,LOW,0.0,0.5731069558887573,1,REVIEW,
2524,0,0,LOW,0.0,0.1798836924718058,0,LOW,0.0
2525,0,0,LOW,0.0,0.057133947768410624,0,LOW,0.0
2526,0,0,LOW,0.0,0.40272053333847657,0,LOW,0.0
2527,0,0,LOW,0.0,0.007802169841264339,0,LOW,0.0
2528,0,0,LOW,0.0,0.02153716629667278,0,LOW,0.0
2529,0,10,LOW,0.0,0.0384614206856068,0,LOW,0.0
2530,0,0,LOW,0.0,0.35162112576615223,0,LOW,0.0
2531,0,0,LOW,0.0,0.017289622822507306,0,LOW,0.0
2532,0,0,LOW,0.0,0.035897651199764256,0,LOW,0.0
2533,0,0,LOW,0.0,0.26650074533985535,0,LOW,0.0
2534,0,0,LOW,0.0,0.2467193113074267,0,LOW,0.0
2535,0,0,LOW,0.0,0.4978461710860945,0,LOW,0.0
2536,0,0,LOW,0.0,0.038755156444654444,0,LOW,0.0
2537,0,0,LOW,0.0,0.1322141146805999,0,LOW,0.0
2538,0,10,LOW,0.0,0.48434364291983417,0,LOW,0.0
2539,0,0,LOW,0.0,0.07338306111808973,0,LOW,0.0
2540,0,0,LOW,0.0,0.061394817273545954,0,LOW,0.0
2541,0,0,LOW,0.0,0.15298364973097536,0,LOW,0.0
2542,0,0,LOW,0.0,0.20398110517262794,0,LOW,0.0
2543,0,0,LOW,0.0,0.06916990306889899,0,LOW,0.0
2544,0,0,LOW,0.0,0.2103075085884348,0,LOW,0.0
2545,0,20,LOW,0.0,0.2475114911044392,0,LOW,0.0
2546,0,0,LOW,0.0,0.26853257651865703,0,LOW,0.0
2547,0,0,LOW,0.0,0.022971838003410763,0,LOW,0.0
2548,0,0,LOW,0.0,0.1265556152945035,0,LOW,0.0
2549,0,0,LOW,0.0,0.06787406100108317,0,LOW,0.0
2550,0,0,LOW,0.0,0.08058597020396047,0,LOW,0.0
2551,0,10,LOW,0.0,0.5488851161262112,1,REVIEW,
2552,0,0,LOW,0.0,0.014961427166613311,0,LOW,0.0
2553,0,0,LOW,0.0,0.08649189844608737,0,LOW,0.0
2554,0,0,LOW,0.0,0.26939877640768867,0,LOW,0.0
2555,0,10,LOW,0.0,0.34493988569815126,0,LOW,0.0
2556,0,0,LOW,0.0,0.2233565740673183,0,LOW,0.0
2557,0,10,LOW,0.0,0.05545306344999577,0,LOW,0.0
2558,0,0,LOW,0.0,0.24522504426047473,0,LOW,0.0
2559,0,0,LOW,0.0,0.6099038753357244,1,REVIEW,
2560,0,0,LOW,0.0,0.08938109117057783,0,LOW,0.0
2561,0,0,LOW,0.0,0.2181596111213623,0,LOW,0.0
2562,0,0,LOW,0.0,0.27709001326576455,0,LOW,0.0
2563,0,10,LOW,0.0,0.08053905692295091,0,LOW,0.0
2564,0,0,LOW,0.0,0.7204508158913041,1,REVIEW,
2565,0,0,LOW,0.0,0.09209313190942402,0,LOW,0.0
2566,0,10,LOW,0.0,0.168682791317415,0,LOW,0.0
2567,0,10,LOW,0.0,0.14977069480887545,0,LOW,0.0
2568,0,0,LOW,0.0,0.032723130828335986,0,LOW,0.0
2569,0,0,LOW,0.0,0.06705241410158964,0,LOW,0.0
2570,0,0,LOW,0.0,0.2387230620927631,0,LOW,0.0
2571,0,0,LOW,0.0,0.612302099926461,1,REVIEW,
2572,0,0,LOW,0.0,0.05402176661539524,0,LOW,0.0
2573,0,0,LOW,0.0,0.14698393137276133,0,LOW,0.0
2574,0,0,LOW,0.0,0.23633645944611564,0,LOW,0.0
2575,0,0,LOW,0.0,0.3393415556004647,0,LOW,0.0
2576,0,0,LOW,0.0,0.08049049219345991,0,LOW,0.0
2577,0,0,LOW,0.0,0.024504713569358655,0,LOW,0.0
2578,0,10,LOW,0.0,0.12880939170493214,0,LOW,0.0
2579,0,0,LOW,0.0,0.076258759840792,0,LOW,0.0
2580,0,0,LOW,0.0,0.0649148151734581,0,LOW,0.0
2581,0,0,LOW,0.0,0.5024956793988157,1,REVIEW,
2582,0,0,LOW,0.0,0.02026685377875365,0,LOW,0.0
2583,0,0,LOW,0.0,0.02074468230931428,0,LOW,0.0
2584,0,0,LOW,0.0,0.3866582977814804,0,LOW,0.0
2585,0,0,LOW,0.0,0.1371734210658163,0,LOW,0.0
2586,0,0,LOW,0.0,0.19857410793060765,0,LOW,0.0
2587,0,10,LOW,0.0,0.11377615143280215,0,LOW,0.0
2588,0,0,LOW,0.0,0.23998193952187125,0,LOW,0.0
2589,0,10,LOW,0.0,0.10598115856037933,0,LOW,0.0
2590,0,10,LOW,0.0,0.2113386877620376,0,LOW,0.0
2591,0,10,LOW,0.0,0.5472919826666716,1,REVIEW,
2592,0,0,LOW,0.0,0.2583215665556129,0,LOW,0.0
2593,0,0,LOW,0.0,0.4475044667414966,0,LOW,0.0
2594,0,0,LOW,0.0,0.0656515778500408,0,LOW,0.0
2595,0,0,LOW,0.0,0.07354172852848499,0,LOW,0.0
2596,0,0,LOW,0.0,0.48706443976608227,0,LOW,0.0
2597,0,0,LOW,0.0,0.6546265048205291,1,REVIEW,
2598,0,20,LOW,0.0,0.43474677361349473,0,LOW,0.0
2599,0,0,LOW,0.0,0.038442354210429686,0,LOW,0.0
2600,0,0,LOW,0.0,0.16254598611457483,0,LOW,0.0
2601,0,0,LOW,0.0,0.38103015700319365,0,LOW,0.0
2602,0,0,LOW,0.0,0.19607514170998902,0,LOW,0.0
2603,0,0,LOW,0.0,0.10053959436111999,0,LOW,0.0
2604,0,0,LOW,0.0,0.6088761260751855,1,REVIEW,
2605,0,0,LOW,0.0,0.6306051513629792,1,REVIEW,
2606,0,0,LOW,0.0,0.24982756816684118,0,LOW,0.0
2607,0,0,LOW,0.0,0.17319199753986989,0,LOW,0.0
2608,0,0,LOW,0.0,0.1731826317277583,0,LOW,0.0
2609,0,0,LOW,0.0,0.16846866799906865,0,LOW,0.0
2610,0,0,LOW,0.0,0.8414566633734845,1,REVIEW,
2611,0,0,LOW,0.0,0.14841520744701106,0,LOW,0.0
2612,0,0,LOW,0.0,0.047698413801297704,0,LOW,0.0
2613,0,10,LOW,0.0,0.020004586435773398,0,LOW,0.0
2614,0,0,LOW,0.0,0.7456482145282881,1,REVIEW,
2615,0,0,LOW,0.0,0.4837270956055742,0,LOW,0.0
2616,0,0,LOW,0.0,0.30788749157396345,0,LOW,0.0
2617,0,0,LOW,0.0,0.05751736560563317,0,LOW,0.0
2618,0,0,LOW,0.0,0.008476880071432227,0,LOW,0.0
2619,0,0,LOW,0.0,0.041126341459319135,0,LOW,0.0
2620,0,0,LOW,0.0,0.7271776755665563,1,REVIEW,
2621,0,0,LOW,0.0,0.03606753416853632,0,LOW,0.0
2622,0,0,LOW,0.0,0.009069880273408305,0,LOW,0.0
2623,0,10,LOW,0.0,0.19391374773143888,0,LOW,0.0
2624,0,0,LOW,0.0,0.29435710286693695,0,LOW,0.0
2625,0,0,LOW,0.0,0.33057971812037334,0,LOW,0.0
2626,0,0,LOW,0.0,0.1114556117226106,0,LOW,0.0
2627,0,0,LOW,0.0,0.02730123312142904,0,LOW,0.0
2628,0,0,LOW,0.0,0.413535041566355,0,LOW,0.0
2629,0,0,LOW,0.0,0.46317762019252373,0,LOW,0.0
2630,0,0,LOW,0.0,0.010066544266966643,0,LOW,0.0
2631,0,10,LOW,0.0,0.7340318099311168,1,REVIEW,
2632,0,0,LOW,0.0,0.3898029569431557,0,LOW,0.0
2633,0,0,LOW,0.0,0.17265296698414984,0,LOW,0.0
2634,0,0,LOW,0.0,0.3884510051773715,0,LOW,0.0
2635,0,0,LOW,0.0,0.04673324845753762,0,LOW,0.0
2636,0,0,LOW,0.0,0.5279241656988211,1,REVIEW,
2637,0,0,LOW,0.0,0.43937150424381394,0,LOW,0.0
2638,0,0,LOW,0.0,0.024947551272958595,0,LOW,0.0
2639,0,0,LOW,0.0,0.15471472899664254,0,LOW,0.0
2640,0,0,LOW,0.0,0.8009274883253422,1,REVIEW,
2641,0,0,LOW,0.0,0.18630860983961467,0,LOW,0.0
2642,0,0,LOW,0.0,0.09293212686100014,0,LOW,0.0
2643,0,0,LOW,0.0,0.3131455605334382,0,LOW,0.0
2644,0,0,LOW,0.0,0.12866668112736748,0,LOW,0.0
2645,0,0,LOW,0.0,0.6668265036027635,1,REVIEW,
2646,0,0,LOW,0.0,0.5317120338036885,1,REVIEW,
2647,0,0,LOW,0.0,0.30141343205244436,0,LOW,0.0
2648,0,0,LOW,0.0,0.0662539911343807,0,LOW,0.0
2649,0,0,LOW,0.0,0.06743391629783038,0,LOW,0.0
2650,0,0,LOW,0.0,0.41592301426677,0,LOW,0.0
2651,0,0,LOW,0.0,0.11960214950837735,0,LOW,0.0
2652,0,0,LOW,0.0,0.33363977881597745,0,LOW,0.0
2653,0,0,LOW,0.0,0.4582004506279825,0,LOW,0.0
2654,0,0,LOW,0.0,0.09555996314907339,0,LOW,0.0
2655,0,0,LOW,0.0,0.40366517401546376,0,LOW,0.0
2656,0,10,LOW,0.0,0.7580216683455951,1,REVIEW,
2657,0,0,LOW,0.0,0.025096871005183763,0,LOW,0.0
2658,0,0,LOW,0.0,0.4323493562315055,0,LOW,0.0
2659,0,0,LOW,0.0,0.4591284597740011,0,LOW,0.0
2660,0,0,LOW,0.0,0.32324860770843006,0,LOW,0.0
2661,0,0,LOW,0.0,0.09189063481567725,0,LOW,0.0
2662,0,0,LOW,0.0,0.22773709641957568,0,LOW,0.0
2663,0,0,LOW,0.0,0.0803858523937807,0,LOW,0.0
2664,0,0,LOW,0.0,0.7249587568801665,1,REVIEW,
2665,0,10,LOW,0.0,0.6386845147757618,1,REVIEW,
2666,0,0,LOW,0.0,0.36959778233358254,0,LOW,0.0
2667,0,0,LOW,0.0,0.1258525004637344,0,LOW,0.0
2668,0,0,LOW,0.0,0.10708896607290197,0,LOW,0.0
2669,0,0,LOW,0.0,0.19073834580733387,0,LOW,0.0
2670,0,0,LOW,0.0,0.4146626729027187,0,LOW,0.0
2671,0,0,LOW,0.0,0.5900279522716616,1,REVIEW,
2672,0,10,LOW,0.0,0.0808427227489956,0,LOW,0.0
2673,0,0,LOW,0.0,0.5874766068205954,1,REVIEW,
2674,0,0,LOW,0.0,0.25069961643728034,0,LOW,0.0
2675,0,0,LOW,0.0,0.2486623672846825,0,LOW,0.0
2676,0,10,LOW,0.0,0.014944143262784175,0,LOW,0.0
2677,0,0,LOW,0.0,0.028740465983016508,0,LOW,0.0
2678,0,0,LOW,0.0,0.1318501358938143,0,LOW,0.0
2679,0,10,LOW,0.0,0.23920799890223407,0,LOW,0.0
2680,0,10,LOW,0.0,0.5796548901833531,1,REVIEW,
2681,0,0,LOW,0.0,0.22938609624026352,0,LOW,0.0
2682,0,0,LOW,0.0,0.09159970227333272,0,LOW,0.0
2683,0,0,LOW,0.0,0.04350827031340668,0,LOW,0.0
2684,0,0,LOW,0.0,0.17975693186952443,0,LOW,0.0
2685,0,20,LOW,0.0,0.09200107377894692,0,LOW,0.0
2686,0,10,LOW,0.0,0.2162143338598231,0,LOW,0.0
2687,0,0,LOW,0.0,0.015751607288429607,0,LOW,0.0
2688,0,0,LOW,0.0,0.022251997195660973,0,LOW,0.0
2689,0,0,LOW,0.0,0.467132878880344,0,LOW,0.0
2690,0,0,LOW,0.0,0.141849390631536,0,LOW,0.0
2691,0,0,LOW,0.0,0.11250583608386049,0,LOW,0.0
2692,0,0,LOW,0.0,0.3024430586307,0,LOW,0.0
2693,0,0,LOW,0.0,0.21967809504827773,0,LOW,0.0
2694,0,10,LOW,0.0,0.5238724812369457,1,REVIEW,
2695,0,0,LOW,0.0,0.3797102686586354,0,LOW,0.0
2696,0,0,LOW,0.0,0.015887107006692866,0,LOW,0.0
2697,0,0,LOW,0.0,0.043858156666435076,0,LOW,0.0
2698,0,0,LOW,0.0,0.26317697034324244,0,LOW,0.0
2699,0,0,LOW,0.0,0.6924718750408801,1,REVIEW,
2700,0,0,LOW,0.0,0.04672914488028829,0,LOW,0.0
2701,0,0,LOW,0.0,0.4296214193541238,0,LOW,0.0
2702,0,0,LOW,0.0,0.057464294073503626,0,LOW,0.0
2703,0,0,LOW,0.0,0.17491316535025755,0,LOW,0.0
2704,0,0,LOW,0.0,0.10671220874615404,0,LOW,0.0
2705,0,0,LOW,0.0,0.33544733017713163,0,LOW,0.0
2706,0,0,LOW,0.0,0.7709782553917809,1,REVIEW,
2707,0,0,LOW,0.0,0.03182105724117493,0,LOW,0.0
2708,0,0,LOW,0.0,0.13647328672582973,0,LOW,0.0
2709,0,0,LOW,0.0,0.19585429042903127,0,LOW,0.0
2710,0,10,LOW,0.0,0.03066253711263049,0,LOW,0.0
2711,0,0,LOW,0.0,0.5472114520160111,1,REVIEW,
2712,0,0,LOW,0.0,0.11776063668408282,0,LOW,0.0
2713,0,0,LOW,0.0,0.45906346698684725,0,LOW,0.0
2714,0,0,LOW,0.0,0.6077474906054792,1,REVIEW,
2715,0,0,LOW,0.0,0.08599829761066456,0,LOW,0.0
2716,0,0,LOW,0.0,0.698792791993565,1,REVIEW,
2717,0,0,LOW,0.0,0.17673208521254372,0,LOW,0.0
2718,0,0,LOW,0.0,0.29219766142893516,0,LOW,0.0
2719,0,10,LOW,0.0,0.016537322696553263,0,LOW,0.0
2720,0,0,LOW,0.0,0.4875676880383202,0,LOW,0.0
2721,0,0,LOW,0.0,0.1849339844963135,0,LOW,0.0
2722,0,0,LOW,0.0,0.679984475447466,1,REVIEW,
2723,0,0,LOW,0.0,0.698532598898568,1,REVIEW,
2724,0,0,LOW,0.0,0.31513446890953584,0,LOW,0.0
2725,0,0,LOW,0.0,0.291794940234708,0,LOW,0.0
2726,0,0,LOW,0.0,0.7750291970487196,1,REVIEW,
2727,0,0,LOW,0.0,0.06164321470473885,0,LOW,0.0
2728,0,0,LOW,0.0,0.14625072529547933,0,LOW,0.0
2729,0,0,LOW,0.0,0.1482110419467144,0,LOW,0.0
2730,0,0,LOW,0.0,0.08302002214465677,0,LOW,0.0
2731,0,0,LOW,0.0,0.30396049038225775,0,LOW,0.0
2732,0,0,LOW,0.0,0.008155925491188518,0,LOW,0.0
2733,0,0,LOW,0.0,0.087015838361898,0,LOW,0.0
2734,0,0,LOW,0.0,0.11087556657936894,0,LOW,0.0
2735,0,0,LOW,0.0,0.29019616043326496,0,LOW,0.0
2736,0,0,LOW,0.0,0.8168864366449813,1,REVIEW,
2737,0,0,LOW,0.0,0.2758456433748849,0,LOW,0.0
2738,0,0,LOW,0.0,0.11445299462984325,0,LOW,0.0
2739,0,0,LOW,0.0,0.9188112390972295,1,REVIEW,
2740,0,10,LOW,0.0,0.6296819515533209,1,REVIEW,
2741,0,0,LOW,0.0,0.5673845749261134,1,REVIEW,
2742,0,0,LOW,0.0,0.5425899496929175,1,REVIEW,
2743,0,0,LOW,0.0,0.24620388905863194,0,LOW,0.0
2744,0,0,LOW,0.0,0.44915917638892855,0,LOW,0.0
2745,0,0,LOW,0.0,0.04756922332429681,0,LOW,0.0
2746,0,0,LOW,0.0,0.4038889964111079,0,LOW,0.0
2747,0,0,LOW,0.0,0.030478530437547086,0,LOW,0.0
2748,0,0,LOW,0.0,0.2426548339770158,0,LOW,0.0
2749,0,10,LOW,0.0,0.032908745123564224,0,LOW,0.0
2750,0,0,LOW,0.0,0.48224470518340706,0,LOW,0.0
2751,0,0,LOW,0.0,0.4685477997032934,0,LOW,0.0
2752,0,0,LOW,0.0,0.19004963561145768,0,LOW,0.0
2753,0,0,LOW,0.0,0.27686109688954175,0,LOW,0.0
2754,0,0,LOW,0.0,0.28213021728264054,0,LOW,0.0
2755,0,0,LOW,0.0,0.14963862109171944,0,LOW,0.0
2756,0,0,LOW,0.0,0.5719700655990887,1,REVIEW,
2757,0,0,LOW,0.0,0.026025567597237464,0,LOW,0.0
2758,0,0,LOW,0.0,0.11290362733687641,0,LOW,0.0
2759,0,0,LOW,0.0,0.0949820613482945,0,LOW,0.0
2760,0,0,LOW,0.0,0.07613628146578291,0,LOW,0.0
2761,0,0,LOW,0.0,0.2374839341028236,0,LOW,0.0
2762,0,0,LOW,0.0,0.05622103848113023,0,LOW,0.0
2763,0,0,LOW,0.0,0.18751861599423883,0,LOW,0.0
2764,0,0,LOW,0.0,0.44248463719493475,0,LOW,0.0
2765,0,0,LOW,0.0,0.29506138618193367,0,LOW,0.0
2766,0,10,LOW,0.0,0.6263630473632182,1,REVIEW,
2767,0,0,LOW,0.0,0.10234321794868226,0,LOW,0.0
2768,0,0,LOW,0.0,0.6623495201997172,1,REVIEW,
2769,0,15,LOW,0.0,0.4811934052495842,0,LOW,0.0
2770,0,0,LOW,0.0,0.011293924462008529,0,LOW,0.0
2771,0,0,LOW,0.0,0.033551010610649475,0,LOW,0.0
2772,0,0,LOW,0.0,0.02957841530804272,0,LOW,0.0
2773,0,0,LOW,0.0,0.2264634395836392,0,LOW,0.0
2774,0,0,LOW,0.0,0.29916065213692944,0,LOW,0.0
2775,0,0,LOW,0.0,0.482815615915701,0,LOW,0.0
2776,0,0,LOW,0.0,0.04933017912422285,0,LOW,0.0
2777,0,0,LOW,0.0,0.0314724037693384,0,LOW,0.0
2778,0,0,LOW,0.0,0.23889464743142214,0,LOW,0.0
2779,0,0,LOW,0.0,0.04313788759286473,0,LOW,0.0
2780,0,10,LOW,0.0,0.616470648743829,1,REVIEW,
2781,0,0,LOW,0.0,0.49668269264030496,0,LOW,0.0
2782,0,0,LOW,0.0,0.1931175158551808,0,LOW,0.0
2783,0,0,LOW,0.0,0.05996257925010254,0,LOW,0.0
2784,0,0,LOW,0.0,0.12753453284231822,0,LOW,0.0
2785,0,0,LOW,0.0,0.2956527416916333,0,LOW,0.0
2786,0,0,LOW,0.0,0.8490890383598854,1,REVIEW,
2787,0,0,LOW,0.0,0.3790824003248403,0,LOW,0.0
2788,0,0,LOW,0.0,0.032815589426813355,0,LOW,0.0
2789,0,10,LOW,0.0,0.14287976330597685,0,LOW,0.0
2790,0,0,LOW,0.0,0.3284514760870299,0,LOW,0.0
2791,0,0,LOW,0.0,0.1011767301271688,0,LOW,0.0
2792,0,0,LOW,0.0,0.5009844578013073,1,REVIEW,
2793,0,0,LOW,0.0,0.35295925407844414,0,LOW,0.0
2794,0,0,LOW,0.0,0.1428561898960432,0,LOW,0.0
2795,0,0,LOW,0.0,0.05775053855051097,0,LOW,0.0
2796,0,0,LOW,0.0,0.8297087171877764,1,REVIEW,
2797,0,0,LOW,0.0,0.0983326177904715,0,LOW,0.0
2798,0,0,LOW,0.0,0.27274786436277043,0,LOW,0.0
2799,0,0,LOW,0.0,0.34390767019248225,0,LOW,0.0
2800,0,0,LOW,0.0,0.21311306729533017,0,LOW,0.0
2801,0,0,LOW,0.0,0.19365272831545166,0,LOW,0.0
2802,0,0,LOW,0.0,0.28036146796373046,0,LOW,0.0
2803,0,0,LOW,0.0,0.5628514984201533,1,REVIEW,
2804,0,0,LOW,0.0,0.2163860053914429,0,LOW,0.0
2805,0,0,LOW,0.0,0.9346361478674916,1,REVIEW,
2806,0,0,LOW,0.0,0.7910017117993342,1,REVIEW,
2807,0,0,LOW,0.0,0.033836455273238135,0,LOW,0.0
2808,0,0,LOW,0.0,0.23114406567238277,0,LOW,0.0
2809,0,0,LOW,0.0,0.7109174211708476,1,REVIEW,
2810,0,0,LOW,0.0,0.5423963914819654,1,REVIEW,
2811,0,0,LOW,0.0,0.2831594308934418,0,LOW,0.0
2812,0,0,LOW,0.0,0.34442470785005375,0,LOW,0.0
2813,0,0,LOW,0.0,0.046169021438046076,0,LOW,0.0
2814,0,0,LOW,0.0,0.48709428401184635,0,LOW,0.0
2815,0,0,LOW,0.0,0.3114326296016657,0,LOW,0.0
2816,0,0,LOW,0.0,0.16123712655262754,0,LOW,0.0
2817,0,0,LOW,0.0,0.15092702732069635,0,LOW,0.0
2818,0,0,LOW,0.0,0.11429435026335998,0,LOW,0.0
2819,0,0,LOW,0.0,0.02152448848270946,0,LOW,0.0
2820,0,0,LOW,0.0,0.3662379046913452,0,LOW,0.0
2821,0,0,LOW,0.0,0.19517955971786105,0,LOW,0.0
2822,0,0,LOW,0.0,0.30167888831699774,0,LOW,0.0
2823,0,0,LOW,0.0,0.04473104965542844,0,LOW,0.0
2824,0,0,LOW,0.0,0.2451518631338689,0,LOW,0.0
2825,0,0,LOW,0.0,0.07866268819188918,0,LOW,0.0
2826,0,0,LOW,0.0,0.4360677106796903,0,LOW,0.0
2827,0,0,LOW,0.0,0.5091843489081159,1,REVIEW,
2828,0,0,LOW,0.0,0.09885156421419415,0,LOW,0.0
2829,0,10,LOW,0.0,0.0675725889852568,0,LOW,0.0
2830,0,10,LOW,0.0,0.6170915711773232,1,REVIEW,
2831,0,0,LOW,0.0,0.7917352837048715,1,REVIEW,
2832,0,0,LOW,0.0,0.3820655538975453,0,LOW,0.0
2833,0,0,LOW,0.0,0.20943431814594654,0,LOW,0.0
2834,0,0,LOW,0.0,0.32500619809416204,0,LOW,0.0
2835,0,0,LOW,0.0,0.06890309199710298,0,LOW,0.0
2836,0,0,LOW,0.0,0.306869632202404,0,LOW,0.0
2837,0,0,LOW,0.0,0.3340945567309375,0,LOW,0.0
2838,0,0,LOW,0.0,0.08459672407792598,0,LOW,0.0
2839,0,0,LOW,0.0,0.034745871881554174,0,LOW,0.0
2840,0,0,LOW,0.0,0.5420276382805773,1,REVIEW,
2841,0,0,LOW,0.0,0.4820547031561051,0,LOW,0.0
2842,0,0,LOW,0.0,0.11361263175601302,0,LOW,0.0
2843,0,0,LOW,0.0,0.5912169769200595,1,REVIEW,
2844,0,0,LOW,0.0,0.09034914313704386,0,LOW,0.0
2845,0,0,LOW,0.0,0.5301432585826407,1,REVIEW,
2846,0,0,LOW,0.0,0.18217916349253366,0,LOW,0.0
2847,0,0,LOW,0.0,0.5261291471251843,1,REVIEW,
2848,0,0,LOW,0.0,0.03858492723947333,0,LOW,0.0
2849,0,0,LOW,0.0,0.051456959675767786,0,LOW,0.0
2850,0,0,LOW,0.0,0.18506436576388083,0,LOW,0.0
2851,0,0,LOW,0.0,0.3158959403922046,0,LOW,0.0
2852,0,0,LOW,0.0,0.026085930882696173,0,LOW,0.0
2853,0,0,LOW,0.0,0.042907774008335155,0,LOW,0.0
2854,0,0,LOW,0.0,0.7142065386700012,1,REVIEW,
2855,0,0,LOW,0.0,0.7143022177041946,1,REVIEW,
2856,0,0,LOW,0.0,0.2617354993768761,0,LOW,0.0
2857,0,0,LOW,0.0,0.4191551641427929,0,LOW,0.0
2858,0,0,LOW,0.0,0.6489963137034375,1,REVIEW,
2859,0,0,LOW,0.0,0.4419422304675774,0,LOW,0.0
2860,0,0,LOW,0.0,0.3201791554485634,0,LOW,0.0
2861,0,0,LOW,0.0,0.5402084463185605,1,REVIEW,
2862,0,0,LOW,0.0,0.05762043178189975,0,LOW,0.0
2863,0,0,LOW,0.0,0.014859981424829848,0,LOW,0.0
2864,0,0,LOW,0.0,0.6368348998601646,1,REVIEW,
2865,0,0,LOW,0.0,0.6959600375409559,1,REVIEW,
2866,0,0,LOW,0.0,0.07561136273119483,0,LOW,0.0
2867,0,0,LOW,0.0,0.43921266702325484,0,LOW,0.0
2868,0,0,LOW,0.0,0.006336767183443539,0,LOW,0.0
2869,0,0,LOW,0.0,0.21575399940652293,0,LOW,0.0
2870,0,0,LOW,0.0,0.11010894087573332,0,LOW,0.0
2871,0,0,LOW,0.0,0.5871466239288053,1,REVIEW,
2872,0,0,LOW,0.0,0.16229210234185554,0,LOW,0.0
2873,0,0,LOW,0.0,0.23617370681241448,0,LOW,0.0
2874,0,0,LOW,0.0,0.12295935157197727,0,LOW,0.0
2875,0,0,LOW,0.0,0.26278614201574707,0,LOW,0.0
2876,0,0,LOW,0.0,0.47070490028786266,0,LOW,0.0
2877,0,0,LOW,0.0,0.18430379313936607,0,LOW,0.0
2878,0,0,LOW,0.0,0.19372732341783505,0,LOW,0.0
2879,0,0,LOW,0.0,0.8212267309647228,1,REVIEW,
2880,0,0,LOW,0.0,0.5613925632266172,1,REVIEW,
2881,0,0,LOW,0.0,0.6101717118381867,1,REVIEW,
2882,0,0,LOW,0.0,0.1276680153093985,0,LOW,0.0
2883,0,0,LOW,0.0,0.12721287313182267,0,LOW,0.0
2884,0,10,LOW,0.0,0.9497080522055514,1,REVIEW,
2885,0,0,LOW,0.0,0.26013472981176444,0,LOW,0.0
2886,0,0,LOW,0.0,0.3505162861298254,0,LOW,0.0
2887,0,0,LOW,0.0,0.3055102915378838,0,LOW,0.0
2888,0,0,LOW,0.0,0.032861671256390265,0,LOW,0.0
2889,0,0,LOW,0.0,0.8057762090741466,1,REVIEW,
2890,0,0,LOW,0.0,0.2892629502571975,0,LOW,0.0
2891,0,0,LOW,0.0,0.36304243912495837,0,LOW,0.0
2892,0,0,LOW,0.0,0.32347109829788157,0,LOW,0.0
2893,0,0,LOW,0.0,0.025572993438087832,0,LOW,0.0
2894,0,0,LOW,0.0,0.08165263094318662,0,LOW,0.0
2895,0,10,LOW,0.0,0.6344089621694542,1,REVIEW,
2896,0,0,LOW,0.0,0.046710479162699256,0,LOW,0.0
2897,0,10,LOW,0.0,0.10627363957128069,0,LOW,0.0
2898,0,0,LOW,0.0,0.20663740679465667,0,LOW,0.0
2899,0,0,LOW,0.0,0.32398823338369015,0,LOW,0.0
2900,0,0,LOW,0.0,0.610346731168879,1,REVIEW,
2901,0,10,LOW,0.0,0.4927393066148022,0,LOW,0.0
2902,0,0,LOW,0.0,0.027093650458578866,0,LOW,0.0
2903,0,0,LOW,0.0,0.3522250418250551,0,LOW,0.0
2904,0,0,LOW,0.0,0.426858534397222,0,LOW,0.0
2905,0,0,LOW,0.0,0.11845136616040557,0,LOW,0.0
2906,0,0,LOW,0.0,0.6930545122111246,1,REVIEW,
2907,0,0,LOW,0.0,0.31992750362415207,0,LOW,0.0
2908,0,0,LOW,0.0,0.2392281521859365,0,LOW,0.0
2909,0,0,LOW,0.0,0.06296230574431962,0,LOW,0.0
2910,0,0,LOW,0.0,0.1681204663056588,0,LOW,0.0
2911,0,0,LOW,0.0,0.05318272150877317,0,LOW,0.0
2912,0,0,LOW,0.0,0.1646577078060308,0,LOW,0.0
2913,0,0,LOW,0.0,0.2118175858709956,0,LOW,0.0
2914,0,0,LOW,0.0,0.04810658026919048,0,LOW,0.0
2915,0,0,LOW,0.0,0.21987104100720056,0,LOW,0.0
2916,0,0,LOW,0.0,0.3322636856940733,0,LOW,0.0
2917,0,0,LOW,0.0,0.05993539210142922,0,LOW,0.0
2918,0,0,LOW,0.0,0.04074883463247836,0,LOW,0.0
2919,0,0,LOW,0.0,0.26007977262604576,0,LOW,0.0
2920,0,0,LOW,0.0,0.8365330488908279,1,REVIEW,
2921,0,0,LOW,0.0,0.23068756153174236,0,LOW,0.0
2922,0,0,LOW,0.0,0.44755315265827617,0,LOW,0.0
2923,0,0,LOW,0.0,0.04930178231559032,0,LOW,0.0
2924,0,0,LOW,0.0,0.27680849254539835,0,LOW,0.0
2925,0,0,LOW,0.0,0.2724175328234001,0,LOW,0.0
2926,0,0,LOW,0.0,0.30072425441051465,0,LOW,0.0
2927,0,0,LOW,0.0,0.23669231401180352,0,LOW,0.0
2928,0,0,LOW,0.0,0.021545422359626348,0,LOW,0.0
2929,0,0,LOW,0.0,0.035379477517671266,0,LOW,0.0
2930,0,0,LOW,0.0,0.3180505824872571,0,LOW,0.0
2931,0,0,LOW,0.0,0.2845962415537506,0,LOW,0.0
2932,0,0,LOW,0.0,0.3908273023829458,0,LOW,0.0
2933,0,0,LOW,0.0,0.054435460887381056,0,LOW,0.0
2934,0,0,LOW,0.0,0.5832419516810134,1,REVIEW,
2935,0,0,LOW,0.0,0.2994960528364676,0,LOW,0.0
2936,0,0,LOW,0.0,0.03892293093642892,0,LOW,0.0
2937,0,0,LOW,0.0,0.47449673568150286,0,LOW,0.0
2938,0,0,LOW,0.0,0.37104297675886905,0,LOW,0.0
2939,0,0,LOW,0.0,0.04357588960077736,0,LOW,0.0
2940,0,0,LOW,0.0,0.021322352106888758,0,LOW,0.0
2941,0,0,LOW,0.0,0.380232981583738,0,LOW,0.0
2942,0,0,LOW,0.0,0.46888463874468284,0,LOW,0.0
2943,0,0,LOW,0.0,0.384119001122182,0,LOW,0.0
2944,0,0,LOW,0.0,0.4221375443283438,0,LOW,0.0
2945,0,0,LOW,0.0,0.1276987323595383,0,LOW,0.0
2946,0,0,LOW,0.0,0.13945730430440176,0,LOW,0.0
2947,0,0,LOW,0.0,0.7536425053512213,1,REVIEW,
2948,0,0,LOW,0.0,0.1045052355257636,0,LOW,0.0
2949,0,0,LOW,0.0,0.5493211012509817,1,REVIEW,
2950,0,0,LOW,0.0,0.7266825174171408,1,REVIEW,
2951,0,0,LOW,0.0,0.2528581404478011,0,LOW,0.0
2952,0,0,LOW,0.0,0.43269508172259397,0,LOW,0.0
2953,0,0,LOW,0.0,0.5457259659111282,1,REVIEW,
2954,0,0,LOW,0.0,0.03559200907870113,0,LOW,0.0
2955,0,10,LOW,0.0,0.16152484947627158,0,LOW,0.0
2956,0,0,LOW,0.0,0.029689387748856804,0,LOW,0.0
2957,0,0,LOW,0.0,0.7173094266460049,1,REVIEW,
2958,0,0,LOW,0.0,0.007370264838421836,0,LOW,0.0
2959,0,0,LOW,0.0,0.0990936119845908,0,LOW,0.0
2960,0,10,LOW,0.0,0.32922896336446805,0,LOW,0.0
2961,0,10,LOW,0.0,0.4030894735357887,0,LOW,0.0
2962,0,0,LOW,0.0,0.20912431849275517,0,LOW,0.0
2963,0,0,LOW,0.0,0.16210017499749957,0,LOW,0.0
2964,0,0,LOW,0.0,0.2887660782301755,0,LOW,0.0
2965,0,0,LOW,0.0,0.09865671617200071,0,LOW,0.0
2966,0,0,LOW,0.0,0.17478630914815463,0,LOW,0.0
2967,0,0,LOW,0.0,0.40786773570115104,0,LOW,0.0
2968,0,0,LOW,0.0,0.037379484779706006,0,LOW,0.0
2969,0,0,LOW,0.0,0.12300930652445691,0,LOW,0.0
2970,0,0,LOW,0.0,0.18074579627529214,0,LOW,0.0
2971,0,0,LOW,0.0,0.3229998001161629,0,LOW,0.0
2972,0,0,LOW,0.0,0.5324401882700861,1,REVIEW,
2973,0,0,LOW,0.0,0.033068177104259106,0,LOW,0.0
2974,0,0,LOW,0.0,0.018079176502194375,0,LOW,0.0
2975,0,0,LOW,0.0,0.08660154289504574,0,LOW,0.0
2976,0,0,LOW,0.0,0.17873001371109437,0,LOW,0.0
2977,0,0,LOW,0.0,0.2455218885183818,0,LOW,0.0
2978,0,0,LOW,0.0,0.030040031621855437,0,LOW,0.0
2979,0,0,LOW,0.0,0.35243874715259355,0,LOW,0.0
2980,0,10,LOW,0.0,0.5102242751622451,1,REVIEW,
2981,0,0,LOW,0.0,0.4419134970843811,0,LOW,0.0
2982,0,0,LOW,0.0,0.28043929702156895,0,LOW,0.0
2983,0,0,LOW,0.0,0.23938112141451273,0,LOW,0.0
2984,0,0,LOW,0.0,0.12528590310574683,0,LOW,0.0
2985,0,0,LOW,0.0,0.44003300668722267,0,LOW,0.0
2986,0,20,LOW,0.0,0.31601311470184085,0,LOW,0.0
2987,0,0,LOW,0.0,0.8007315210652542,1,REVIEW,
2988,0,0,LOW,0.0,0.21723157369318236,0,LOW,0.0
2989,0,0,LOW,0.0,0.03823120166319361,0,LOW,0.0
2990,0,0,LOW,0.0,0.05690844686427057,0,LOW,0.0
2991,0,0,LOW,0.0,0.03231043133337264,0,LOW,0.0
2992,0,0,LOW,0.0,0.487747816565416,0,LOW,0.0
2993,0,0,LOW,0.0,0.1424118539619043,0,LOW,0.0
2994,0,0,LOW,0.0,0.12394316159100735,0,LOW,0.0
2995,0,0,LOW,0.0,0.38223453792521145,0,LOW,0.0
2996,0,0,LOW,0.0,0.20331328387277758,0,LOW,0.0
2997,0,0,LOW,0.0,0.5021864728289895,1,REVIEW,
2998,0,0,LOW,0.0,0.0075929437066917516,0,LOW,0.0
2999,0,0,LOW,0.0,0.16127370581799502,0,LOW,0.0
3000,0,0,LOW,0.0,0.10310811285136272,0,LOW,0.0
3001,0,0,LOW,0.0,0.3682188228096445,0,LOW,0.0
3002,0,0,LOW,0.0,0.1765974223153172,0,LOW,0.0
3003,0,0,LOW,0.0,0.16269160779288439,0,LOW,0.0
3004,0,0,LOW,0.0,0.19815325470407713,0,LOW,0.0
3005,0,0,LOW,0.0,0.22976981382776424,0,LOW,0.0
3006,0,0,LOW,0.0,0.5902969827143391,1,REVIEW,
3007,0,0,LOW,0.0,0.03575728554789669,0,LOW,0.0
3008,0,0,LOW,0.0,0.0947073923715647,0,LOW,0.0
3009,0,0,LOW,0.0,0.3494828605848553,0,LOW,0.0
3010,0,10,LOW,0.0,0.07688682512365168,0,LOW,0.0
3011,0,0,LOW,0.0,0.4569241327836217,0,LOW,0.0
3012,0,0,LOW,0.0,0.19729702247182151,0,LOW,0.0
3013,0,0,LOW,0.0,0.3519106770830379,0,LOW,0.0
3014,0,0,LOW,0.0,0.09518469128708205,0,LOW,0.0
3015,0,0,LOW,0.0,0.7543754006436979,1,REVIEW,
3016,0,0,LOW,0.0,0.028754066387853383,0,LOW,0.0
3017,0,0,LOW,0.0,0.07076057199059882,0,LOW,0.0
3018,0,0,LOW,0.0,0.10977508482990612,0,LOW,0.0
3019,0,0,LOW,0.0,0.10208351972404235,0,LOW,0.0
3020,0,0,LOW,0.0,0.14059039440312637,0,LOW,0.0
3021,0,0,LOW,0.0,0.13961461933824415,0,LOW,0.0
3022,0,10,LOW,0.0,0.03390388079203075,0,LOW,0.0
3023,0,0,LOW,0.0,0.20722373645318337,0,LOW,0.0
3024,0,0,LOW,0.0,0.008443231241338207,0,LOW,0.0
3025,0,0,LOW,0.0,0.023281965320143393,0,LOW,0.0
3026,0,0,LOW,0.0,0.627770972858122,1,REVIEW,
3027,0,0,LOW,0.0,0.14438414772959576,0,LOW,0.0
3028,0,0,LOW,0.0,0.3290963382159399,0,LOW,0.0
3029,0,0,LOW,0.0,0.24649644821316255,0,LOW,0.0
3030,0,0,LOW,0.0,0.08390294858868072,0,LOW,0.0
3031,0,0,LOW,0.0,0.06902985540676004,0,LOW,0.0
3032,0,0,LOW,0.0,0.035249971661201,0,LOW,0.0
3033,0,0,LOW,0.0,0.019072299696692767,0,LOW,0.0
3034,0,10,LOW,0.0,0.05900131385657215,0,LOW,0.0
3035,0,0,LOW,0.0,0.449361807787897,0,LOW,0.0
3036,0,0,LOW,0.0,0.13577080050315898,0,LOW,0.0
3037,0,0,LOW,0.0,0.15731647098270526,0,LOW,0.0
3038,0,0,LOW,0.0,0.005766992765150067,0,LOW,0.0
3039,0,0,LOW,0.0,0.16090470580322694,0,LOW,0.0
3040,0,0,LOW,0.0,0.5559141339426455,1,REVIEW,
3041,0,0,LOW,0.0,0.1364564865184304,0,LOW,0.0
3042,0,0,LOW,0.0,0.23744434810925322,0,LOW,0.0
3043,0,0,LOW,0.0,0.0813085508709194,0,LOW,0.0
3044,0,0,LOW,0.0,0.10984623536723731,0,LOW,0.0
3045,0,10,LOW,0.0,0.08587102635545982,0,LOW,0.0
3046,0,0,LOW,0.0,0.6790482568897664,1,REVIEW,
3047,0,0,LOW,0.0,0.016520829315125343,0,LOW,0.0
3048,0,0,LOW,0.0,0.011966704325850645,0,LOW,0.0
3049,0,0,LOW,0.0,0.5544738824322458,1,REVIEW,
3050,0,0,LOW,0.0,0.2307978903853845,0,LOW,0.0
3051,0,0,LOW,0.0,0.062229084249746276,0,LOW,0.0
3052,0,0,LOW,0.0,0.015102326439674579,0,LOW,0.0
3053,0,0,LOW,0.0,0.03356630185671316,0,LOW,0.0
3054,0,0,LOW,0.0,0.02236710280472985,0,LOW,0.0
3055,0,10,LOW,0.0,0.45061845919090904,0,LOW,0.0
3056,0,0,LOW,0.0,0.5709102525146792,1,REVIEW,
3057,0,0,LOW,0.0,0.19579490715619674,0,LOW,0.0
3058,0,0,LOW,0.0,0.37453048914091125,0,LOW,0.0
3059,0,0,LOW,0.0,0.485380004215565,0,LOW,0.0
3060,0,0,LOW,0.0,0.319983884404381,0,LOW,0.0
3061,0,0,LOW,0.0,0.9140017469557419,1,REVIEW,
3062,0,0,LOW,0.0,0.27405856859469574,0,LOW,0.0
3063,0,0,LOW,0.0,0.05404755460933167,0,LOW,0.0
3064,0,10,LOW,0.0,0.09456215352059877,0,LOW,0.0
3065,0,10,LOW,0.0,0.3182697009965259,0,LOW,0.0
3066,0,0,LOW,0.0,0.05000577381624121,0,LOW,0.0
3067,0,0,LOW,0.0,0.3728525620348385,0,LOW,0.0
3068,0,0,LOW,0.0,0.07335131295363578,0,LOW,0.0
3069,0,0,LOW,0.0,0.06936093488892103,0,LOW,0.0
3070,0,0,LOW,0.0,0.33094206189563347,0,LOW,0.0
3071,0,10,LOW,0.0,0.1914954093606749,0,LOW,0.0
3072,0,0,LOW,0.0,0.24991254217745218,0,LOW,0.0
3073,0,0,LOW,0.0,0.11475622208691005,0,LOW,0.0
3074,0,0,LOW,0.0,0.023488689094992975,0,LOW,0.0
3075,0,0,LOW,0.0,0.31650893934801705,0,LOW,0.0
3076,0,0,LOW,0.0,0.08245182374799893,0,LOW,0.0
3077,0,0,LOW,0.0,0.048919898173527966,0,LOW,0.0
3078,0,0,LOW,0.0,0.05292365903253434,0,LOW,0.0
3079,0,0,LOW,0.0,0.11860549064330249,0,LOW,0.0
3080,0,0,LOW,0.0,0.08729244543344532,0,LOW,0.0
3081,0,0,LOW,0.0,0.22038685037005828,0,LOW,0.0
3082,0,0,LOW,0.0,0.19247347837387785,0,LOW,0.0
3083,0,0,LOW,0.0,0.2472859376576489,0,LOW,0.0
3084,0,0,LOW,0.0,0.08744087518040378,0,LOW,0.0
3085,0,0,LOW,0.0,0.25211784001947424,0,LOW,0.0
3086,0,0,LOW,0.0,0.24438941880915152,0,LOW,0.0
3087,0,0,LOW,0.0,0.568380070331711,1,REVIEW,
3088,0,0,LOW,0.0,0.2330267413895316,0,LOW,0.0
3089,0,0,LOW,0.0,0.32777837793561476,0,LOW,0.0
3090,0,10,LOW,0.0,0.16647347692453882,0,LOW,0.0
3091,0,0,LOW,0.0,0.0572180725922822,0,LOW,0.0
3092,0,0,LOW,0.0,0.19694780209767426,0,LOW,0.0
3093,0,0,LOW,0.0,0.007414295858269059,0,LOW,0.0
3094,0,0,LOW,0.0,0.2500255375240739,0,LOW,0.0
3095,0,0,LOW,0.0,0.2738329975434057,0,LOW,0.0
3096,0,0,LOW,0.0,0.19853063415806654,0,LOW,0.0
3097,0,10,LOW,0.0,0.008446442081071252,0,LOW,0.0
3098,0,0,LOW,0.0,0.003932712802844432,0,LOW,0.0
3099,0,0,LOW,0.0,0.03558181250604261,0,LOW,0.0
3100,0,0,LOW,0.0,0.03886330375901582,0,LOW,0.0
3101,0,0,LOW,0.0,0.3557092452795233,0,LOW,0.0
3102,0,0,LOW,0.0,0.5456436636067572,1,REVIEW,
3103,0,0,LOW,0.0,0.24703364746703788,0,LOW,0.0
3104,0,0,LOW,0.0,0.011415836615093988,0,LOW,0.0
3105,0,0,LOW,0.0,0.012649614147849418,0,LOW,0.0
3106,0,0,LOW,0.0,0.6938400160128293,1,REVIEW,
3107,0,0,LOW,0.0,0.3434658840921236,0,LOW,0.0
3108,0,0,LOW,0.0,0.05026744263209328,0,LOW,0.0
3109,0,0,LOW,0.0,0.09078567975426939,0,LOW,0.0
3110,0,0,LOW,0.0,0.37136183149932206,0,LOW,0.0
3111,0,0,LOW,0.0,0.4995810917570902,0,LOW,0.0
3112,0,0,LOW,0.0,0.17967717021029045,0,LOW,0.0
3113,0,10,LOW,0.0,0.36314461515786906,0,LOW,0.0
3114,0,0,LOW,0.0,0.011528791654632923,0,LOW,0.0
3115,0,0,LOW,0.0,0.027126985332231023,0,LOW,0.0
3116,0,0,LOW,0.0,0.6100178156701143,1,REVIEW,
3117,0,0,LOW,0.0,0.25515749701369206,0,LOW,0.0
3118,0,0,LOW,0.0,0.6630973872306146,1,REVIEW,
3119,0,0,LOW,0.0,0.11519985258832698,0,LOW,0.0
3120,0,0,LOW,0.0,0.46328539317919487,0,LOW,0.0
3121,0,0,LOW,0.0,0.43368198241498257,0,LOW,0.0
3122,0,0,LOW,0.0,0.37531373443566496,0,LOW,0.0
3123,0,0,LOW,0.0,0.8209749595279912,1,REVIEW,
3124,0,0,LOW,0.0,0.2936874961810781,0,LOW,0.0
3125,0,0,LOW,0.0,0.7940906142506483,1,REVIEW,
3126,0,0,LOW,0.0,0.09316534868410736,0,LOW,0.0
3127,0,0,LOW,0.0,0.4403537727831497,0,LOW,0.0
3128,0,5,LOW,0.0,0.5913928160901171,1,REVIEW,
3129,0,10,LOW,0.0,0.04737548152912863,0,LOW,0.0
3130,0,0,LOW,0.0,0.050002014028454896,0,LOW,0.0
3131,0,0,LOW,0.0,0.46234330269483426,0,LOW,0.0
3132,0,0,LOW,0.0,0.5278111630644183,1,REVIEW,
3133,0,10,LOW,0.0,0.12726636589604162,0,LOW,0.0
3134,0,10,LOW,0.0,0.02332323187546052,0,LOW,0.0
3135,0,0,LOW,0.0,0.25468361815319046,0,LOW,0.0
3136,0,0,LOW,0.0,0.24905262015804727,0,LOW,0.0
3137,0,0,LOW,0.0,0.44304483769029174,0,LOW,0.0
3138,0,0,LOW,0.0,0.279242795298336,0,LOW,0.0
3139,0,0,LOW,0.0,0.1179774599404414,0,LOW,0.0
3140,0,0,LOW,0.0,0.5905509537003842,1,REVIEW,
3141,0,10,LOW,0.0,0.06992665093147069,0,LOW,0.0
3142,0,0,LOW,0.0,0.628385767507363,1,REVIEW,
3143,0,0,LOW,0.0,0.37206669890098315,0,LOW,0.0
3144,0,0,LOW,0.0,0.11567084924407206,0,LOW,0.0
3145,0,0,LOW,0.0,0.022482454534738322,0,LOW,0.0
3146,0,0,LOW,0.0,0.034667326240589706,0,LOW,0.0
3147,0,0,LOW,0.0,0.2947367602860401,0,LOW,0.0
3148,0,10,LOW,0.0,0.43509034413765996,0,LOW,0.0
3149,0,0,LOW,0.0,0.015683181123137106,0,LOW,0.0
3150,0,10,LOW,0.0,0.37834565834357065,0,LOW,0.0
3151,0,0,LOW,0.0,0.26306235724068305,0,LOW,0.0
3152,0,0,LOW,0.0,0.10089881536400372,0,LOW,0.0
3153,0,0,LOW,0.0,0.03221417759742471,0,LOW,0.0
3154,0,0,LOW,0.0,0.010367114923392711,0,LOW,0.0
3155,0,0,LOW,0.0,0.4335329220691176,0,LOW,0.0
3156,0,0,LOW,0.0,0.0941402537700621,0,LOW,0.0
3157,0,10,LOW,0.0,0.4681589059992803,0,LOW,0.0
3158,0,0,LOW,0.0,0.3290838025539087,0,LOW,0.0
3159,0,0,LOW,0.0,0.41668616769520633,0,LOW,0.0
3160,0,0,LOW,0.0,0.059413438952442596,0,LOW,0.0
3161,0,15,LOW,0.0,0.7008849839236669,1,REVIEW,
3162,0,0,LOW,0.0,0.23095338774106144,0,LOW,0.0
3163,0,0,LOW,0.0,0.7990047348454037,1,REVIEW,
3164,0,0,LOW,0.0,0.4268138675510554,0,LOW,0.0
3165,0,0,LOW,0.0,0.02186880039384149,0,LOW,0.0
3166,0,0,LOW,0.0,0.6006254596195546,1,REVIEW,
3167,0,0,LOW,0.0,0.09055444471953818,0,LOW,0.0
3168,0,0,LOW,0.0,0.16232382963984565,0,LOW,0.0
3169,0,0,LOW,0.0,0.3596745485431434,0,LOW,0.0
3170,0,0,LOW,0.0,0.017604737799508018,0,LOW,0.0
3171,0,0,LOW,0.0,0.03726064642152883,0,LOW,0.0
3172,0,0,LOW,0.0,0.7266174591354957,1,REVIEW,
3173,0,0,LOW,0.0,0.051760250303490615,0,LOW,0.0
3174,0,0,LOW,0.0,0.2083590310590796,0,LOW,0.0
3175,0,0,LOW,0.0,0.09133085373119447,0,LOW,0.0
3176,0,0,LOW,0.0,0.004016805060925629,0,LOW,0.0
3177,0,10,LOW,0.0,0.03852771132844009,0,LOW,0.0
3178,0,0,LOW,0.0,0.14362479036998915,0,LOW,0.0
3179,0,0,LOW,0.0,0.02152942745788352,0,LOW,0.0
3180,0,0,LOW,0.0,0.01831360159833319,0,LOW,0.0
3181,0,0,LOW,0.0,0.014024218484097508,0,LOW,0.0
3182,0,0,LOW,0.0,0.04847889148576005,0,LOW,0.0
3183,0,0,LOW,0.0,0.5719474191656279,1,REVIEW,
3184,0,0,LOW,0.0,0.04347582240063603,0,LOW,0.0
3185,0,0,LOW,0.0,0.2029012548241035,0,LOW,0.0
3186,0,0,LOW,0.0,0.2015669917366174,0,LOW,0.0
3187,0,10,LOW,0.0,0.12988388720968974,0,LOW,0.0
3188,0,0,LOW,0.0,0.46369369993645393,0,LOW,0.0
3189,0,0,LOW,0.0,0.34612726152496764,0,LOW,0.0
3190,0,0,LOW,0.0,0.4082110905514841,0,LOW,0.0
3191,0,0,LOW,0.0,0.1907278369826684,0,LOW,0.0
3192,0,0,LOW,0.0,0.7176501969790641,1,REVIEW,
3193,0,0,LOW,0.0,0.4127008197951981,0,LOW,0.0
3194,0,0,LOW,0.0,0.34294967920377945,0,LOW,0.0
3195,0,0,LOW,0.0,0.950107131143096,1,REVIEW,
3196,0,0,LOW,0.0,0.2641937184764499,0,LOW,0.0
3197,0,10,LOW,0.0,0.1845413111668253,0,LOW,0.0
3198,0,0,LOW,0.0,0.039766848911018705,0,LOW,0.0
3199,0,0,LOW,0.0,0.07755366475164371,0,LOW,0.0
3200,0,0,LOW,0.0,0.6471679518906805,1,REVIEW,
3201,0,0,LOW,0.0,0.7836237608918698,1,REVIEW,
3202,0,0,LOW,0.0,0.3800356080984368,0,LOW,0.0
3203,0,0,LOW,0.0,0.08292728984092629,0,LOW,0.0
3204,0,0,LOW,0.0,0.093464496782567,0,LOW,0.0
3205,0,0,LOW,0.0,0.7506127694854682,1,REVIEW,
3206,0,0,LOW,0.0,0.03974155598855682,0,LOW,0.0
3207,0,0,LOW,0.0,0.213403415882795,0,LOW,0.0
3208,0,0,LOW,0.0,0.4296819160212425,0,LOW,0.0
3209,0,0,LOW,0.0,0.687477491247847,1,REVIEW,
3210,0,0,LOW,0.0,0.2078428038121126,0,LOW,0.0
3211,0,0,LOW,0.0,0.4902475580762635,0,LOW,0.0
3212,0,0,LOW,0.0,0.05017181078509942,0,LOW,0.0
3213,0,0,LOW,0.0,0.05581455466497681,0,LOW,0.0
3214,0,0,LOW,0.0,0.03460139061600064,0,LOW,0.0
3215,0,0,LOW,0.0,0.2687830228717285,0,LOW,0.0
3216,0,0,LOW,0.0,0.017507059882624548,0,LOW,0.0
3217,0,10,LOW,0.0,0.15536772168552299,0,LOW,0.0
3218,0,0,LOW,0.0,0.48604403927498596,0,LOW,0.0
3219,0,0,LOW,0.0,0.03305247405954292,0,LOW,0.0
3220,0,0,LOW,0.0,0.3219276430263899,0,LOW,0.0
3221,0,0,LOW,0.0,0.5084767575134403,1,REVIEW,
3222,0,0,LOW,0.0,0.15860752280899823,0,LOW,0.0
3223,0,0,LOW,0.0,0.20046578075254579,0,LOW,0.0
3224,0,0,LOW,0.0,0.037082956473221795,0,LOW,0.0
3225,0,0,LOW,0.0,0.03914409975517399,0,LOW,0.0
3226,0,0,LOW,0.0,0.09433503123810022,0,LOW,0.0
3227,0,0,LOW,0.0,0.32918530171729715,0,LOW,0.0
3228,0,0,LOW,0.0,0.4779408598436861,0,LOW,0.0
3229,0,0,LOW,0.0,0.37553073380159724,0,LOW,0.0
3230,0,0,LOW,0.0,0.07885994247255217,0,LOW,0.0
3231,0,0,LOW,0.0,0.08485019828747352,0,LOW,0.0
3232,0,0,LOW,0.0,0.055082556450116865,0,LOW,0.0
3233,0,0,LOW,0.0,0.29325855420194474,0,LOW,0.0
3234,0,0,LOW,0.0,0.023310242860601807,0,LOW,0.0
3235,0,0,LOW,0.0,0.3873786943325819,0,LOW,0.0
3236,0,0,LOW,0.0,0.5138722158213355,1,REVIEW,
3237,0,0,LOW,0.0,0.24410412251967945,0,LOW,0.0
3238,0,0,LOW,0.0,0.2986229386999637,0,LOW,0.0
3239,0,0,LOW,0.0,0.09101100260377346,0,LOW,0.0
3240,0,0,LOW,0.0,0.06136070761778763,0,LOW,0.0
3241,0,0,LOW,0.0,0.1564290510787737,0,LOW,0.0
3242,0,0,LOW,0.0,0.0670722632032984,0,LOW,0.0
3243,0,0,LOW,0.0,0.7340739470896032,1,REVIEW,
3244,0,0,LOW,0.0,0.021290340123306252,0,LOW,0.0
3245,0,0,LOW,0.0,0.2622890109242254,0,LOW,0.0
3246,0,0,LOW,0.0,0.36405224976672684,0,LOW,0.0
3247,0,0,LOW,0.0,0.15014315421559685,0,LOW,0.0
3248,0,0,LOW,0.0,0.1226077894622722,0,LOW,0.0
3249,0,0,LOW,0.0,0.17982178326891263,0,LOW,0.0
3250,0,0,LOW,0.0,0.5726813891630674,1,REVIEW,
3251,0,0,LOW,0.0,0.23481041862163168,0,LOW,0.0
3252,0,0,LOW,0.0,0.26027391835240865,0,LOW,0.0
3253,0,0,LOW,0.0,0.5025094046162936,1,REVIEW,
3254,0,0,LOW,0.0,0.08233736287626288,0,LOW,0.0
3255,0,0,LOW,0.0,0.03509661292643985,0,LOW,0.0
3256,0,0,LOW,0.0,0.019431306068941497,0,LOW,0.0
3257,0,0,LOW,0.0,0.19811099704864119,0,LOW,0.0
3258,0,0,LOW,0.0,0.20582409254323475,0,LOW,0.0
3259,0,0,LOW,0.0,0.25152961412549485,0,LOW,0.0
3260,0,0,LOW,0.0,0.727973544907548,1,REVIEW,
3261,0,0,LOW,0.0,0.6674296671433312,1,REVIEW,
3262,0,0,LOW,0.0,0.13773006650227868,0,LOW,0.0
3263,0,0,LOW,0.0,0.16362349460008435,0,LOW,0.0
3264,0,0,LOW,0.0,0.2700053339185754,0,LOW,0.0
3265,0,10,LOW,0.0,0.7230222763895144,1,REVIEW,
3266,0,10,LOW,0.0,0.10934907920407223,0,LOW,0.0
3267,0,0,LOW,0.0,0.16015555420864389,0,LOW,0.0
3268,0,0,LOW,0.0,0.7429507398762951,1,REVIEW,
3269,0,0,LOW,0.0,0.10838094884669196,0,LOW,0.0
3270,0,0,LOW,0.0,0.5390422441875705,1,REVIEW,
3271,0,0,LOW,0.0,0.7944900352048989,1,REVIEW,
3272,0,0,LOW,0.0,0.256082504418544,0,LOW,0.0
3273,0,0,LOW,0.0,0.39980497753756716,0,LOW,0.0
3274,0,0,LOW,0.0,0.18158025707823897,0,LOW,0.0
3275,0,10,LOW,0.0,0.18491106048964068,0,LOW,0.0
3276,0,0,LOW,0.0,0.612918064862267,1,REVIEW,
3277,0,0,LOW,0.0,0.3565315442799817,0,LOW,0.0
3278,0,0,LOW,0.0,0.047615480613878235,0,LOW,0.0
3279,0,0,LOW,0.0,0.04335462513442376,0,LOW,0.0
3280,0,0,LOW,0.0,0.1954009647787249,0,LOW,0.0
3281,0,0,LOW,0.0,0.1448989108782622,0,LOW,0.0
3282,0,0,LOW,0.0,0.6347714778512766,1,REVIEW,
3283,0,0,LOW,0.0,0.029744608396954957,0,LOW,0.0
3284,0,0,LOW,0.0,0.02419150021409805,0,LOW,0.0
3285,0,20,LOW,0.0,0.6615712115990152,1,REVIEW,
3286,0,0,LOW,0.0,0.2676509507149098,0,LOW,0.0
3287,0,0,LOW,0.0,0.16641878918331138,0,LOW,0.0
3288,0,10,LOW,0.0,0.4851741654959907,0,LOW,0.0
3289,0,0,LOW,0.0,0.7511161805052021,1,REVIEW,
3290,0,0,LOW,0.0,0.10617351317527012,0,LOW,0.0
3291,0,0,LOW,0.0,0.06675711210059947,0,LOW,0.0
3292,0,0,LOW,0.0,0.12346440436973512,0,LOW,0.0
3293,0,0,LOW,0.0,0.25816878413658595,0,LOW,0.0
3294,0,10,LOW,0.0,0.3655588774621912,0,LOW,0.0
3295,0,10,LOW,0.0,0.45255239158604105,0,LOW,0.0
3296,0,0,LOW,0.0,0.2373576999811393,0,LOW,0.0
3297,0,10,LOW,0.0,0.5164047393675073,1,REVIEW,
3298,0,0,LOW,0.0,0.5105182570966665,1,REVIEW,
3299,0,0,LOW,0.0,0.4127394822979263,0,LOW,0.0
3300,0,0,LOW,0.0,0.195991374429086,0,LOW,0.0
3301,0,10,LOW,0.0,0.5640159745422897,1,REVIEW,
3302,0,0,LOW,0.0,0.19614275507555276,0,LOW,0.0
3303,0,0,LOW,0.0,0.4143067039978762,0,LOW,0.0
3304,0,0,LOW,0.0,0.11681991920494138,0,LOW,0.0
3305,0,0,LOW,0.0,0.19202014000079606,0,LOW,0.0
3306,0,0,LOW,0.0,0.26342026631400367,0,LOW,0.0
3307,0,0,LOW,0.0,0.04592740304494509,0,LOW,0.0
3308,0,0,LOW,0.0,0.05401474412142686,0,LOW,0.0
3309,0,10,LOW,0.0,0.421521668526853,0,LOW,0.0
3310,0,0,LOW,0.0,0.05566524385039794,0,LOW,0.0
3311,0,0,LOW,0.0,0.3717321107287908,0,LOW,0.0
3312,0,0,LOW,0.0,0.04879716013222953,0,LOW,0.0
3313,0,0,LOW,0.0,0.12175251535456857,0,LOW,0.0
3314,0,0,LOW,0.0,0.5955257322599737,1,REVIEW,
3315,0,0,LOW,0.0,0.20651719846115074,0,LOW,0.0
3316,0,0,LOW,0.0,0.6169270745482468,1,REVIEW,
3317,0,0,LOW,0.0,0.5299217344047308,1,REVIEW,
3318,0,0,LOW,0.0,0.15683728554722545,0,LOW,0.0
3319,0,0,LOW,0.0,0.36009194686767293,0,LOW,0.0
3320,0,0,LOW,0.0,0.13002069020297466,0,LOW,0.0
3321,0,0,LOW,0.0,0.10089019075386371,0,LOW,0.0
3322,0,10,LOW,0.0,0.5402130723179479,1,REVIEW,
3323,0,0,LOW,0.0,0.12098226162597855,0,LOW,0.0
3324,0,0,LOW,0.0,0.6440240742105316,1,REVIEW,
3325,0,0,LOW,0.0,0.6009189037156809,1,REVIEW,
3326,0,10,LOW,0.0,0.06317263031269565,0,LOW,0.0
3327,0,0,LOW,0.0,0.09770639392855215,0,LOW,0.0
3328,0,0,LOW,0.0,0.5788707410345669,1,REVIEW,
3329,0,0,LOW,0.0,0.1526669306268686,0,LOW,0.0
3330,0,10,LOW,0.0,0.3246341663152683,0,LOW,0.0
3331,0,0,LOW,0.0,0.19795464233802884,0,LOW,0.0
3332,0,10,LOW,0.0,0.9368507836066579,1,REVIEW,
3333,0,0,LOW,0.0,0.019543705664703977,0,LOW,0.0
3334,0,0,LOW,0.0,0.43474043816842434,0,LOW,0.0
3335,0,0,LOW,0.0,0.039725726201938434,0,LOW,0.0
3336,0,0,LOW,0.0,0.7510077962668428,1,REVIEW,
3337,0,10,LOW,0.0,0.4039029526861802,0,LOW,0.0
3338,0,10,LOW,0.0,0.7312315439526775,1,REVIEW,
3339,0,0,LOW,0.0,0.20330801272020796,0,LOW,0.0
3340,0,0,LOW,0.0,0.33326447598822223,0,LOW,0.0
3341,0,0,LOW,0.0,0.005956690729541724,0,LOW,0.0
3342,0,0,LOW,0.0,0.6039497051750173,1,REVIEW,
3343,0,10,LOW,0.0,0.6124855335676115,1,REVIEW,
3344,0,0,LOW,0.0,0.3400710827724937,0,LOW,0.0
3345,0,0,LOW,0.0,0.040102780592902225,0,LOW,0.0
3346,0,0,LOW,0.0,0.14878875634480218,0,LOW,0.0
3347,0,0,LOW,0.0,0.06893613857181029,0,LOW,0.0
3348,0,0,LOW,0.0,0.08183803172510838,0,LOW,0.0
3349,0,0,LOW,0.0,0.10435747238631424,0,LOW,0.0
3350,0,0,LOW,0.0,0.11120005232073088,0,LOW,0.0
3351,0,10,LOW,0.0,0.3044801331351635,0,LOW,0.0
3352,0,10,LOW,0.0,0.3346168717664594,0,LOW,0.0
3353,0,0,LOW,0.0,0.38069010553235383,0,LOW,0.0
3354,0,0,LOW,0.0,0.3496371863200676,0,LOW,0.0
3355,0,0,LOW,0.0,0.010008172036046344,0,LOW,0.0
3356,0,0,LOW,0.0,0.09438115812059945,0,LOW,0.0
3357,0,0,LOW,0.0,0.0536060597094556,0,LOW,0.0
3358,0,0,LOW,0.0,0.28743522501089536,0,LOW,0.0
3359,0,0,LOW,0.0,0.23105517762095992,0,LOW,0.0
3360,0,0,LOW,0.0,0.38970204164408073,0,LOW,0.0
3361,0,0,LOW,0.0,0.010902908501282612,0,LOW,0.0
3362,0,0,LOW,0.0,0.2687697969486306,0,LOW,0.0
3363,0,0,LOW,0.0,0.027057855688238368,0,LOW,0.0
3364,0,0,LOW,0.0,0.20275446812598524,0,LOW,0.0
3365,0,0,LOW,0.0,0.03202001209686767,0,LOW,0.0
3366,0,0,LOW,0.0,0.16207803535143597,0,LOW,0.0
3367,0,0,LOW,0.0,0.05037955084127932,0,LOW,0.0
3368,0,0,LOW,0.0,0.16282993717903957,0,LOW,0.0
3369,0,0,LOW,0.0,0.021678913211530145,0,LOW,0.0
3370,0,10,LOW,0.0,0.14026853613002552,0,LOW,0.0
3371,0,0,LOW,0.0,0.24781095622241808,0,LOW,0.0
3372,0,0,LOW,0.0,0.6942902821754624,1,REVIEW,
3373,0,0,LOW,0.0,0.2958609306217953,0,LOW,0.0
3374,0,10,LOW,0.0,0.8833476880348583,1,REVIEW,
3375,0,0,LOW,0.0,0.010320767260640512,0,LOW,0.0
3376,0,10,LOW,0.0,0.33425727874522854,0,LOW,0.0
3377,0,0,LOW,0.0,0.06996965658349914,0,LOW,0.0
3378,0,10,LOW,0.0,0.5372393718742814,1,REVIEW,
3379,0,0,LOW,0.0,0.21615901107442187,0,LOW,0.0
3380,0,0,LOW,0.0,0.33506026828126273,0,LOW,0.0
3381,0,0,LOW,0.0,0.3840783106589535,0,LOW,0.0
3382,0,0,LOW,0.0,0.10782586994529324,0,LOW,0.0
3383,0,0,LOW,0.0,0.45140356282992067,0,LOW,0.0
3384,0,0,LOW,0.0,0.13232394238331474,0,LOW,0.0
3385,0,0,LOW,0.0,0.055156275496503336,0,LOW,0.0
3386,0,0,LOW,0.0,0.3952458819554473,0,LOW,0.0
3387,0,0,LOW,0.0,0.15780507936799112,0,LOW,0.0
3388,0,0,LOW,0.0,0.5420015978742949,1,REVIEW,
3389,0,0,LOW,0.0,0.31502154751770317,0,LOW,0.0
3390,0,0,LOW,0.0,0.7214767421846379,1,REVIEW,
3391,0,0,LOW,0.0,0.40515257180980213,0,LOW,0.0
3392,0,0,LOW,0.0,0.12634693084074305,0,LOW,0.0
3393,0,0,LOW,0.0,0.5046447355616496,1,REVIEW,
3394,0,0,LOW,0.0,0.10418985821909835,0,LOW,0.0
3395,0,0,LOW,0.0,0.03592619891282184,0,LOW,0.0
3396,0,0,LOW,0.0,0.006443496092195296,0,LOW,0.0
3397,0,0,LOW,0.0,0.4363519457648183,0,LOW,0.0
3398,0,0,LOW,0.0,0.3070234311659518,0,LOW,0.0
3399,0,0,LOW,0.0,0.0726256766500223,0,LOW,0.0
3400,0,10,LOW,0.0,0.16256253898840492,0,LOW,0.0
3401,0,0,LOW,0.0,0.5016787878841177,1,REVIEW,
3402,0,0,LOW,0.0,0.11895182098845619,0,LOW,0.0
3403,0,0,LOW,0.0,0.5033878723730447,1,REVIEW,
3404,0,0,LOW,0.0,0.18169933161976984,0,LOW,0.0
3405,0,0,LOW,0.0,0.010500146818147083,0,LOW,0.0
3406,0,0,LOW,0.0,0.41731598931844616,0,LOW,0.0
3407,0,0,LOW,0.0,0.06077900992237823,0,LOW,0.0
3408,0,0,LOW,0.0,0.6478726241175068,1,REVIEW,
3409,0,0,LOW,0.0,0.6834564738140522,1,REVIEW,
3410,0,0,LOW,0.0,0.045141277503391856,0,LOW,0.0
3411,0,0,LOW,0.0,0.4243641714944268,0,LOW,0.0
3412,0,0,LOW,0.0,0.5335799858313814,1,REVIEW,
3413,0,0,LOW,0.0,0.18060245643336756,0,LOW,0.0
3414,0,10,LOW,0.0,0.291274449377584,0,LOW,0.0
3415,0,0,LOW,0.0,0.10938772023407474,0,LOW,0.0
3416,0,0,LOW,0.0,0.31619631991296465,0,LOW,0.0
3417,0,10,LOW,0.0,0.7345659657015013,1,REVIEW,
3418,0,0,LOW,0.0,0.6175985395121425,1,REVIEW,
3419,0,0,LOW,0.0,0.2916512824519274,0,LOW,0.0
3420,0,0,LOW,0.0,0.0073448140752973195,0,LOW,0.0
3421,0,0,LOW,0.0,0.2685620469909923,0,LOW,0.0
3422,0,0,LOW,0.0,0.12300066259516876,0,LOW,0.0
3423,0,0,LOW,0.0,0.0854588375488116,0,LOW,0.0
3424,0,0,LOW,0.0,0.5766035518207628,1,REVIEW,
3425,0,0,LOW,0.0,0.017683713041206413,0,LOW,0.0
3426,0,0,LOW,0.0,0.10392736363083038,0,LOW,0.0
3427,0,0,LOW,0.0,0.16738901432277228,0,LOW,0.0
3428,0,0,LOW,0.0,0.09269784752933628,0,LOW,0.0
3429,0,0,LOW,0.0,0.1284662378184342,0,LOW,0.0
3430,0,0,LOW,0.0,0.20314485719341419,0,LOW,0.0
3431,0,0,LOW,0.0,0.0668515033921612,0,LOW,0.0
3432,0,0,LOW,0.0,0.43905988536599233,0,LOW,0.0
3433,0,0,LOW,0.0,0.11594841016861578,0,LOW,0.0
3434,0,0,LOW,0.0,0.18628526558394656,0,LOW,0.0
3435,0,0,LOW,0.0,0.03550999152952613,0,LOW,0.0
3436,0,0,LOW,0.0,0.11979297240121208,0,LOW,0.0
3437,0,0,LOW,0.0,0.7442940248623798,1,REVIEW,
3438,0,0,LOW,0.0,0.05067769881376206,0,LOW,0.0
3439,0,10,LOW,0.0,0.17351180284767406,0,LOW,0.0
3440,0,0,LOW,0.0,0.4863490917343311,0,LOW,0.0
3441,0,0,LOW,0.0,0.3053761332425371,0,LOW,0.0
3442,0,0,LOW,0.0,0.4082245624848355,0,LOW,0.0
3443,0,10,LOW,0.0,0.3685194797142588,0,LOW,0.0
3444,0,0,LOW,0.0,0.03451616111422225,0,LOW,0.0
3445,0,0,LOW,0.0,0.014766620557905629,0,LOW,0.0
3446,0,0,LOW,0.0,0.015011632300040132,0,LOW,0.0
3447,0,0,LOW,0.0,0.1516756256432306,0,LOW,0.0
3448,0,0,LOW,0.0,0.4873255532315214,0,LOW,0.0
3449,0,0,LOW,0.0,0.13092628046305946,0,LOW,0.0
3450,0,0,LOW,0.0,0.14140134642550295,0,LOW,0.0
3451,0,0,LOW,0.0,0.4037729937948238,0,LOW,0.0
3452,0,0,LOW,0.0,0.15748731407867636,0,LOW,0.0
3453,0,0,LOW,0.0,0.28362414568007854,0,LOW,0.0
3454,0,0,LOW,0.0,0.047140368010142854,0,LOW,0.0
3455,0,0,LOW,0.0,0.3518631798671326,0,LOW,0.0
3456,0,0,LOW,0.0,0.4504975414910568,0,LOW,0.0
3457,0,0,LOW,0.0,0.09376035892813571,0,LOW,0.0
3458,0,0,LOW,0.0,0.745680460607425,1,REVIEW,
3459,0,0,LOW,0.0,0.4704248782765849,0,LOW,0.0
3460,0,0,LOW,0.0,0.3958971616764169,0,LOW,0.0
3461,0,0,LOW,0.0,0.6228359426259588,1,REVIEW,
3462,0,0,LOW,0.0,0.10371782532201465,0,LOW,0.0
3463,0,0,LOW,0.0,0.1653402181265769,0,LOW,0.0
3464,0,0,LOW,0.0,0.31014186557852064,0,LOW,0.0
3465,0,0,LOW,0.0,0.40955214830382564,0,LOW,0.0
3466,0,0,LOW,0.0,0.10166380451894405,0,LOW,0.0
3467,0,0,LOW,0.0,0.30669469535950805,0,LOW,0.0
3468,0,0,LOW,0.0,0.6282000051244014,1,REVIEW,
3469,0,0,LOW,0.0,0.7697900249412263,1,REVIEW,
3470,0,0,LOW,0.0,0.1773309773200717,0,LOW,0.0
3471,0,0,LOW,0.0,0.1504547545672955,0,LOW,0.0
3472,0,0,LOW,0.0,0.2663977285335356,0,LOW,0.0
3473,0,0,LOW,0.0,0.052570697651565725,0,LOW,0.0
3474,0,0,LOW,0.0,0.0786590014710387,0,LOW,0.0
3475,0,0,LOW,0.0,0.13486886656420974,0,LOW,0.0
3476,0,0,LOW,0.0,0.011000151381958681,0,LOW,0.0
3477,0,0,LOW,0.0,0.10014807412543923,0,LOW,0.0
3478,0,0,LOW,0.0,0.48169128664318456,0,LOW,0.0
3479,0,0,LOW,0.0,0.20266053875205958,0,LOW,0.0
3480,0,0,LOW,0.0,0.1548887685094008,0,LOW,0.0
3481,0,0,LOW,0.0,0.21021538335605336,0,LOW,0.0
3482,0,0,LOW,0.0,0.6144187842469763,1,REVIEW,
3483,0,0,LOW,0.0,0.6272130394028673,1,REVIEW,
3484,0,0,LOW,0.0,0.3431935737188749,0,LOW,0.0
3485,0,0,LOW,0.0,0.347383818727142,0,LOW,0.0
3486,0,0,LOW,0.0,0.1746127003798819,0,LOW,0.0
3487,0,0,LOW,0.0,0.36201481302663774,0,LOW,0.0
3488,0,0,LOW,0.0,0.19375069904998413,0,LOW,0.0
3489,0,0,LOW,0.0,0.5610784073114264,1,REVIEW,
3490,0,0,LOW,0.0,0.15411113972620888,0,LOW,0.0
3491,0,0,LOW,0.0,0.1925784473382544,0,LOW,0.0
3492,0,0,LOW,0.0,0.12264978954432522,0,LOW,0.0
3493,0,0,LOW,0.0,0.8713812502678197,1,REVIEW,
3494,0,0,LOW,0.0,0.41902275264392574,0,LOW,0.0
3495,0,0,LOW,0.0,0.14488347243515443,0,LOW,0.0
3496,0,0,LOW,0.0,0.525192938985414,1,REVIEW,
3497,0,0,LOW,0.0,0.6009791244541384,1,REVIEW,
3498,0,0,LOW,0.0,0.15914870509663676,0,LOW,0.0
3499,0,0,LOW,0.0,0.08669440366911964,0,LOW,0.0
3500,0,0,LOW,0.0,0.2673100260049156,0,LOW,0.0
3501,0,0,LOW,0.0,0.07875217735720819,0,LOW,0.0
3502,0,0,LOW,0.0,0.22292896658460207,0,LOW,0.0
3503,0,10,LOW,0.0,0.42763149825619856,0,LOW,0.0
3504,0,0,LOW,0.0,0.6192931853312446,1,REVIEW,
3505,0,0,LOW,0.0,0.5269813523544913,1,REVIEW,
3506,0,0,LOW,0.0,0.31853279635717296,0,LOW,0.0
3507,0,0,LOW,0.0,0.3521024735983784,0,LOW,0.0
3508,0,0,LOW,0.0,0.12642242084151822,0,LOW,0.0
3509,0,0,LOW,0.0,0.007626488821419146,0,LOW,0.0
3510,0,0,LOW,0.0,0.258604637237326,0,LOW,0.0
3511,0,0,LOW,0.0,0.06713489742975307,0,LOW,0.0
3512,0,0,LOW,0.0,0.1416473537165737,0,LOW,0.0
3513,0,0,LOW,0.0,0.03621514375670591,0,LOW,0.0
3514,0,0,LOW,0.0,0.03730470815146137,0,LOW,0.0
3515,0,0,LOW,0.0,0.011243178053491199,0,LOW,0.0
3516,0,0,LOW,0.0,0.3546957362478717,0,LOW,0.0
3517,0,0,LOW,0.0,0.07437276377526561,0,LOW,0.0
3518,0,0,LOW,0.0,0.36017789010032975,0,LOW,0.0
3519,0,0,LOW,0.0,0.08975161716972951,0,LOW,0.0
3520,0,0,LOW,0.0,0.45848463802028316,0,LOW,0.0
3521,0,0,LOW,0.0,0.7613649935085184,1,REVIEW,
3522,0,0,LOW,0.0,0.1872775726454043,0,LOW,0.0
3523,0,0,LOW,0.0,0.4889475264468087,0,LOW,0.0
3524,0,0,LOW,0.0,0.4512365956006839,0,LOW,0.0
3525,0,0,LOW,0.0,0.13429578541092263,0,LOW,0.0
3526,0,0,LOW,0.0,0.21284478821834335,0,LOW,0.0
3527,0,0,LOW,0.0,0.16658863451322176,0,LOW,0.0
3528,0,0,LOW,0.0,0.6527049740467297,1,REVIEW,
3529,0,0,LOW,0.0,0.0600077876722719,0,LOW,0.0
3530,0,0,LOW,0.0,0.2075712635361627,0,LOW,0.0
3531,0,10,LOW,0.0,0.033513756577021075,0,LOW,0.0
3532,0,0,LOW,0.0,0.2760051962624815,0,LOW,0.0
3533,0,0,LOW,0.0,0.022451521237716387,0,LOW,0.0
3534,0,0,LOW,0.0,0.4534462764306164,0,LOW,0.0
3535,0,0,LOW,0.0,0.6504534293162356,1,REVIEW,
3536,0,0,LOW,0.0,0.7543495459112773,1,REVIEW,
3537,0,0,LOW,0.0,0.6148191608674102,1,REVIEW,
3538,0,0,LOW,0.0,0.38588264883837464,0,LOW,0.0
3539,0,0,LOW,0.0,0.6514918604751291,1,REVIEW,
3540,0,0,LOW,0.0,0.17705927822638606,0,LOW,0.0
3541,0,0,LOW,0.0,0.32465038262687845,0,LOW,0.0
3542,0,0,LOW,0.0,0.3278777249262331,0,LOW,0.0
3543,0,0,LOW,0.0,0.016440559436919654,0,LOW,0.0
3544,0,0,LOW,0.0,0.7877681436168398,1,REVIEW,
3545,0,0,LOW,0.0,0.09444805666934637,0,LOW,0.0
3546,0,0,LOW,0.0,0.0995125381380496,0,LOW,0.0
3547,0,0,LOW,0.0,0.1145015942719819,0,LOW,0.0
3548,0,0,LOW,0.0,0.7024912518014564,1,REVIEW,
3549,0,0,LOW,0.0,0.4777176253949021,0,LOW,0.0
3550,0,0,LOW,0.0,0.02343147361396028,0,LOW,0.0
3551,0,0,LOW,0.0,0.1373496532633797,0,LOW,0.0
3552,0,0,LOW,0.0,0.40736072454247063,0,LOW,0.0
3553,0,0,LOW,0.0,0.3949296136940866,0,LOW,0.0
3554,0,0,LOW,0.0,0.1785181156537033,0,LOW,0.0
3555,0,0,LOW,0.0,0.31964080329913513,0,LOW,0.0
3556,0,10,LOW,0.0,0.12505276505092858,0,LOW,0.0
3557,0,0,LOW,0.0,0.29028626324832235,0,LOW,0.0
3558,0,0,LOW,0.0,0.09645896554583898,0,LOW,0.0
3559,0,0,LOW,0.0,0.6903009829311711,1,REVIEW,
3560,0,0,LOW,0.0,0.1566171058686794,0,LOW,0.0
3561,0,0,LOW,0.0,0.19547259729042338,0,LOW,0.0
3562,0,0,LOW,0.0,0.5449425030236753,1,REVIEW,
3563,0,0,LOW,0.0,0.07759876324483335,0,LOW,0.0
3564,0,0,LOW,0.0,0.21254738914925492,0,LOW,0.0
3565,0,0,LOW,0.0,0.022227836642720666,0,LOW,0.0
3566,0,0,LOW,0.0,0.1216584098335304,0,LOW,0.0
3567,0,0,LOW,0.0,0.02594965082060041,0,LOW,0.0
3568,0,0,LOW,0.0,0.7891544866108255,1,REVIEW,
3569,0,0,LOW,0.0,0.6447900080944643,1,REVIEW,
3570,0,0,LOW,0.0,0.07261083165991702,0,LOW,0.0
3571,0,0,LOW,0.0,0.2980376237459196,0,LOW,0.0
3572,0,0,LOW,0.0,0.6013396091113558,1,REVIEW,
3573,0,0,LOW,0.0,0.06992864650733946,0,LOW,0.0
3574,0,0,LOW,0.0,0.5070582065170937,1,REVIEW,
3575,0,0,LOW,0.0,0.041509008412924764,0,LOW,0.0
3576,0,0,LOW,0.0,0.0487328759295135,0,LOW,0.0
3577,0,0,LOW,0.0,0.1638623684466693,0,LOW,0.0
3578,0,0,LOW,0.0,0.23917477681537264,0,LOW,0.0
3579,0,0,LOW,0.0,0.08241497242715458,0,LOW,0.0
3580,0,0,LOW,0.0,0.0027571788178096554,0,LOW,0.0
3581,0,0,LOW,0.0,0.10011266065831266,0,LOW,0.0
3582,0,0,LOW,0.0,0.11301599762433938,0,LOW,0.0
3583,0,0,LOW,0.0,0.34145739996844754,0,LOW,0.0
3584,0,0,LOW,0.0,0.3871229392075026,0,LOW,0.0
3585,0,0,LOW,0.0,0.3977806721242183,0,LOW,0.0
3586,0,0,LOW,0.0,0.11997825621553009,0,LOW,0.0
3587,0,0,LOW,0.0,0.7012861668634687,1,REVIEW,
3588,0,0,LOW,0.0,0.2982902934267509,0,LOW,0.0
3589,0,0,LOW,0.0,0.06600554700533079,0,LOW,0.0
3590,0,0,LOW,0.0,0.2761070281175062,0,LOW,0.0
3591,0,0,LOW,0.0,0.1193185653373697,0,LOW,0.0
3592,0,0,LOW,0.0,0.12846296650818367,0,LOW,0.0
3593,0,0,LOW,0.0,0.11767696439718303,0,LOW,0.0
3594,0,0,LOW,0.0,0.9253412681408867,1,REVIEW,
3595,0,0,LOW,0.0,0.010513677376136605,0,LOW,0.0
3596,0,0,LOW,0.0,0.08742437319953222,0,LOW,0.0
3597,0,0,LOW,0.0,0.018977413993678825,0,LOW,0.0
3598,0,0,LOW,0.0,0.1522041296372382,0,LOW,0.0
3599,0,0,LOW,0.0,0.09260920743707839,0,LOW,0.0
3600,0,0,LOW,0.0,0.024102022911097,0,LOW,0.0
3601,0,0,LOW,0.0,0.0705491082114795,0,LOW,0.0
3602,0,0,LOW,0.0,0.3142815717156883,0,LOW,0.0
3603,0,0,LOW,0.0,0.15791951221721673,0,LOW,0.0
3604,0,0,LOW,0.0,0.1785352081116257,0,LOW,0.0
3605,0,0,LOW,0.0,0.004772368224216669,0,LOW,0.0
3606,0,0,LOW,0.0,0.11790876515891117,0,LOW,0.0
3607,0,0,LOW,0.0,0.11947710414834362,0,LOW,0.0
3608,0,0,LOW,0.0,0.4740073679628907,0,LOW,0.0
3609,0,0,LOW,0.0,0.044603038746652106,0,LOW,0.0
3610,0,0,LOW,0.0,0.48110849995526755,0,LOW,0.0
3611,0,0,LOW,0.0,0.0035284939030241643,0,LOW,0.0
3612,0,0,LOW,0.0,0.26722228926803643,0,LOW,0.0
3613,0,0,LOW,0.0,0.4249469002630483,0,LOW,0.0
3614,0,10,LOW,0.0,0.19020296269506534,0,LOW,0.0
3615,0,0,LOW,0.0,0.048407251536521284,0,LOW,0.0
3616,0,0,LOW,0.0,0.20902184825000703,0,LOW,0.0
3617,0,10,LOW,0.0,0.43765484585258957,0,LOW,0.0
3618,0,0,LOW,0.0,0.36562053375112213,0,LOW,0.0
3619,0,10,LOW,0.0,0.29296724505664906,0,LOW,0.0
3620,0,0,LOW,0.0,0.39391004259295065,0,LOW,0.0
3621,0,10,LOW,0.0,0.5531173708667099,1,REVIEW,
3622,0,0,LOW,0.0,0.06681106216635914,0,LOW,0.0
3623,0,0,LOW,0.0,0.5596572220244452,1,REVIEW,
3624,0,0,LOW,0.0,0.6459302935209352,1,REVIEW,
3625,0,0,LOW,0.0,0.09705225481968943,0,LOW,0.0
3626,0,0,LOW,0.0,0.40599820343777226,0,LOW,0.0
3627,0,0,LOW,0.0,0.01695800628912616,0,LOW,0.0
3628,0,0,LOW,0.0,0.14675632565579433,0,LOW,0.0
3629,0,0,LOW,0.0,0.25239617276518533,0,LOW,0.0
3630,0,0,LOW,0.0,0.0639644020576118,0,LOW,0.0
3631,0,0,LOW,0.0,0.7847121415861078,1,REVIEW,
3632,0,0,LOW,0.0,0.3987672421392625,0,LOW,0.0
3633,0,0,LOW,0.0,0.5639221238249599,1,REVIEW,
3634,0,0,LOW,0.0,0.42399962262709434,0,LOW,0.0
3635,0,0,LOW,0.0,0.8017528930201199,1,REVIEW,
3636,0,0,LOW,0.0,0.8753340639432884,1,REVIEW,
3637,0,0,LOW,0.0,0.8616397890079053,1,REVIEW,
3638,0,0,LOW,0.0,0.0581310863313967,0,LOW,0.0
3639,0,0,LOW,0.0,0.2944627119690851,0,LOW,0.0
3640,0,0,LOW,0.0,0.025335465120776068,0,LOW,0.0
3641,0,0,LOW,0.0,0.5147145101281267,1,REVIEW,
3642,0,0,LOW,0.0,0.7140487116120017,1,REVIEW,
3643,0,0,LOW,0.0,0.10582910522337037,0,LOW,0.0
3644,0,0,LOW,0.0,0.0829715630769752,0,LOW,0.0
3645,0,0,LOW,0.0,0.5144690021046664,1,REVIEW,
3646,0,0,LOW,0.0,0.019585693540730673,0,LOW,0.0
3647,0,0,LOW,0.0,0.5349440654885282,1,REVIEW,
3648,0,0,LOW,0.0,0.8851769337361912,1,REVIEW,
3649,0,0,LOW,0.0,0.7857418048139583,1,REVIEW,
3650,0,0,LOW,0.0,0.4248851830882697,0,LOW,0.0
3651,0,0,LOW,0.0,0.04640752092901872,0,LOW,0.0
3652,0,0,LOW,0.0,0.2869371611159929,0,LOW,0.0
3653,0,0,LOW,0.0,0.8523610011560567,1,REVIEW,
3654,0,0,LOW,0.0,0.8848358379246559,1,REVIEW,
3655,0,10,LOW,0.0,0.4722268951875425,0,LOW,0.0
3656,0,0,LOW,0.0,0.8419176089725354,1,REVIEW,
3657,0,0,LOW,0.0,0.00814431931568185,0,LOW,0.0
3658,0,0,LOW,0.0,0.4081467574066181,0,LOW,0.0
3659,0,0,LOW,0.0,0.26554124092617437,0,LOW,0.0
3660,0,10,LOW,0.0,0.00354630352280969,0,LOW,0.0
3661,0,0,LOW,0.0,0.3293971649355211,0,LOW,0.0
3662,0,0,LOW,0.0,0.11154846543019778,0,LOW,0.0
3663,0,0,LOW,0.0,0.5579468844989504,1,REVIEW,
3664,0,0,LOW,0.0,0.42390364398431657,0,LOW,0.0
3665,0,0,LOW,0.0,0.004472225114228475,0,LOW,0.0
3666,0,0,LOW,0.0,0.037634875019924935,0,LOW,0.0
3667,0,0,LOW,0.0,0.14944499604936656,0,LOW,0.0
3668,0,0,LOW,0.0,0.11851235840902918,0,LOW,0.0
3669,0,0,LOW,0.0,0.4406311471895312,0,LOW,0.0
3670,0,0,LOW,0.0,0.1886523860165741,0,LOW,0.0
3671,0,0,LOW,0.0,0.13440742347378487,0,LOW,0.0
3672,0,0,LOW,0.0,0.3894648052240049,0,LOW,0.0
3673,0,0,LOW,0.0,0.16772940961070543,0,LOW,0.0
3674,0,0,LOW,0.0,0.5318438219103493,1,REVIEW,
3675,0,0,LOW,0.0,0.058555390941582144,0,LOW,0.0
3676,0,0,LOW,0.0,0.08337279202407778,0,LOW,0.0
3677,0,10,LOW,0.0,0.305429912706283,0,LOW,0.0
3678,0,0,LOW,0.0,0.15558376435144067,0,LOW,0.0
3679,0,0,LOW,0.0,0.1682578559047551,0,LOW,0.0
3680,0,0,LOW,0.0,0.0564182449272873,0,LOW,0.0
3681,0,0,LOW,0.0,0.04564320471987114,0,LOW,0.0
3682,0,0,LOW,0.0,0.5175658624428243,1,REVIEW,
3683,0,0,LOW,0.0,0.5310691857570592,1,REVIEW,
3684,0,10,LOW,0.0,0.3801984608925989,0,LOW,0.0
3685,0,0,LOW,0.0,0.2926145142919879,0,LOW,0.0
3686,0,0,LOW,0.0,0.16293265754700395,0,LOW,0.0
3687,0,0,LOW,0.0,0.12856395048907424,0,LOW,0.0
3688,0,0,LOW,0.0,0.13649460115396486,0,LOW,0.0
3689,0,0,LOW,0.0,0.539894555422203,1,REVIEW,
3690,0,10,LOW,0.0,0.3312955932577051,0,LOW,0.0
3691,0,10,LOW,0.0,0.020312465262595978,0,LOW,0.0
3692,0,0,LOW,0.0,0.5194929289747615,1,REVIEW,
3693,0,0,LOW,0.0,0.20476966736370775,0,LOW,0.0
3694,0,10,LOW,0.0,0.5632074508417327,1,REVIEW,
3695,0,0,LOW,0.0,0.12421114533997174,0,LOW,0.0
3696,0,0,LOW,0.0,0.511206013507348,1,REVIEW,
3697,0,0,LOW,0.0,0.697573026358536,1,REVIEW,
3698,0,0,LOW,0.0,0.3329910461002659,0,LOW,0.0
3699,0,10,LOW,0.0,0.2221575752878101,0,LOW,0.0
3700,0,0,LOW,0.0,0.12104328339489012,0,LOW,0.0
3701,0,10,LOW,0.0,0.4423079882935872,0,LOW,0.0
3702,0,0,LOW,0.0,0.14887882361673038,0,LOW,0.0
3703,0,10,LOW,0.0,0.09943624663876897,0,LOW,0.0
3704,0,0,LOW,0.0,0.15824010958155976,0,LOW,0.0
3705,0,0,LOW,0.0,0.1848740462170569,0,LOW,0.0
3706,0,0,LOW,0.0,0.2509775250717794,0,LOW,0.0
3707,0,0,LOW,0.0,0.16365504244563847,0,LOW,0.0
3708,0,10,LOW,0.0,0.12997520491260903,0,LOW,0.0
3709,0,10,LOW,0.0,0.12830541573263796,0,LOW,0.0
3710,0,0,LOW,0.0,0.030900430229960182,0,LOW,0.0
3711,0,0,LOW,0.0,0.9046960575119329,1,REVIEW,
3712,0,0,LOW,0.0,0.46750775731434685,0,LOW,0.0
3713,0,0,LOW,0.0,0.19186330925272063,0,LOW,0.0
3714,0,0,LOW,0.0,0.2769155427819451,0,LOW,0.0
3715,0,0,LOW,0.0,0.31790018107421614,0,LOW,0.0
3716,0,0,LOW,0.0,0.1410161486720834,0,LOW,0.0
3717,0,0,LOW,0.0,0.7465497917073496,1,REVIEW,
3718,0,0,LOW,0.0,0.2602548132405861,0,LOW,0.0
3719,0,0,LOW,0.0,0.6432698629555459,1,REVIEW,
3720,0,0,LOW,0.0,0.11139601326525025,0,LOW,0.0
3721,0,0,LOW,0.0,0.052100933960032035,0,LOW,0.0
3722,0,0,LOW,0.0,0.684392333862793,1,REVIEW,
3723,0,0,LOW,0.0,0.6936537607810206,1,REVIEW,
3724,0,0,LOW,0.0,0.04240407942278216,0,LOW,0.0
3725,0,0,LOW,0.0,0.48366163594444495,0,LOW,0.0
3726,0,0,LOW,0.0,0.3095921493621392,0,LOW,0.0
3727,0,0,LOW,0.0,0.17425345035375792,0,LOW,0.0
3728,0,0,LOW,0.0,0.5252335260669716,1,REVIEW,
3729,0,0,LOW,0.0,0.1374733399616936,0,LOW,0.0
3730,0,0,LOW,0.0,0.05729783289761357,0,LOW,0.0
3731,0,0,LOW,0.0,0.2304680020213624,0,LOW,0.0
3732,0,0,LOW,0.0,0.7831355660126186,1,REVIEW,
3733,0,0,LOW,0.0,0.09039499675406193,0,LOW,0.0
3734,0,0,LOW,0.0,0.2538668479159979,0,LOW,0.0
3735,0,0,LOW,0.0,0.27730152449284495,0,LOW,0.0
3736,0,0,LOW,0.0,0.18829800434922855,0,LOW,0.0
3737,0,0,LOW,0.0,0.04478141391232202,0,LOW,0.0
3738,0,10,LOW,0.0,0.13493780865694763,0,LOW,0.0
3739,0,0,LOW,0.0,0.5077937750558658,1,REVIEW,
3740,0,0,LOW,0.0,0.37408709135837065,0,LOW,0.0
3741,0,0,LOW,0.0,0.40326533270138304,0,LOW,0.0
3742,0,0,LOW,0.0,0.5879264291553181,1,REVIEW,
3743,0,0,LOW,0.0,0.06775453607510391,0,LOW,0.0
3744,0,0,LOW,0.0,0.6771068687063613,1,REVIEW,
3745,0,0,LOW,0.0,0.030941931057395202,0,LOW,0.0
3746,0,0,LOW,0.0,0.03722434298606779,0,LOW,0.0
3747,0,10,LOW,0.0,0.4872667719806578,0,LOW,0.0
3748,0,0,LOW,0.0,0.15681081630118188,0,LOW,0.0
3749,0,0,LOW,0.0,0.3208490023496527,0,LOW,0.0
3750,0,0,LOW,0.0,0.47407251625700886,0,LOW,0.0
3751,0,0,LOW,0.0,0.1511131696083713,0,LOW,0.0
3752,0,0,LOW,0.0,0.18533851738137894,0,LOW,0.0
3753,0,0,LOW,0.0,0.49071389563633405,0,LOW,0.0
3754,0,0,LOW,0.0,0.49464229908938984,0,LOW,0.0
3755,0,0,LOW,0.0,0.09750059032095895,0,LOW,0.0
3756,0,0,LOW,0.0,0.5667490923807526,1,REVIEW,
3757,0,0,LOW,0.0,0.6210664834676699,1,REVIEW,
3758,0,10,LOW,0.0,0.09279582600172091,0,LOW,0.0
3759,0,0,LOW,0.0,0.01805693775924345,0,LOW,0.0
3760,0,0,LOW,0.0,0.014882843223304397,0,LOW,0.0
3761,0,10,LOW,0.0,0.011379361863718336,0,LOW,0.0
3762,0,0,LOW,0.0,0.018391789514677816,0,LOW,0.0
3763,0,10,LOW,0.0,0.12301889877492553,0,LOW,0.0
3764,0,10,LOW,0.0,0.12491219328821136,0,LOW,0.0
3765,0,0,LOW,0.0,0.045443307505428916,0,LOW,0.0
3766,0,0,LOW,0.0,0.22236220649547125,0,LOW,0.0
3767,0,0,LOW,0.0,0.03551749118197764,0,LOW,0.0
3768,0,0,LOW,0.0,0.1391076038394276,0,LOW,0.0
3769,0,0,LOW,0.0,0.10050037349189193,0,LOW,0.0
3770,0,10,LOW,0.0,0.022097972103598696,0,LOW,0.0
3771,0,10,LOW,0.0,0.5895994007438236,1,REVIEW,
3772,0,0,LOW,0.0,0.22567640482270293,0,LOW,0.0
3773,0,0,LOW,0.0,0.29064050217550064,0,LOW,0.0
3774,0,10,LOW,0.0,0.37921249249173,0,LOW,0.0
3775,0,0,LOW,0.0,0.10622463673560761,0,LOW,0.0
3776,0,0,LOW,0.0,0.3953633160325086,0,LOW,0.0
3777,0,0,LOW,0.0,0.03397707480990822,0,LOW,0.0
3778,0,0,LOW,0.0,0.5636386051382726,1,REVIEW,
3779,0,0,LOW,0.0,0.7886640334941105,1,REVIEW,
3780,0,0,LOW,0.0,0.011798609028861437,0,LOW,0.0
3781,0,0,LOW,0.0,0.26547001547314447,0,LOW,0.0
3782,0,0,LOW,0.0,0.2909436897684339,0,LOW,0.0
3783,0,0,LOW,0.0,0.09980935772182263,0,LOW,0.0
3784,0,10,LOW,0.0,0.29709010523192514,0,LOW,0.0
3785,0,0,LOW,0.0,0.04006249111294885,0,LOW,0.0
3786,0,0,LOW,0.0,0.17544068251809253,0,LOW,0.0
3787,0,0,LOW,0.0,0.2305657708542054,0,LOW,0.0
3788,0,10,LOW,0.0,0.6132264738772929,1,REVIEW,
3789,0,0,LOW,0.0,0.00853314581633751,0,LOW,0.0
3790,0,0,LOW,0.0,0.02961044305002235,0,LOW,0.0
3791,0,0,LOW,0.0,0.6028284803133118,1,REVIEW,
3792,0,0,LOW,0.0,0.1206170021228866,0,LOW,0.0
3793,0,0,LOW,0.0,0.11185354813472435,0,LOW,0.0
3794,0,0,LOW,0.0,0.898287564262981,1,REVIEW,
3795,0,0,LOW,0.0,0.003836480027096613,0,LOW,0.0
3796,0,0,LOW,0.0,0.030193049688361867,0,LOW,0.0
3797,0,0,LOW,0.0,0.29546117803990973,0,LOW,0.0
3798,0,0,LOW,0.0,0.5277426428901246,1,REVIEW,
3799,0,0,LOW,0.0,0.12596214289718394,0,LOW,0.0
3800,0,0,LOW,0.0,0.24683689658671035,0,LOW,0.0
3801,0,0,LOW,0.0,0.4233441264493847,0,LOW,0.0
3802,0,0,LOW,0.0,0.43115797249357424,0,LOW,0.0
3803,0,0,LOW,0.0,0.4222266390704496,0,LOW,0.0
3804,0,0,LOW,0.0,0.17132318629464616,0,LOW,0.0
3805,0,0,LOW,0.0,0.2102802552308435,0,LOW,0.0
3806,0,0,LOW,0.0,0.46247519194351244,0,LOW,0.0
3807,0,0,LOW,0.0,0.5777985522328228,1,REVIEW,
3808,0,0,LOW,0.0,0.12766814777597493,0,LOW,0.0
3809,0,0,LOW,0.0,0.47958231040226307,0,LOW,0.0
3810,0,10,LOW,0.0,0.4323374908283038,0,LOW,0.0
3811,0,0,LOW,0.0,0.6706855340189967,1,REVIEW,
3812,0,10,LOW,0.0,0.3200558089185548,0,LOW,0.0
3813,0,0,LOW,0.0,0.7886571101584529,1,REVIEW,
3814,0,0,LOW,0.0,0.8154490273670759,1,REVIEW,
3815,0,0,LOW,0.0,0.02282570008544348,0,LOW,0.0
3816,0,0,LOW,0.0,0.19566514999544937,0,LOW,0.0
3817,0,0,LOW,0.0,0.14624033150200136,0,LOW,0.0
3818,0,0,LOW,0.0,0.5765553793802276,1,REVIEW,
3819,0,10,LOW,0.0,0.03848503823271294,0,LOW,0.0
3820,0,0,LOW,0.0,0.17934293509738028,0,LOW,0.0
3821,0,0,LOW,0.0,0.21948891715249572,0,LOW,0.0
3822,0,0,LOW,0.0,0.3151071132040746,0,LOW,0.0
3823,0,0,LOW,0.0,0.7742368503337468,1,REVIEW,
3824,0,0,LOW,0.0,0.33689083351954724,0,LOW,0.0
3825,0,0,LOW,0.0,0.467073908911227,0,LOW,0.0
3826,0,0,LOW,0.0,0.43202237086620904,0,LOW,0.0
3827,0,0,LOW,0.0,0.6121760320457944,1,REVIEW,
3828,0,0,LOW,0.0,0.3691164676499922,0,LOW,0.0
3829,0,0,LOW,0.0,0.6236075788179908,1,REVIEW,
3830,0,0,LOW,0.0,0.08159883901298123,0,LOW,0.0
3831,0,0,LOW,0.0,0.09229206142150446,0,LOW,0.0
3832,0,0,LOW,0.0,0.40798149498797953,0,LOW,0.0
3833,0,0,LOW,0.0,0.6113157011426442,1,REVIEW,
3834,0,0,LOW,0.0,0.4803919902379201,0,LOW,0.0
3835,0,0,LOW,0.0,0.1577253178529785,0,LOW,0.0
3836,0,0,LOW,0.0,0.0067627229392613125,0,LOW,0.0
3837,0,0,LOW,0.0,0.3751004523486422,0,LOW,0.0
3838,0,0,LOW,0.0,0.4522724708239946,0,LOW,0.0
3839,0,0,LOW,0.0,0.8926920945041696,1,REVIEW,
3840,0,0,LOW,0.0,0.044185895303434655,0,LOW,0.0
3841,0,0,LOW,0.0,0.29066718113117884,0,LOW,0.0
3842,0,0,LOW,0.0,0.11283543609967146,0,LOW,0.0
3843,0,10,LOW,0.0,0.38605791640099557,0,LOW,0.0
3844,0,0,LOW,0.0,0.09186966303183407,0,LOW,0.0
3845,0,0,LOW,0.0,0.0037418382462007897,0,LOW,0.0
3846,0,0,LOW,0.0,0.06392721667658251,0,LOW,0.0
3847,0,0,LOW,0.0,0.7005238658410449,1,REVIEW,
3848,0,0,LOW,0.0,0.3742129361241067,0,LOW,0.0
3849,0,0,LOW,0.0,0.10062734389486218,0,LOW,0.0
3850,0,0,LOW,0.0,0.027749952047814698,0,LOW,0.0
3851,0,0,LOW,0.0,0.14842124294412964,0,LOW,0.0
3852,0,0,LOW,0.0,0.18993719945961063,0,LOW,0.0
3853,0,0,LOW,0.0,0.1859225629020574,0,LOW,0.0
3854,0,0,LOW,0.0,0.37985268676016015,0,LOW,0.0
3855,0,0,LOW,0.0,0.030489441168235445,0,LOW,0.0
3856,0,0,LOW,0.0,0.04091138176689171,0,LOW,0.0
3857,0,0,LOW,0.0,0.2397873277617206,0,LOW,0.0
3858,0,0,LOW,0.0,0.5590131517824888,1,REVIEW,
3859,0,0,LOW,0.0,0.23853598520457583,0,LOW,0.0
3860,0,0,LOW,0.0,0.056977192719252785,0,LOW,0.0
3861,0,0,LOW,0.0,0.061630567207270406,0,LOW,0.0
3862,0,0,LOW,0.0,0.2517465529227158,0,LOW,0.0
3863,0,0,LOW,0.0,0.06503192003286618,0,LOW,0.0
3864,0,0,LOW,0.0,0.04615775202833028,0,LOW,0.0
3865,0,0,LOW,0.0,0.13039580198830472,0,LOW,0.0
3866,0,0,LOW,0.0,0.3436360912783059,0,LOW,0.0
3867,0,0,LOW,0.0,0.1719377287534124,0,LOW,0.0
3868,0,0,LOW,0.0,0.07346781992203222,0,LOW,0.0
3869,0,0,LOW,0.0,0.26092353571734905,0,LOW,0.0
3870,0,0,LOW,0.0,0.022215440308653224,0,LOW,0.0
3871,0,0,LOW,0.0,0.1180605794832923,0,LOW,0.0
3872,0,0,LOW,0.0,0.3631855949999225,0,LOW,0.0
3873,0,0,LOW,0.0,0.5613203773544709,1,REVIEW,
3874,0,0,LOW,0.0,0.18075866834522616,0,LOW,0.0
3875,0,0,LOW,0.0,0.5729825750052214,1,REVIEW,
3876,0,0,LOW,0.0,0.03759609543118644,0,LOW,0.0
3877,0,0,LOW,0.0,0.42144206355992947,0,LOW,0.0
3878,0,0,LOW,0.0,0.2371383751068351,0,LOW,0.0
3879,0,0,LOW,0.0,0.1651887049744972,0,LOW,0.0
3880,0,0,LOW,0.0,0.006027834176313105,0,LOW,0.0
3881,0,0,LOW,0.0,0.04428064636806169,0,LOW,0.0
3882,0,0,LOW,0.0,0.0878492549117557,0,LOW,0.0
3883,0,0,LOW,0.0,0.47660796946339273,0,LOW,0.0
3884,0,0,LOW,0.0,0.075981422017018,0,LOW,0.0
3885,0,0,LOW,0.0,0.007842323812302265,0,LOW,0.0
3886,0,0,LOW,0.0,0.07245340343414018,0,LOW,0.0
3887,0,0,LOW,0.0,0.0856081364406629,0,LOW,0.0
3888,0,0,LOW,0.0,0.5905877526892203,1,REVIEW,
3889,0,10,LOW,0.0,0.2750046768572833,0,LOW,0.0
3890,0,0,LOW,0.0,0.014340340435500221,0,LOW,0.0
3891,0,0,LOW,0.0,0.2636926865731874,0,LOW,0.0
3892,0,0,LOW,0.0,0.20809697522899218,0,LOW,0.0
3893,0,10,LOW,0.0,0.19452416156801797,0,LOW,0.0
3894,0,0,LOW,0.0,0.5636610454853493,1,REVIEW,
3895,0,0,LOW,0.0,0.04877602239645315,0,LOW,0.0
3896,0,0,LOW,0.0,0.05711212276208971,0,LOW,0.0
3897,0,0,LOW,0.0,0.2474689337935384,0,LOW,0.0
3898,0,0,LOW,0.0,0.05246536547619842,0,LOW,0.0
3899,0,0,LOW,0.0,0.32815386035521127,0,LOW,0.0
3900,0,0,LOW,0.0,0.06072010582483953,0,LOW,0.0
3901,0,0,LOW,0.0,0.05606014541286649,0,LOW,0.0
3902,0,0,LOW,0.0,0.08775981995791328,0,LOW,0.0
3903,0,0,LOW,0.0,0.2281281895171092,0,LOW,0.0
3904,0,0,LOW,0.0,0.36389443241200403,0,LOW,0.0
3905,0,0,LOW,0.0,0.04109169556840256,0,LOW,0.0
3906,0,0,LOW,0.0,0.2592496761339147,0,LOW,0.0
3907,0,0,LOW,0.0,0.342729263073759,0,LOW,0.0
3908,0,0,LOW,0.0,0.6198320136777621,1,REVIEW,
3909,0,0,LOW,0.0,0.06387198633552592,0,LOW,0.0
3910,0,10,LOW,0.0,0.06979230631712538,0,LOW,0.0
3911,0,0,LOW,0.0,0.009043616072726874,0,LOW,0.0
3912,0,10,LOW,0.0,0.5552695048747235,1,REVIEW,
3913,0,0,LOW,0.0,0.08893162983706909,0,LOW,0.0
3914,0,0,LOW,0.0,0.18405174426074092,0,LOW,0.0
3915,0,0,LOW,0.0,0.7664877299996601,1,REVIEW,
3916,0,0,LOW,0.0,0.2655054733092867,0,LOW,0.0
3917,0,0,LOW,0.0,0.43815511347601754,0,LOW,0.0
3918,0,0,LOW,0.0,0.19625619371027955,0,LOW,0.0
3919,0,0,LOW,0.0,0.32666687685739443,0,LOW,0.0
3920,0,0,LOW,0.0,0.07809360231957746,0,LOW,0.0
3921,0,0,LOW,0.0,0.5068011425328938,1,REVIEW,
3922,0,0,LOW,0.0,0.07688884103639948,0,LOW,0.0
3923,0,0,LOW,0.0,0.08808388028272743,0,LOW,0.0
3924,0,0,LOW,0.0,0.5733780005658893,1,REVIEW,
3925,0,0,LOW,0.0,0.10368430423340855,0,LOW,0.0
3926,0,0,LOW,0.0,0.4061563721668853,0,LOW,0.0
3927,0,0,LOW,0.0,0.3695351767019952,0,LOW,0.0
3928,0,0,LOW,0.0,0.2855362502614038,0,LOW,0.0
3929,0,0,LOW,0.0,0.011653056519915314,0,LOW,0.0
3930,0,0,LOW,0.0,0.0613626400646024,0,LOW,0.0
3931,0,10,LOW,0.0,0.10872227081829051,0,LOW,0.0
3932,0,0,LOW,0.0,0.1572254040027642,0,LOW,0.0
3933,0,0,LOW,0.0,0.09235460016766811,0,LOW,0.0
3934,0,0,LOW,0.0,0.130950878988626,0,LOW,0.0
3935,0,0,LOW,0.0,0.27406891369170117,0,LOW,0.0
3936,0,10,LOW,0.0,0.10360333110559172,0,LOW,0.0
3937,0,0,LOW,0.0,0.028156208659912488,0,LOW,0.0
3938,0,0,LOW,0.0,0.3345519975372398,0,LOW,0.0
3939,0,0,LOW,0.0,0.3114429032543868,0,LOW,0.0
3940,0,0,LOW,0.0,0.29578348381749264,0,LOW,0.0
3941,0,0,LOW,0.0,0.15195773686118644,0,LOW,0.0
3942,0,0,LOW,0.0,0.35250620782048686,0,LOW,0.0
3943,0,0,LOW,0.0,0.42758255044846716,0,LOW,0.0
3944,0,0,LOW,0.0,0.10610895514234217,0,LOW,0.0
3945,0,0,LOW,0.0,0.07326900060921437,0,LOW,0.0
3946,0,0,LOW,0.0,0.07953012515896109,0,LOW,0.0
3947,0,0,LOW,0.0,0.2874019369704366,0,LOW,0.0
3948,0,0,LOW,0.0,0.3540804321300717,0,LOW,0.0
3949,0,10,LOW,0.0,0.2652713880830697,0,LOW,0.0
3950,0,0,LOW,0.0,0.38481268923499995,0,LOW,0.0
3951,0,0,LOW,0.0,0.7344050429936884,1,REVIEW,
3952,0,0,LOW,0.0,0.3038152375750268,0,LOW,0.0
3953,0,0,LOW,0.0,0.7661615067501277,1,REVIEW,
3954,0,0,LOW,0.0,0.008261713973066478,0,LOW,0.0
3955,0,0,LOW,0.0,0.119235970720408,0,LOW,0.0
3956,0,0,LOW,0.0,0.009053205200301439,0,LOW,0.0
3957,0,10,LOW,0.0,0.03253454378687475,0,LOW,0.0
3958,0,0,LOW,0.0,0.6018428815801117,1,REVIEW,
3959,0,0,LOW,0.0,0.260350916721305,0,LOW,0.0
3960,0,0,LOW,0.0,0.36665397963767343,0,LOW,0.0
3961,0,0,LOW,0.0,0.06223164654820151,0,LOW,0.0
3962,0,0,LOW,0.0,0.2895671169201336,0,LOW,0.0
3963,0,0,LOW,0.0,0.18266871691673817,0,LOW,0.0
3964,0,0,LOW,0.0,0.14009160323801725,0,LOW,0.0
3965,0,0,LOW,0.0,0.47934108463016567,0,LOW,0.0
3966,0,0,LOW,0.0,0.06098109388914312,0,LOW,0.0
3967,0,0,LOW,0.0,0.06414040289250394,0,LOW,0.0
3968,0,0,LOW,0.0,0.15988396882491618,0,LOW,0.0
3969,0,0,LOW,0.0,0.036468274818322995,0,LOW,0.0
3970,0,0,LOW,0.0,0.08580205176730778,0,LOW,0.0
3971,0,0,LOW,0.0,0.04725410881518506,0,LOW,0.0
3972,0,0,LOW,0.0,0.1208415087544747,0,LOW,0.0
3973,0,0,LOW,0.0,0.22291643762816069,0,LOW,0.0
3974,0,0,LOW,0.0,0.14902641370765504,0,LOW,0.0
3975,0,0,LOW,0.0,0.0833518480448195,0,LOW,0.0
3976,0,0,LOW,0.0,0.20425406493758827,0,LOW,0.0
3977,0,0,LOW,0.0,0.3710796918785231,0,LOW,0.0
3978,0,0,LOW,0.0,0.2938643153601809,0,LOW,0.0
3979,0,0,LOW,0.0,0.5130138134948349,1,REVIEW,
3980,0,0,LOW,0.0,0.16791403299078478,0,LOW,0.0
3981,0,0,LOW,0.0,0.16766821091363818,0,LOW,0.0
3982,0,10,LOW,0.0,0.04691537775738339,0,LOW,0.0
3983,0,0,LOW,0.0,0.688574336007696,1,REVIEW,
3984,0,0,LOW,0.0,0.320748477066268,0,LOW,0.0
3985,0,0,LOW,0.0,0.23804405005050072,0,LOW,0.0
3986,0,0,LOW,0.0,0.11944365160339475,0,LOW,0.0
3987,0,0,LOW,0.0,0.20108044379505088,0,LOW,0.0
3988,0,0,LOW,0.0,0.41274997568253524,0,LOW,0.0
3989,0,0,LOW,0.0,0.31811762182210596,0,LOW,0.0
3990,0,0,LOW,0.0,0.34589357853184394,0,LOW,0.0
3991,0,0,LOW,0.0,0.10818097239314346,0,LOW,0.0
3992,0,0,LOW,0.0,0.4398207412295527,0,LOW,0.0
3993,0,0,LOW,0.0,0.1166432054696228,0,LOW,0.0
3994,0,0,LOW,0.0,0.02209618814407359,0,LOW,0.0
3995,0,0,LOW,0.0,0.24124198179611323,0,LOW,0.0
3996,0,0,LOW,0.0,0.03143260598090887,0,LOW,0.0
3997,0,0,LOW,0.0,0.05497472667644615,0,LOW,0.0
3998,0,0,LOW,0.0,0.04448380119564459,0,LOW,0.0
3999,0,0,LOW,0.0,0.17045831030399353,0,LOW,0.0
4000,0,0,LOW,0.0,0.5169428141796328,1,REVIEW,
4001,0,10,LOW,0.0,0.029632802041266473,0,LOW,0.0
4002,0,0,LOW,0.0,0.04670754353880126,0,LOW,0.0
4003,0,10,LOW,0.0,0.12044946837395529,0,LOW,0.0
4004,0,10,LOW,0.0,0.189155275904579,0,LOW,0.0
4005,0,0,LOW,0.0,0.007460901097731322,0,LOW,0.0
4006,0,10,LOW,0.0,0.0031134747705962706,0,LOW,0.0
4007,0,0,LOW,0.0,0.12366764760184908,0,LOW,0.0
4008,0,0,LOW,0.0,0.07588783993409302,0,LOW,0.0
4009,0,0,LOW,0.0,0.31215820315563614,0,LOW,0.0
4010,0,0,LOW,0.0,0.015525430331587514,0,LOW,0.0
4011,0,0,LOW,0.0,0.014021336966024704,0,LOW,0.0
4012,0,0,LOW,0.0,0.06451360761114656,0,LOW,0.0
4013,0,0,LOW,0.0,0.6143337442577309,1,REVIEW,
4014,0,0,LOW,0.0,0.4236956376131212,0,LOW,0.0
4015,0,0,LOW,0.0,0.10248187731178858,0,LOW,0.0
4016,0,0,LOW,0.0,0.2742562917327164,0,LOW,0.0
4017,0,0,LOW,0.0,0.011992891438360622,0,LOW,0.0
4018,0,0,LOW,0.0,0.3333040178773067,0,LOW,0.0
4019,0,0,LOW,0.0,0.0561357382478269,0,LOW,0.0
4020,0,0,LOW,0.0,0.21703587620684425,0,LOW,0.0
4021,0,0,LOW,0.0,0.010754465037963616,0,LOW,0.0
4022,0,0,LOW,0.0,0.16190129692737337,0,LOW,0.0
4023,0,10,LOW,0.0,0.27896430627999297,0,LOW,0.0
4024,0,0,LOW,0.0,0.04654855050695298,0,LOW,0.0
4025,0,10,LOW,0.0,0.27855149974581633,0,LOW,0.0
4026,0,0,LOW,0.0,0.04669938456040118,0,LOW,0.0
4027,0,0,LOW,0.0,0.13089787106474837,0,LOW,0.0
4028,0,10,LOW,0.0,0.05371365406273991,0,LOW,0.0
4029,0,0,LOW,0.0,0.27913969925259385,0,LOW,0.0
4030,0,0,LOW,0.0,0.3837490072303246,0,LOW,0.0
4031,0,10,LOW,0.0,0.01533105179254178,0,LOW,0.0
4032,0,0,LOW,0.0,0.1532149378233491,0,LOW,0.0
4033,0,0,LOW,0.0,0.5163141133058773,1,REVIEW,
4034,0,0,LOW,0.0,0.568111787902368,1,REVIEW,
4035,0,0,LOW,0.0,0.09018528338393302,0,LOW,0.0
4036,0,0,LOW,0.0,0.02628407397952946,0,LOW,0.0
4037,0,0,LOW,0.0,0.346962834969244,0,LOW,0.0
4038,0,0,LOW,0.0,0.1956046508085247,0,LOW,0.0
4039,0,0,LOW,0.0,0.02609654172550126,0,LOW,0.0
4040,0,0,LOW,0.0,0.03386945156055703,0,LOW,0.0
4041,0,0,LOW,0.0,0.052023138047356435,0,LOW,0.0
4042,0,0,LOW,0.0,0.28918116451400155,0,LOW,0.0
4043,0,0,LOW,0.0,0.23563694675533883,0,LOW,0.0
4044,0,10,LOW,0.0,0.30537551765786863,0,LOW,0.0
4045,0,0,LOW,0.0,0.5366569093095923,1,REVIEW,
4046,0,0,LOW,0.0,0.13927741314975733,0,LOW,0.0
4047,0,0,LOW,0.0,0.16020795541303512,0,LOW,0.0
4048,0,0,LOW,0.0,0.07645540823632199,0,LOW,0.0
4049,0,0,LOW,0.0,0.5139580508534222,1,REVIEW,
4050,0,0,LOW,0.0,0.21085084367253698,0,LOW,0.0
4051,0,10,LOW,0.0,0.3121533611258101,0,LOW,0.0
4052,0,0,LOW,0.0,0.11233819192052388,0,LOW,0.0
4053,0,0,LOW,0.0,0.6270218708857126,1,REVIEW,
4054,0,0,LOW,0.0,0.49030637078829176,0,LOW,0.0
4055,0,0,LOW,0.0,0.6170240326886925,1,REVIEW,
4056,0,0,LOW,0.0,0.09828621273907485,0,LOW,0.0
4057,0,0,LOW,0.0,0.3500245449109113,0,LOW,0.0
4058,0,0,LOW,0.0,0.3308989761294551,0,LOW,0.0
4059,0,0,LOW,0.0,0.2868493197839258,0,LOW,0.0
4060,0,0,LOW,0.0,0.603828983198742,1,REVIEW,
4061,0,0,LOW,0.0,0.09495849394086722,0,LOW,0.0
4062,0,0,LOW,0.0,0.3211533825716731,0,LOW,0.0
4063,0,0,LOW,0.0,0.18376443688557556,0,LOW,0.0
4064,0,0,LOW,0.0,0.24285199957887332,0,LOW,0.0
4065,0,0,LOW,0.0,0.28009281955014137,0,LOW,0.0
4066,0,0,LOW,0.0,0.12951086161169723,0,LOW,0.0
4067,0,0,LOW,0.0,0.021847124420801316,0,LOW,0.0
4068,0,0,LOW,0.0,0.1865875530522619,0,LOW,0.0
4069,0,0,LOW,0.0,0.0827322906846193,0,LOW,0.0
4070,0,0,LOW,0.0,0.2260743018781297,0,LOW,0.0
4071,0,0,LOW,0.0,0.05712935627820244,0,LOW,0.0
4072,0,0,LOW,0.0,0.4072042068464573,0,LOW,0.0
4073,0,10,LOW,0.0,0.7476945416789476,1,REVIEW,
4074,0,10,LOW,0.0,0.7182568212072967,1,REVIEW,
4075,0,0,LOW,0.0,0.26965765976006373,0,LOW,0.0
4076,0,0,LOW,0.0,0.5208962318594312,1,REVIEW,
4077,0,0,LOW,0.0,0.3450633220899116,0,LOW,0.0
4078,0,0,LOW,0.0,0.40846910044374374,0,LOW,0.0
4079,0,0,LOW,0.0,0.41518568688758123,0,LOW,0.0
4080,0,0,LOW,0.0,0.06694893146029551,0,LOW,0.0
4081,0,0,LOW,0.0,0.018349264830867486,0,LOW,0.0
4082,0,0,LOW,0.0,0.03457171236478518,0,LOW,0.0
4083,0,0,LOW,0.0,0.24499618437775847,0,LOW,0.0
4084,0,0,LOW,0.0,0.1277361044331169,0,LOW,0.0
4085,0,0,LOW,0.0,0.6468981170760546,1,REVIEW,
4086,0,20,LOW,0.0,0.11784385594404566,0,LOW,0.0
4087,0,0,LOW,0.0,0.21408503129848064,0,LOW,0.0
4088,0,0,LOW,0.0,0.17157007708757016,0,LOW,0.0
4089,0,0,LOW,0.0,0.21249195484134803,0,LOW,0.0
4090,0,10,LOW,0.0,0.4144422087581943,0,LOW,0.0
4091,0,0,LOW,0.0,0.0433033636428387,0,LOW,0.0
4092,0,0,LOW,0.0,0.06238647879570585,0,LOW,0.0
4093,0,0,LOW,0.0,0.49722451103094123,0,LOW,0.0
4094,0,0,LOW,0.0,0.06359723161457626,0,LOW,0.0
4095,0,10,LOW,0.0,0.40856415080666925,0,LOW,0.0
4096,0,0,LOW,0.0,0.03922966701167437,0,LOW,0.0
4097,0,0,LOW,0.0,0.06105353877784046,0,LOW,0.0
4098,0,10,LOW,0.0,0.26046983362939097,0,LOW,0.0
4099,0,0,LOW,0.0,0.3868008181010609,0,LOW,0.0
4100,0,0,LOW,0.0,0.29908553009571043,0,LOW,0.0
4101,0,0,LOW,0.0,0.7000579904513161,1,REVIEW,
4102,0,0,LOW,0.0,0.8423822222186074,1,REVIEW,
4103,0,0,LOW,0.0,0.49910513926399164,0,LOW,0.0
4104,0,0,LOW,0.0,0.17973999187647424,0,LOW,0.0
4105,0,0,LOW,0.0,0.6938120672865635,1,REVIEW,
4106,0,0,LOW,0.0,0.1421249506731218,0,LOW,0.0
4107,0,0,LOW,0.0,0.19115688189684327,0,LOW,0.0
4108,0,10,LOW,0.0,0.21044249191109313,0,LOW,0.0
4109,0,0,LOW,0.0,0.06169834660359988,0,LOW,0.0
4110,0,0,LOW,0.0,0.13047930797964435,0,LOW,0.0
4111,0,0,LOW,0.0,0.21993861521073804,0,LOW,0.0
4112,0,0,LOW,0.0,0.17415697871424582,0,LOW,0.0
4113,0,0,LOW,0.0,0.4146111833419377,0,LOW,0.0
4114,0,0,LOW,0.0,0.7403482701180032,1,REVIEW,
4115,0,0,LOW,0.0,0.17616438046211375,0,LOW,0.0
4116,0,0,LOW,0.0,0.413438960868209,0,LOW,0.0
4117,0,0,LOW,0.0,0.1398874642067922,0,LOW,0.0
4118,0,0,LOW,0.0,0.526017268101082,1,REVIEW,
4119,0,0,LOW,0.0,0.18008251523158691,0,LOW,0.0
4120,0,0,LOW,0.0,0.7429171551092872,1,REVIEW,
4121,0,0,LOW,0.0,0.09554010434119933,0,LOW,0.0
4122,0,0,LOW,0.0,0.4690371687663798,0,LOW,0.0
4123,0,0,LOW,0.0,0.10176362600757735,0,LOW,0.0
4124,0,0,LOW,0.0,0.5259762961154286,1,REVIEW,
4125,0,0,LOW,0.0,0.3056848147773189,0,LOW,0.0
4126,0,0,LOW,0.0,0.1632243583228618,0,LOW,0.0
4127,0,0,LOW,0.0,0.015124839094836248,0,LOW,0.0
4128,0,0,LOW,0.0,0.418093015130893,0,LOW,0.0
4129,0,0,LOW,0.0,0.34801188216821644,0,LOW,0.0
4130,0,0,LOW,0.0,0.6602037681862559,1,REVIEW,
4131,0,0,LOW,0.0,0.5784937675718534,1,REVIEW,
4132,0,0,LOW,0.0,0.4775437045580599,0,LOW,0.0
4133,0,0,LOW,0.0,0.7761769091103305,1,REVIEW,
4134,0,0,LOW,0.0,0.11031201319791625,0,LOW,0.0
4135,0,0,LOW,0.0,0.5283828234620382,1,REVIEW,
4136,0,10,LOW,0.0,0.051460047250956494,0,LOW,0.0
4137,0,0,LOW,0.0,0.13955863269052532,0,LOW,0.0
4138,0,0,LOW,0.0,0.20189619833497469,0,LOW,0.0
4139,0,0,LOW,0.0,0.06222312389323648,0,LOW,0.0
4140,0,0,LOW,0.0,0.3160624816233658,0,LOW,0.0
4141,0,0,LOW,0.0,0.02971203586110589,0,LOW,0.0
4142,0,0,LOW,0.0,0.2849655396798099,0,LOW,0.0
4143,0,10,LOW,0.0,0.4388036601449208,0,LOW,0.0
4144,0,0,LOW,0.0,0.49773079944267157,0,LOW,0.0
4145,0,0,LOW,0.0,0.2464577559574884,0,LOW,0.0
4146,0,0,LOW,0.0,0.03291462106242293,0,LOW,0.0
4147,0,0,LOW,0.0,0.43668523361905415,0,LOW,0.0
4148,0,0,LOW,0.0,0.0618240684984227,0,LOW,0.0
4149,0,0,LOW,0.0,0.09932825437380767,0,LOW,0.0
4150,0,0,LOW,0.0,0.2532540842585678,0,LOW,0.0
4151,0,0,LOW,0.0,0.049218593600769835,0,LOW,0.0
4152,0,0,LOW,0.0,0.2996492765612247,0,LOW,0.0
4153,0,0,LOW,0.0,0.7359525249794612,1,REVIEW,
4154,0,0,LOW,0.0,0.5422201167130631,1,REVIEW,
4155,0,0,LOW,0.0,0.3991013313224223,0,LOW,0.0
4156,0,0,LOW,0.0,0.03517438452337801,0,LOW,0.0
4157,0,0,LOW,0.0,0.6619066707297887,1,REVIEW,
4158,0,0,LOW,0.0,0.17476705576949075,0,LOW,0.0
4159,0,10,LOW,0.0,0.7566907602799448,1,REVIEW,
4160,0,0,LOW,0.0,0.6765989276644196,1,REVIEW,
4161,0,0,LOW,0.0,0.08487439008320391,0,LOW,0.0
4162,0,0,LOW,0.0,0.02065677930863797,0,LOW,0.0
4163,0,0,LOW,0.0,0.22428879770251198,0,LOW,0.0
4164,0,0,LOW,0.0,0.14092727360919585,0,LOW,0.0
4165,0,0,LOW,0.0,0.1425451666656481,0,LOW,0.0
4166,0,0,LOW,0.0,0.6632578754944707,1,REVIEW,
4167,0,0,LOW,0.0,0.6728574573343082,1,REVIEW,
4168,0,0,LOW,0.0,0.41416223002693164,0,LOW,0.0
4169,0,0,LOW,0.0,0.15059345538312702,0,LOW,0.0
4170,0,0,LOW,0.0,0.23291800160883308,0,LOW,0.0
4171,0,0,LOW,0.0,0.03484500584431281,0,LOW,0.0
4172,0,0,LOW,0.0,0.16839570570634133,0,LOW,0.0
4173,0,0,LOW,0.0,0.18392291617780804,0,LOW,0.0
4174,0,0,LOW,0.0,0.44841827506092,0,LOW,0.0
4175,0,10,LOW,0.0,0.12756013543218067,0,LOW,0.0
4176,0,0,LOW,0.0,0.023498121896920784,0,LOW,0.0
4177,0,0,LOW,0.0,0.04571896403102526,0,LOW,0.0
4178,0,0,LOW,0.0,0.24420531398440568,0,LOW,0.0
4179,0,0,LOW,0.0,0.25961673959994397,0,LOW,0.0
4180,0,0,LOW,0.0,0.11015358225661749,0,LOW,0.0
4181,0,0,LOW,0.0,0.3324810942736914,0,LOW,0.0
4182,0,0,LOW,0.0,0.24927792887866343,0,LOW,0.0
4183,0,0,LOW,0.0,0.3445772169437522,0,LOW,0.0
4184,0,0,LOW,0.0,0.004708316021785255,0,LOW,0.0
4185,0,0,LOW,0.0,0.3152882011684059,0,LOW,0.0
4186,0,0,LOW,0.0,0.1464472861043009,0,LOW,0.0
4187,0,0,LOW,0.0,0.1391989656991456,0,LOW,0.0
4188,0,0,LOW,0.0,0.186222270592942,0,LOW,0.0
4189,0,0,LOW,0.0,0.08857919358386593,0,LOW,0.0
4190,0,10,LOW,0.0,0.5735271323073962,1,REVIEW,
4191,0,10,LOW,0.0,0.16816984352698314,0,LOW,0.0
4192,0,0,LOW,0.0,0.20794093517979173,0,LOW,0.0
4193,0,0,LOW,0.0,0.7103043243566778,1,REVIEW,
4194,0,0,LOW,0.0,0.911331346707141,1,REVIEW,
4195,0,0,LOW,0.0,0.3784113029294006,0,LOW,0.0
4196,0,0,LOW,0.0,0.025046125098662355,0,LOW,0.0
4197,0,0,LOW,0.0,0.07813609036093008,0,LOW,0.0
4198,0,0,LOW,0.0,0.2889796591037876,0,LOW,0.0
4199,0,0,LOW,0.0,0.257076306731378,0,LOW,0.0
4200,0,10,LOW,0.0,0.7592071293765348,1,REVIEW,
4201,0,0,LOW,0.0,0.3345082788036761,0,LOW,0.0
4202,0,0,LOW,0.0,0.2375260204324455,0,LOW,0.0
4203,0,0,LOW,0.0,0.5140734659632209,1,REVIEW,
4204,0,0,LOW,0.0,0.3017186157782493,0,LOW,0.0
4205,0,0,LOW,0.0,0.3945390816299919,0,LOW,0.0
4206,0,0,LOW,0.0,0.010058012799918178,0,LOW,0.0
4207,0,0,LOW,0.0,0.2123290093868565,0,LOW,0.0
4208,0,10,LOW,0.0,0.5822671363754721,1,REVIEW,
4209,0,0,LOW,0.0,0.02061382953977226,0,LOW,0.0
4210,0,0,LOW,0.0,0.0690065571267913,0,LOW,0.0
4211,0,0,LOW,0.0,0.11592632584743527,0,LOW,0.0
4212,0,0,LOW,0.0,0.057503603814788515,0,LOW,0.0
4213,0,10,LOW,0.0,0.33913914478025214,0,LOW,0.0
4214,0,0,LOW,0.0,0.7173161767769354,1,REVIEW,
4215,0,0,LOW,0.0,0.35072603971040606,0,LOW,0.0
4216,0,0,LOW,0.0,0.06866092316326321,0,LOW,0.0
4217,0,0,LOW,0.0,0.10896552192827419,0,LOW,0.0
4218,0,0,LOW,0.0,0.5520920544430092,1,REVIEW,
4219,0,10,LOW,0.0,0.7380954154961564,1,REVIEW,
4220,0,0,LOW,0.0,0.3676914752582106,0,LOW,0.0
4221,0,0,LOW,0.0,0.11698382023197992,0,LOW,0.0
4222,0,0,LOW,0.0,0.14144882455384286,0,LOW,0.0
4223,0,0,LOW,0.0,0.06091020333639308,0,LOW,0.0
4224,0,0,LOW,0.0,0.19405891349535115,0,LOW,0.0
4225,0,0,LOW,0.0,0.4550689850136565,0,LOW,0.0
4226,0,10,LOW,0.0,0.08761353192208383,0,LOW,0.0
4227,0,10,LOW,0.0,0.3751918787184703,0,LOW,0.0
4228,0,0,LOW,0.0,0.09197401554516874,0,LOW,0.0
4229,0,0,LOW,0.0,0.30194065068894926,0,LOW,0.0
4230,0,0,LOW,0.0,0.3620860900001623,0,LOW,0.0
4231,0,0,LOW,0.0,0.27864018301441223,0,LOW,0.0
4232,0,0,LOW,0.0,0.08999053092545238,0,LOW,0.0
4233,0,0,LOW,0.0,0.19815841864534006,0,LOW,0.0
4234,0,0,LOW,0.0,0.39569037324143586,0,LOW,0.0
4235,0,0,LOW,0.0,0.4192703876582779,0,LOW,0.0
4236,0,0,LOW,0.0,0.03524419835873068,0,LOW,0.0
4237,0,0,LOW,0.0,0.2724716224329496,0,LOW,0.0
4238,0,0,LOW,0.0,0.3653249835394456,0,LOW,0.0
4239,0,0,LOW,0.0,0.33232221724085265,0,LOW,0.0
4240,0,0,LOW,0.0,0.04502644496303413,0,LOW,0.0
4241,0,0,LOW,0.0,0.027284061273085157,0,LOW,0.0
4242,0,0,LOW,0.0,0.0036511806541220603,0,LOW,0.0
4243,0,0,LOW,0.0,0.12785417216347253,0,LOW,0.0
4244,0,0,LOW,0.0,0.19589504615038852,0,LOW,0.0
4245,0,0,LOW,0.0,0.0901556548554607,0,LOW,0.0
4246,0,0,LOW,0.0,0.018678772541698554,0,LOW,0.0
4247,0,0,LOW,0.0,0.371230082840518,0,LOW,0.0
4248,0,0,LOW,0.0,0.1286135454471467,0,LOW,0.0
4249,0,0,LOW,0.0,0.43290202664027067,0,LOW,0.0
4250,0,0,LOW,0.0,0.07773490371811041,0,LOW,0.0
4251,0,0,LOW,0.0,0.007319685716097358,0,LOW,0.0
4252,0,0,LOW,0.0,0.30558443860795664,0,LOW,0.0
4253,0,0,LOW,0.0,0.15219728816944347,0,LOW,0.0
4254,0,0,LOW,0.0,0.14525830566461126,0,LOW,0.0
4255,0,10,LOW,0.0,0.7225654416309961,1,REVIEW,
4256,0,0,LOW,0.0,0.18774017087174424,0,LOW,0.0
4257,0,0,LOW,0.0,0.10965816564435073,0,LOW,0.0
4258,0,0,LOW,0.0,0.572733880821934,1,REVIEW,
4259,0,0,LOW,0.0,0.019148694551325278,0,LOW,0.0
4260,0,0,LOW,0.0,0.7414911974544034,1,REVIEW,
4261,0,0,LOW,0.0,0.12396004240129176,0,LOW,0.0
4262,0,0,LOW,0.0,0.0645599697129031,0,LOW,0.0
4263,0,0,LOW,0.0,0.455357738455393,0,LOW,0.0
4264,0,10,LOW,0.0,0.17723516032892608,0,LOW,0.0
4265,0,0,LOW,0.0,0.09087918085068089,0,LOW,0.0
4266,0,0,LOW,0.0,0.16619141788878425,0,LOW,0.0
4267,0,0,LOW,0.0,0.3820163089507874,0,LOW,0.0
4268,0,10,LOW,0.0,0.8318826816858912,1,REVIEW,
4269,0,0,LOW,0.0,0.003957528721946008,0,LOW,0.0
4270,0,0,LOW,0.0,0.5664383177204266,1,REVIEW,
4271,0,0,LOW,0.0,0.26826756758473325,0,LOW,0.0
4272,0,0,LOW,0.0,0.08929018601871105,0,LOW,0.0
4273,0,0,LOW,0.0,0.6411565270827483,1,REVIEW,
4274,0,0,LOW,0.0,0.6385915903283423,1,REVIEW,
4275,0,0,LOW,0.0,0.16574221648015222,0,LOW,0.0
4276,0,0,LOW,0.0,0.3963564736000792,0,LOW,0.0
4277,0,0,LOW,0.0,0.13628811666956617,0,LOW,0.0
4278,0,0,LOW,0.0,0.6980658292057271,1,REVIEW,
4279,0,0,LOW,0.0,0.5876305302896252,1,REVIEW,
4280,0,10,LOW,0.0,0.421346915458747,0,LOW,0.0
4281,0,0,LOW,0.0,0.1569217755805257,0,LOW,0.0
4282,0,0,LOW,0.0,0.50015761223347,1,REVIEW,
4283,0,0,LOW,0.0,0.08857322307773563,0,LOW,0.0
4284,0,0,LOW,0.0,0.5972803202271098,1,REVIEW,
4285,0,0,LOW,0.0,0.05976531514970369,0,LOW,0.0
4286,0,0,LOW,0.0,0.012473760404764564,0,LOW,0.0
4287,0,10,LOW,0.0,0.479268550039999,0,LOW,0.0
4288,0,0,LOW,0.0,0.26510642205369905,0,LOW,0.0
4289,0,0,LOW,0.0,0.5292212498429862,1,REVIEW,
4290,0,10,LOW,0.0,0.08155691535966955,0,LOW,0.0
4291,0,10,LOW,0.0,0.1453201091777005,0,LOW,0.0
4292,0,0,LOW,0.0,0.39369174489469655,0,LOW,0.0
4293,0,10,LOW,0.0,0.6124812972732822,1,REVIEW,
4294,0,10,LOW,0.0,0.2813540877193625,0,LOW,0.0
4295,0,0,LOW,0.0,0.6192951176629008,1,REVIEW,
4296,0,0,LOW,0.0,0.24754663924343145,0,LOW,0.0
4297,0,0,LOW,0.0,0.007720010700139117,0,LOW,0.0
4298,0,0,LOW,0.0,0.10752508042868092,0,LOW,0.0
4299,0,0,LOW,0.0,0.17301101796364962,0,LOW,0.0
4300,0,0,LOW,0.0,0.14311292941381693,0,LOW,0.0
4301,0,0,LOW,0.0,0.3243406963665156,0,LOW,0.0
4302,0,0,LOW,0.0,0.2036705471698299,0,LOW,0.0
4303,0,10,LOW,0.0,0.4293409416632981,0,LOW,0.0
4304,0,0,LOW,0.0,0.04183477695799932,0,LOW,0.0
4305,0,10,LOW,0.0,0.8905142315083994,1,REVIEW,
4306,0,0,LOW,0.0,0.04372666809605895,0,LOW,0.0
4307,0,0,LOW,0.0,0.6184883844712391,1,REVIEW,
4308,0,0,LOW,0.0,0.6876994879724928,1,REVIEW,
4309,0,0,LOW,0.0,0.14200004870271005,0,LOW,0.0
4310,0,0,LOW,0.0,0.013746354692148842,0,LOW,0.0
4311,0,0,LOW,0.0,0.014779914870895604,0,LOW,0.0
4312,0,0,LOW,0.0,0.21339258182660917,0,LOW,0.0
4313,0,0,LOW,0.0,0.3992879880404405,0,LOW,0.0
4314,0,0,LOW,0.0,0.09905014414611694,0,LOW,0.0
4315,0,0,LOW,0.0,0.4147576917991623,0,LOW,0.0
4316,0,0,LOW,0.0,0.005200266257430923,0,LOW,0.0
4317,0,0,LOW,0.0,0.8403288524374298,1,REVIEW,
4318,0,0,LOW,0.0,0.6085718549933579,1,REVIEW,
4319,0,0,LOW,0.0,0.06469105334254076,0,LOW,0.0
4320,0,0,LOW,0.0,0.23371420156760708,0,LOW,0.0
4321,0,0,LOW,0.0,0.03746234369655654,0,LOW,0.0
4322,0,0,LOW,0.0,0.3846099943421882,0,LOW,0.0
4323,0,0,LOW,0.0,0.03047592370816321,0,LOW,0.0
4324,0,0,LOW,0.0,0.14385150212944522,0,LOW,0.0
4325,0,0,LOW,0.0,0.44554481591574213,0,LOW,0.0
4326,0,0,LOW,0.0,0.07957580991539688,0,LOW,0.0
4327,0,0,LOW,0.0,0.18423705910338098,0,LOW,0.0
4328,0,0,LOW,0.0,0.6546036207051348,1,REVIEW,
4329,0,0,LOW,0.0,0.1054142980651871,0,LOW,0.0
4330,0,0,LOW,0.0,0.23694291917365617,0,LOW,0.0
4331,0,0,LOW,0.0,0.344224751597172,0,LOW,0.0
4332,0,0,LOW,0.0,0.2726662608206637,0,LOW,0.0
4333,0,0,LOW,0.0,0.0388197355992954,0,LOW,0.0
4334,0,0,LOW,0.0,0.009552144555258258,0,LOW,0.0
4335,0,0,LOW,0.0,0.3016354724203428,0,LOW,0.0
4336,0,0,LOW,0.0,0.15791196586095693,0,LOW,0.0
4337,0,0,LOW,0.0,0.48788928966958,0,LOW,0.0
4338,0,0,LOW,0.0,0.1230501333241149,0,LOW,0.0
4339,0,0,LOW,0.0,0.2600610388176732,0,LOW,0.0
4340,0,0,LOW,0.0,0.14515701723868668,0,LOW,0.0
4341,0,0,LOW,0.0,0.35164858441379443,0,LOW,0.0
4342,0,0,LOW,0.0,0.5504918530285168,1,REVIEW,
4343,0,0,LOW,0.0,0.582100258426133,1,REVIEW,
4344,0,0,LOW,0.0,0.4079447666328156,0,LOW,0.0
4345,0,0,LOW,0.0,0.2976594391207559,0,LOW,0.0
4346,0,0,LOW,0.0,0.06775500845329328,0,LOW,0.0
4347,0,0,LOW,0.0,0.15518908659196556,0,LOW,0.0
4348,0,10,LOW,0.0,0.3702429384812997,0,LOW,0.0
4349,0,0,LOW,0.0,0.2434175375056341,0,LOW,0.0
4350,0,0,LOW,0.0,0.2629707540194552,0,LOW,0.0
4351,0,0,LOW,0.0,0.3566353568120877,0,LOW,0.0
4352,0,0,LOW,0.0,0.4079776571948504,0,LOW,0.0
4353,0,0,LOW,0.0,0.45946356452079495,0,LOW,0.0
4354,0,0,LOW,0.0,0.6726789631210209,1,REVIEW,
4355,0,0,LOW,0.0,0.17983416541460837,0,LOW,0.0
4356,0,0,LOW,0.0,0.26036197445710585,0,LOW,0.0
4357,0,0,LOW,0.0,0.487769370696148,0,LOW,0.0
4358,0,0,LOW,0.0,0.3095508054402165,0,LOW,0.0
4359,0,0,LOW,0.0,0.19751133141788146,0,LOW,0.0
4360,0,0,LOW,0.0,0.6604555224649754,1,REVIEW,
4361,0,20,LOW,0.0,0.3074134615740358,0,LOW,0.0
4362,0,0,LOW,0.0,0.49881193965690424,0,LOW,0.0
4363,0,0,LOW,0.0,0.8154588535273363,1,REVIEW,
4364,0,0,LOW,0.0,0.17218360477714967,0,LOW,0.0
4365,0,10,LOW,0.0,0.6451887434085023,1,REVIEW,
4366,0,0,LOW,0.0,0.033494029123523485,0,LOW,0.0
4367,0,0,LOW,0.0,0.22070506882405325,0,LOW,0.0
4368,0,0,LOW,0.0,0.745865632528115,1,REVIEW,
4369,0,0,LOW,0.0,0.4334550079694977,0,LOW,0.0
4370,0,10,LOW,0.0,0.1557201738664277,0,LOW,0.0
4371,0,0,LOW,0.0,0.0659544848741069,0,LOW,0.0
4372,0,10,LOW,0.0,0.5948134036708359,1,REVIEW,
4373,0,0,LOW,0.0,0.15055416051898632,0,LOW,0.0
4374,0,0,LOW,0.0,0.1462726074883888,0,LOW,0.0
4375,0,0,LOW,0.0,0.0763756964658854,0,LOW,0.0
4376,0,0,LOW,0.0,0.01679134216157465,0,LOW,0.0
4377,0,0,LOW,0.0,0.4228681312667406,0,LOW,0.0
4378,0,0,LOW,0.0,0.21344542149092274,0,LOW,0.0
4379,0,0,LOW,0.0,0.4979627221023252,0,LOW,0.0
4380,0,0,LOW,0.0,0.20504232609247428,0,LOW,0.0
4381,0,0,LOW,0.0,0.21495173218314,0,LOW,0.0
4382,0,0,LOW,0.0,0.17973633133487021,0,LOW,0.0
4383,0,0,LOW,0.0,0.2547153487867761,0,LOW,0.0
4384,0,0,LOW,0.0,0.4741924254967217,0,LOW,0.0
4385,0,0,LOW,0.0,0.4715673928620443,0,LOW,0.0
4386,0,0,LOW,0.0,0.005737499257728304,0,LOW,0.0
4387,0,0,LOW,0.0,0.43804433101655427,0,LOW,0.0
4388,0,0,LOW,0.0,0.044499869626859444,0,LOW,0.0
4389,0,0,LOW,0.0,0.13639928464355663,0,LOW,0.0
4390,0,0,LOW,0.0,0.770424018558667,1,REVIEW,
4391,0,0,LOW,0.0,0.18510953503963853,0,LOW,0.0
4392,0,0,LOW,0.0,0.2769162401435509,0,LOW,0.0
4393,0,0,LOW,0.0,0.4390168209769338,0,LOW,0.0
4394,0,0,LOW,0.0,0.5680326707647364,1,REVIEW,
4395,0,0,LOW,0.0,0.16074562073076712,0,LOW,0.0
4396,0,0,LOW,0.0,0.05984337220396693,0,LOW,0.0
4397,0,0,LOW,0.0,0.06833613133253728,0,LOW,0.0
4398,0,0,LOW,0.0,0.6655012113089994,1,REVIEW,
4399,0,0,LOW,0.0,0.23063233076188464,0,LOW,0.0
4400,0,0,LOW,0.0,0.040139644265918234,0,LOW,0.0
4401,0,0,LOW,0.0,0.4111845723860302,0,LOW,0.0
4402,0,0,LOW,0.0,0.32192324807477457,0,LOW,0.0
4403,0,0,LOW,0.0,0.011941118965243878,0,LOW,0.0
4404,0,0,LOW,0.0,0.3774684202192439,0,LOW,0.0
4405,0,10,LOW,0.0,0.10872085038544844,0,LOW,0.0
4406,0,0,LOW,0.0,0.05425343809203641,0,LOW,0.0
4407,0,0,LOW,0.0,0.11367616202759134,0,LOW,0.0
4408,0,0,LOW,0.0,0.13339142415325955,0,LOW,0.0
4409,0,0,LOW,0.0,0.27905029592274533,0,LOW,0.0
4410,0,0,LOW,0.0,0.40640594659155477,0,LOW,0.0
4411,0,0,LOW,0.0,0.01346152768459746,0,LOW,0.0
4412,0,0,LOW,0.0,0.5546102103590602,1,REVIEW,
4413,0,0,LOW,0.0,0.17227130956777956,0,LOW,0.0
4414,0,0,LOW,0.0,0.11833499196299241,0,LOW,0.0
4415,0,0,LOW,0.0,0.053001966574949086,0,LOW,0.0
4416,0,0,LOW,0.0,0.21288527308270394,0,LOW,0.0
4417,0,0,LOW,0.0,0.14706380750547865,0,LOW,0.0
4418,0,0,LOW,0.0,0.28696849649767425,0,LOW,0.0
4419,0,10,LOW,0.0,0.0797850318887677,0,LOW,0.0
4420,0,0,LOW,0.0,0.25231538476436943,0,LOW,0.0
4421,0,0,LOW,0.0,0.03979830314492575,0,LOW,0.0
4422,0,0,LOW,0.0,0.20868196515816617,0,LOW,0.0
4423,0,0,LOW,0.0,0.5180136436539066,1,REVIEW,
4424,0,0,LOW,0.0,0.4284344792430539,0,LOW,0.0
4425,0,0,LOW,0.0,0.03151689643546189,0,LOW,0.0
4426,0,0,LOW,0.0,0.010958522115760231,0,LOW,0.0
4427,0,0,LOW,0.0,0.06188562616940273,0,LOW,0.0
4428,0,0,LOW,0.0,0.658815262965634,1,REVIEW,
4429,0,0,LOW,0.0,0.25240919046780824,0,LOW,0.0
4430,0,0,LOW,0.0,0.37785820629383354,0,LOW,0.0
4431,0,20,LOW,0.0,0.14498057321186414,0,LOW,0.0
4432,0,0,LOW,0.0,0.5243908795972536,1,REVIEW,
4433,0,0,LOW,0.0,0.049460936390001355,0,LOW,0.0
4434,0,10,LOW,0.0,0.07019825462684508,0,LOW,0.0
4435,0,10,LOW,0.0,0.04190491803582961,0,LOW,0.0
4436,0,0,LOW,0.0,0.16547692039028078,0,LOW,0.0
4437,0,0,LOW,0.0,0.15589494063874942,0,LOW,0.0
4438,0,0,LOW,0.0,0.11438366777916281,0,LOW,0.0
4439,0,0,LOW,0.0,0.406087661764659,0,LOW,0.0
4440,0,0,LOW,0.0,0.3323315056828277,0,LOW,0.0
4441,0,0,LOW,0.0,0.009398352501261625,0,LOW,0.0
4442,0,10,LOW,0.0,0.3002289862757547,0,LOW,0.0
4443,0,10,LOW,0.0,0.15614011227096883,0,LOW,0.0
4444,0,0,LOW,0.0,0.13210912638390163,0,LOW,0.0
4445,0,10,LOW,0.0,0.845223948962604,1,REVIEW,
4446,0,0,LOW,0.0,0.08102301601365698,0,LOW,0.0
4447,0,0,LOW,0.0,0.357466085470166,0,LOW,0.0
4448,0,10,LOW,0.0,0.13752325973110704,0,LOW,0.0
4449,0,0,LOW,0.0,0.05421727629134555,0,LOW,0.0
4450,0,0,LOW,0.0,0.27209082732246426,0,LOW,0.0
4451,0,0,LOW,0.0,0.06353068052524483,0,LOW,0.0
4452,0,0,LOW,0.0,0.26185336291375405,0,LOW,0.0
4453,0,0,LOW,0.0,0.5682185442044746,1,REVIEW,
4454,0,0,LOW,0.0,0.18033571083421343,0,LOW,0.0
4455,0,0,LOW,0.0,0.3326581534465523,0,LOW,0.0
4456,0,0,LOW,0.0,0.08348867425446226,0,LOW,0.0
4457,0,0,LOW,0.0,0.674246301957234,1,REVIEW,
4458,0,0,LOW,0.0,0.42522072295899066,0,LOW,0.0
4459,0,0,LOW,0.0,0.6062330753566121,1,REVIEW,
4460,0,0,LOW,0.0,0.5107292363988076,1,REVIEW,
4461,0,0,LOW,0.0,0.2513597082058529,0,LOW,0.0
4462,0,0,LOW,0.0,0.5375197384404066,1,REVIEW,
4463,0,0,LOW,0.0,0.5464974406059077,1,REVIEW,
4464,0,0,LOW,0.0,0.33653846089879613,0,LOW,0.0
4465,0,0,LOW,0.0,0.522822449336427,1,REVIEW,
4466,0,0,LOW,0.0,0.915439613137806,1,REVIEW,
4467,0,0,LOW,0.0,0.6751932491181948,1,REVIEW,
4468,0,0,LOW,0.0,0.056486815757838184,0,LOW,0.0
4469,0,0,LOW,0.0,0.8554235089641575,1,REVIEW,
4470,0,0,LOW,0.0,0.5094827568613387,1,REVIEW,
4471,0,0,LOW,0.0,0.3932452223707568,0,LOW,0.0
4472,0,0,LOW,0.0,0.21399190945373794,0,LOW,0.0
4473,0,0,LOW,0.0,0.07367617387475489,0,LOW,0.0
4474,0,0,LOW,0.0,0.8455954642805577,1,REVIEW,
4475,0,0,LOW,0.0,0.047980634003472605,0,LOW,0.0
4476,0,0,LOW,0.0,0.14702679155459356,0,LOW,0.0
4477,0,0,LOW,0.0,0.22236999853593925,0,LOW,0.0
4478,0,10,LOW,0.0,0.8380452581115152,1,REVIEW,
4479,0,0,LOW,0.0,0.3876043881430323,0,LOW,0.0
4480,0,0,LOW,0.0,0.12315731812289046,0,LOW,0.0
4481,0,0,LOW,0.0,0.07525204565169329,0,LOW,0.0
4482,0,0,LOW,0.0,0.10092873139565736,0,LOW,0.0
4483,0,0,LOW,0.0,0.5807756886708766,1,REVIEW,
4484,0,10,LOW,0.0,0.13043588188652805,0,LOW,0.0
4485,0,0,LOW,0.0,0.5491438880833651,1,REVIEW,
4486,0,0,LOW,0.0,0.05997798461802101,0,LOW,0.0
4487,0,0,LOW,0.0,0.3142689894528788,0,LOW,0.0
4488,0,0,LOW,0.0,0.06815296245279236,0,LOW,0.0
4489,0,0,LOW,0.0,0.07129839944536653,0,LOW,0.0
4490,0,0,LOW,0.0,0.018195746630586474,0,LOW,0.0
4491,0,0,LOW,0.0,0.022954141862184172,0,LOW,0.0
4492,0,0,LOW,0.0,0.12445256100467798,0,LOW,0.0
4493,0,0,LOW,0.0,0.49186975782501163,0,LOW,0.0
4494,0,10,LOW,0.0,0.23906179666549307,0,LOW,0.0
4495,0,0,LOW,0.0,0.5415880879281991,1,REVIEW,
4496,0,0,LOW,0.0,0.823922142884434,1,REVIEW,
4497,0,0,LOW,0.0,0.07205916296197451,0,LOW,0.0
4498,0,0,LOW,0.0,0.11693502228523447,0,LOW,0.0
4499,0,0,LOW,0.0,0.32670980965463614,0,LOW,0.0
4500,0,0,LOW,0.0,0.22576543396933005,0,LOW,0.0
4501,0,0,LOW,0.0,0.05220622626287623,0,LOW,0.0
4502,0,0,LOW,0.0,0.2936221935930762,0,LOW,0.0
4503,0,0,LOW,0.0,0.853409437125575,1,REVIEW,
4504,0,0,LOW,0.0,0.01917853876760875,0,LOW,0.0
4505,0,0,LOW,0.0,0.2157939619309423,0,LOW,0.0
4506,0,0,LOW,0.0,0.01688482827644452,0,LOW,0.0
4507,0,0,LOW,0.0,0.49723444005974937,0,LOW,0.0
4508,0,10,LOW,0.0,0.30003869530578675,0,LOW,0.0
4509,0,0,LOW,0.0,0.2577226630385006,0,LOW,0.0
4510,0,0,LOW,0.0,0.19047203041415353,0,LOW,0.0
4511,0,0,LOW,0.0,0.008149450952980291,0,LOW,0.0
4512,0,0,LOW,0.0,0.1074336083930405,0,LOW,0.0
4513,0,0,LOW,0.0,0.22455314082513816,0,LOW,0.0
4514,0,0,LOW,0.0,0.07293014358640533,0,LOW,0.0
4515,0,10,LOW,0.0,0.7881510874492688,1,REVIEW,
4516,0,0,LOW,0.0,0.028038011049075183,0,LOW,0.0
4517,0,0,LOW,0.0,0.08444128294487548,0,LOW,0.0
4518,0,0,LOW,0.0,0.4975830376349583,0,LOW,0.0
4519,0,0,LOW,0.0,0.1560982403093759,0,LOW,0.0
4520,0,0,LOW,0.0,0.09395997817185364,0,LOW,0.0
4521,0,0,LOW,0.0,0.47973725491559976,0,LOW,0.0
4522,0,0,LOW,0.0,0.20282800250733354,0,LOW,0.0
4523,0,0,LOW,0.0,0.048457850233223944,0,LOW,0.0
4524,0,0,LOW,0.0,0.08095160764769936,0,LOW,0.0
4525,0,0,LOW,0.0,0.048912662867491685,0,LOW,0.0
4526,0,0,LOW,0.0,0.020600583817706207,0,LOW,0.0
4527,0,0,LOW,0.0,0.2734558221293874,0,LOW,0.0
4528,0,10,LOW,0.0,0.30199028423323754,0,LOW,0.0
4529,0,0,LOW,0.0,0.05567069720653365,0,LOW,0.0
4530,0,0,LOW,0.0,0.22558708805421263,0,LOW,0.0
4531,0,0,LOW,0.0,0.13325517074768245,0,LOW,0.0
4532,0,0,LOW,0.0,0.08415883944168723,0,LOW,0.0
4533,0,0,LOW,0.0,0.3352639375027838,0,LOW,0.0
4534,0,10,LOW,0.0,0.21881268077337188,0,LOW,0.0
4535,0,0,LOW,0.0,0.6151960777052825,1,REVIEW,
4536,0,0,LOW,0.0,0.378743099431233,0,LOW,0.0
4537,0,0,LOW,0.0,0.3341367308524072,0,LOW,0.0
4538,0,0,LOW,0.0,0.2122642776692686,0,LOW,0.0
4539,0,0,LOW,0.0,0.6858406914855374,1,REVIEW,
4540,0,0,LOW,0.0,0.35554697980311323,0,LOW,0.0
4541,0,0,LOW,0.0,0.02945021495560102,0,LOW,0.0
4542,0,0,LOW,0.0,0.19495773324113766,0,LOW,0.0
4543,0,0,LOW,0.0,0.11778249664523016,0,LOW,0.0
4544,0,0,LOW,0.0,0.3097021018397647,0,LOW,0.0
4545,0,0,LOW,0.0,0.43572604464200176,0,LOW,0.0
4546,0,0,LOW,0.0,0.6831437530923044,1,REVIEW,
4547,0,0,LOW,0.0,0.8731048014278231,1,REVIEW,
4548,0,0,LOW,0.0,0.6385005338714786,1,REVIEW,
4549,0,0,LOW,0.0,0.280449680049586,0,LOW,0.0
4550,0,0,LOW,0.0,0.3549269737861231,0,LOW,0.0
4551,0,0,LOW,0.0,0.37167749058056165,0,LOW,0.0
4552,0,0,LOW,0.0,0.6465662663549123,1,REVIEW,
4553,0,0,LOW,0.0,0.32513398255995507,0,LOW,0.0
4554,0,0,LOW,0.0,0.028936387689927824,0,LOW,0.0
4555,0,0,LOW,0.0,0.2878208042321991,0,LOW,0.0
4556,0,0,LOW,0.0,0.19452570873100453,0,LOW,0.0
4557,0,10,LOW,0.0,0.7411379734343717,1,REVIEW,
4558,0,0,LOW,0.0,0.29485050177147903,0,LOW,0.0
4559,0,0,LOW,0.0,0.31039957732017753,0,LOW,0.0
4560,0,0,LOW,0.0,0.13357869868974978,0,LOW,0.0
4561,0,0,LOW,0.0,0.33449878078638473,0,LOW,0.0
4562,0,0,LOW,0.0,0.6450073563601627,1,REVIEW,
4563,0,0,LOW,0.0,0.23840410269440485,0,LOW,0.0
4564,0,0,LOW,0.0,0.7897800983849298,1,REVIEW,
4565,0,0,LOW,0.0,0.5843484911390053,1,REVIEW,
4566,0,0,LOW,0.0,0.39721154261613284,0,LOW,0.0
4567,0,0,LOW,0.0,0.07812515795247868,0,LOW,0.0
4568,0,0,LOW,0.0,0.41438107152736126,0,LOW,0.0
4569,0,0,LOW,0.0,0.6621520592809115,1,REVIEW,
4570,0,0,LOW,0.0,0.47469550835532254,0,LOW,0.0
4571,0,0,LOW,0.0,0.22532016651535494,0,LOW,0.0
4572,0,0,LOW,0.0,0.4088393945159614,0,LOW,0.0
4573,0,0,LOW,0.0,0.17931393564936587,0,LOW,0.0
4574,0,0,LOW,0.0,0.7223436057344381,1,REVIEW,
4575,0,0,LOW,0.0,0.6464496909560115,1,REVIEW,
4576,0,0,LOW,0.0,0.06492224466684178,0,LOW,0.0
4577,0,0,LOW,0.0,0.3298401464800603,0,LOW,0.0
4578,0,0,LOW,0.0,0.06508510388820146,0,LOW,0.0
4579,0,0,LOW,0.0,0.4415102809727739,0,LOW,0.0
4580,0,0,LOW,0.0,0.45710473231601917,0,LOW,0.0
4581,0,0,LOW,0.0,0.0860472838371852,0,LOW,0.0
4582,0,0,LOW,0.0,0.05601635741066081,0,LOW,0.0
4583,0,0,LOW,0.0,0.3584723126599484,0,LOW,0.0
4584,0,0,LOW,0.0,0.17602808778662418,0,LOW,0.0
4585,0,0,LOW,0.0,0.1475521962745861,0,LOW,0.0
4586,0,0,LOW,0.0,0.010725222565961267,0,LOW,0.0
4587,0,0,LOW,0.0,0.013560416151724099,0,LOW,0.0
4588,0,0,LOW,0.0,0.13228815258390128,0,LOW,0.0
4589,0,0,LOW,0.0,0.08916781215163565,0,LOW,0.0
4590,0,0,LOW,0.0,0.21809208403847968,0,LOW,0.0
4591,0,0,LOW,0.0,0.011258142144990059,0,LOW,0.0
4592,0,0,LOW,0.0,0.162935157762683,0,LOW,0.0
4593,0,10,LOW,0.0,0.7459757216996645,1,REVIEW,
4594,0,0,LOW,0.0,0.011435963697892819,0,LOW,0.0
4595,0,10,LOW,0.0,0.449229028409233,0,LOW,0.0
4596,0,0,LOW,0.0,0.08333507821881256,0,LOW,0.0
4597,0,0,LOW,0.0,0.4306243142898798,0,LOW,0.0
4598,0,0,LOW,0.0,0.5676603152527806,1,REVIEW,
4599,0,0,LOW,0.0,0.1122680243386368,0,LOW,0.0
4600,0,0,LOW,0.0,0.20230372300534172,0,LOW,0.0
4601,0,0,LOW,0.0,0.18232533185915342,0,LOW,0.0
4602,0,0,LOW,0.0,0.10204332473227741,0,LOW,0.0
4603,0,0,LOW,0.0,0.06823425920411687,0,LOW,0.0
4604,0,0,LOW,0.0,0.19141187242428426,0,LOW,0.0
4605,0,0,LOW,0.0,0.07915582705907381,0,LOW,0.0
4606,0,0,LOW,0.0,0.17158000009375518,0,LOW,0.0
4607,0,0,LOW,0.0,0.24583260509869131,0,LOW,0.0
4608,0,0,LOW,0.0,0.05423427806642963,0,LOW,0.0
4609,0,0,LOW,0.0,0.07411026990854376,0,LOW,0.0
4610,0,0,LOW,0.0,0.1330531619949856,0,LOW,0.0
4611,0,0,LOW,0.0,0.11406255353469055,0,LOW,0.0
4612,0,0,LOW,0.0,0.10993382828639416,0,LOW,0.0
4613,0,10,LOW,0.0,0.15752514281416666,0,LOW,0.0
4614,0,0,LOW,0.0,0.4717033103523904,0,LOW,0.0
4615,0,0,LOW,0.0,0.08534985108061599,0,LOW,0.0
4616,0,0,LOW,0.0,0.04039101159926681,0,LOW,0.0
4617,0,0,LOW,0.0,0.11692051074898352,0,LOW,0.0
4618,0,0,LOW,0.0,0.09672416834763835,0,LOW,0.0
4619,0,0,LOW,0.0,0.3698095252165716,0,LOW,0.0
4620,0,0,LOW,0.0,0.5739441401359923,1,REVIEW,
4621,0,0,LOW,0.0,0.11443862305785384,0,LOW,0.0
4622,0,0,LOW,0.0,0.18867210555510075,0,LOW,0.0
4623,0,10,LOW,0.0,0.3132263925149562,0,LOW,0.0
4624,0,0,LOW,0.0,0.21914273636874054,0,LOW,0.0
4625,0,0,LOW,0.0,0.12348485440721606,0,LOW,0.0
4626,0,0,LOW,0.0,0.057638376066115736,0,LOW,0.0
4627,0,0,LOW,0.0,0.4964912116807235,0,LOW,0.0
4628,0,0,LOW,0.0,0.2595545187206064,0,LOW,0.0
4629,0,0,LOW,0.0,0.08162126203919857,0,LOW,0.0
4630,0,15,LOW,0.0,0.37216637730013036,0,LOW,0.0
4631,0,0,LOW,0.0,0.0374859884357544,0,LOW,0.0
4632,0,10,LOW,0.0,0.16438272972583576,0,LOW,0.0
4633,0,0,LOW,0.0,0.06656008469506788,0,LOW,0.0
4634,0,0,LOW,0.0,0.41344596366679764,0,LOW,0.0
4635,0,0,LOW,0.0,0.22546536037394266,0,LOW,0.0
4636,0,0,LOW,0.0,0.16489180294307143,0,LOW,0.0
4637,0,0,LOW,0.0,0.2684085784954893,0,LOW,0.0
4638,0,0,LOW,0.0,0.9095294594898861,1,REVIEW,
4639,0,0,LOW,0.0,0.6864976925542778,1,REVIEW,
4640,0,10,LOW,0.0,0.1186086162612864,0,LOW,0.0
4641,0,0,LOW,0.0,0.10751792507577329,0,LOW,0.0
4642,0,0,LOW,0.0,0.09574432604183787,0,LOW,0.0
4643,0,0,LOW,0.0,0.2767576390373901,0,LOW,0.0
4644,0,0,LOW,0.0,0.09622562318924532,0,LOW,0.0
4645,0,0,LOW,0.0,0.5196758845862932,1,REVIEW,
4646,0,0,LOW,0.0,0.08173587584591449,0,LOW,0.0
4647,0,0,LOW,0.0,0.14711425563281905,0,LOW,0.0
4648,0,0,LOW,0.0,0.33384432483031506,0,LOW,0.0
4649,0,0,LOW,0.0,0.1430213471125824,0,LOW,0.0
4650,0,0,LOW,0.0,0.43380671554074457,0,LOW,0.0
4651,0,0,LOW,0.0,0.17114945963444053,0,LOW,0.0
4652,0,0,LOW,0.0,0.0466835978102765,0,LOW,0.0
4653,0,0,LOW,0.0,0.5081201918301518,1,REVIEW,
4654,0,0,LOW,0.0,0.2044042071861971,0,LOW,0.0
4655,0,10,LOW,0.0,0.48700756365896947,0,LOW,0.0
4656,0,0,LOW,0.0,0.033426811273008186,0,LOW,0.0
4657,0,0,LOW,0.0,0.010236291527930855,0,LOW,0.0
4658,0,10,LOW,0.0,0.2829241903978397,0,LOW,0.0
4659,0,10,LOW,0.0,0.544150396948653,1,REVIEW,
4660,0,0,LOW,0.0,0.17067059613061616,0,LOW,0.0
4661,0,0,LOW,0.0,0.1694430922327163,0,LOW,0.0
4662,0,0,LOW,0.0,0.16476900659789143,0,LOW,0.0
4663,0,0,LOW,0.0,0.1896767502549474,0,LOW,0.0
4664,0,0,LOW,0.0,0.20241740793070023,0,LOW,0.0
4665,0,0,LOW,0.0,0.05802505272769564,0,LOW,0.0
4666,0,0,LOW,0.0,0.03309505030888379,0,LOW,0.0
4667,0,0,LOW,0.0,0.08036655523173751,0,LOW,0.0
4668,0,0,LOW,0.0,0.1008633249472843,0,LOW,0.0
4669,0,0,LOW,0.0,0.3053554808889259,0,LOW,0.0
4670,0,0,LOW,0.0,0.2455460168011259,0,LOW,0.0
4671,0,0,LOW,0.0,0.2641213365997763,0,LOW,0.0
4672,0,0,LOW,0.0,0.1843929586964562,0,LOW,0.0
4673,0,0,LOW,0.0,0.38351039362184103,0,LOW,0.0
4674,0,10,LOW,0.0,0.19589721203478797,0,LOW,0.0
4675,0,0,LOW,0.0,0.11340147535374448,0,LOW,0.0
4676,0,0,LOW,0.0,0.09005631043936349,0,LOW,0.0
4677,0,0,LOW,0.0,0.11743103903869367,0,LOW,0.0
4678,0,0,LOW,0.0,0.34515907682889707,0,LOW,0.0
4679,0,0,LOW,0.0,0.01975485711883411,0,LOW,0.0
4680,0,0,LOW,0.0,0.7848508591313774,1,REVIEW,
4681,0,0,LOW,0.0,0.14258454653820649,0,LOW,0.0
4682,0,0,LOW,0.0,0.2656400769756143,0,LOW,0.0
4683,0,0,LOW,0.0,0.17883909557026884,0,LOW,0.0
4684,0,0,LOW,0.0,0.3214615119487197,0,LOW,0.0
4685,0,0,LOW,0.0,0.11481293084310494,0,LOW,0.0
4686,0,0,LOW,0.0,0.07061485513928102,0,LOW,0.0
4687,0,0,LOW,0.0,0.48860266337369795,0,LOW,0.0
4688,0,0,LOW,0.0,0.4307735492577211,0,LOW,0.0
4689,0,0,LOW,0.0,0.1302436220247998,0,LOW,0.0
4690,0,0,LOW,0.0,0.4907337104942005,0,LOW,0.0
4691,0,0,LOW,0.0,0.3205683794405881,0,LOW,0.0
4692,0,0,LOW,0.0,0.17565406192621466,0,LOW,0.0
4693,0,0,LOW,0.0,0.1271917846089243,0,LOW,0.0
4694,0,0,LOW,0.0,0.09451355617840002,0,LOW,0.0
4695,0,0,LOW,0.0,0.34680900471159326,0,LOW,0.0
4696,0,0,LOW,0.0,0.7953521842423781,1,REVIEW,
4697,0,0,LOW,0.0,0.6560262617554419,1,REVIEW,
4698,0,0,LOW,0.0,0.3960081541749092,0,LOW,0.0
4699,0,0,LOW,0.0,0.5615826657177605,1,REVIEW,
4700,0,0,LOW,0.0,0.31867121235988927,0,LOW,0.0
4701,0,0,LOW,0.0,0.08914598438017483,0,LOW,0.0
4702,0,0,LOW,0.0,0.21084240213664204,0,LOW,0.0
4703,0,0,LOW,0.0,0.20749783251608084,0,LOW,0.0
4704,0,0,LOW,0.0,0.26015611769241137,0,LOW,0.0
4705,0,0,LOW,0.0,0.5480576167271157,1,REVIEW,
4706,0,0,LOW,0.0,0.029811450571617642,0,LOW,0.0
4707,0,0,LOW,0.0,0.5726474697595741,1,REVIEW,
4708,0,0,LOW,0.0,0.5076913280659058,1,REVIEW,
4709,0,0,LOW,0.0,0.39586105696974655,0,LOW,0.0
4710,0,0,LOW,0.0,0.03836297200916909,0,LOW,0.0
4711,0,0,LOW,0.0,0.06651928290457793,0,LOW,0.0
4712,0,0,LOW,0.0,0.4243620887814631,0,LOW,0.0
4713,0,0,LOW,0.0,0.34038843583859374,0,LOW,0.0
4714,0,10,LOW,0.0,0.02324076508312864,0,LOW,0.0
4715,0,0,LOW,0.0,0.39370172935890996,0,LOW,0.0
4716,0,0,LOW,0.0,0.009324706435972016,0,LOW,0.0
4717,0,0,LOW,0.0,0.05076202973784449,0,LOW,0.0
4718,0,0,LOW,0.0,0.2326848606276757,0,LOW,0.0
4719,0,0,LOW,0.0,0.16975902857433353,0,LOW,0.0
4720,0,0,LOW,0.0,0.16941860678613868,0,LOW,0.0
4721,0,0,LOW,0.0,0.015304723100843977,0,LOW,0.0
4722,0,0,LOW,0.0,0.8364240662791678,1,REVIEW,
4723,0,0,LOW,0.0,0.010319940994265442,0,LOW,0.0
4724,0,0,LOW,0.0,0.29794150002535735,0,LOW,0.0
4725,0,0,LOW,0.0,0.17576382139729316,0,LOW,0.0
4726,0,0,LOW,0.0,0.10098199279065377,0,LOW,0.0
4727,0,0,LOW,0.0,0.19628879258246118,0,LOW,0.0
4728,0,0,LOW,0.0,0.3314610897714603,0,LOW,0.0
4729,0,0,LOW,0.0,0.6220652884338034,1,REVIEW,
4730,0,0,LOW,0.0,0.21483221436422087,0,LOW,0.0
4731,0,0,LOW,0.0,0.14323599934268214,0,LOW,0.0
4732,0,0,LOW,0.0,0.018758980593998758,0,LOW,0.0
4733,0,0,LOW,0.0,0.46256338145723347,0,LOW,0.0
4734,0,0,LOW,0.0,0.15610385445970001,0,LOW,0.0
4735,0,0,LOW,0.0,0.36222527360029605,0,LOW,0.0
4736,0,0,LOW,0.0,0.029149495425241093,0,LOW,0.0
4737,0,0,LOW,0.0,0.23848524075632305,0,LOW,0.0
4738,0,0,LOW,0.0,0.0686731668713807,0,LOW,0.0
4739,0,0,LOW,0.0,0.20271733374977208,0,LOW,0.0
4740,0,0,LOW,0.0,0.1292049720452009,0,LOW,0.0
4741,0,0,LOW,0.0,0.14987993138307357,0,LOW,0.0
4742,0,0,LOW,0.0,0.20018555918291017,0,LOW,0.0
4743,0,0,LOW,0.0,0.02113739239805266,0,LOW,0.0
4744,0,0,LOW,0.0,0.26836303395138444,0,LOW,0.0
4745,0,0,LOW,0.0,0.12100665316949062,0,LOW,0.0
4746,0,0,LOW,0.0,0.08463674038331043,0,LOW,0.0
4747,0,0,LOW,0.0,0.03906134576504573,0,LOW,0.0
4748,0,0,LOW,0.0,0.07350985590376156,0,LOW,0.0
4749,0,10,LOW,0.0,0.08997515791688342,0,LOW,0.0
4750,0,0,LOW,0.0,0.04244438561111048,0,LOW,0.0
4751,0,0,LOW,0.0,0.22219927738509085,0,LOW,0.0
4752,0,0,LOW,0.0,0.11168462570136352,0,LOW,0.0
4753,0,0,LOW,0.0,0.15744909878899724,0,LOW,0.0
4754,0,0,LOW,0.0,0.4446380757461627,0,LOW,0.0
4755,0,0,LOW,0.0,0.015027610895744946,0,LOW,0.0
4756,0,0,LOW,0.0,0.057877244327236496,0,LOW,0.0
4757,0,0,LOW,0.0,0.7349435098023462,1,REVIEW,
4758,0,0,LOW,0.0,0.4255147850395416,0,LOW,0.0
4759,0,0,LOW,0.0,0.18400352779960558,0,LOW,0.0
4760,0,0,LOW,0.0,0.7103440484553918,1,REVIEW,
4761,0,0,LOW,0.0,0.11990899626639606,0,LOW,0.0
4762,0,0,LOW,0.0,0.4326359739475999,0,LOW,0.0
4763,0,0,LOW,0.0,0.596731365943511,1,REVIEW,
4764,0,0,LOW,0.0,0.11538151602762194,0,LOW,0.0
4765,0,0,LOW,0.0,0.13888056309737662,0,LOW,0.0
4766,0,0,LOW,0.0,0.010395165433301603,0,LOW,0.0
4767,0,0,LOW,0.0,0.4204059827093127,0,LOW,0.0
4768,0,0,LOW,0.0,0.09434815960498415,0,LOW,0.0
4769,0,0,LOW,0.0,0.023743702897703244,0,LOW,0.0
4770,0,0,LOW,0.0,0.2137566053424539,0,LOW,0.0
4771,0,0,LOW,0.0,0.46231433410505923,0,LOW,0.0
4772,0,0,LOW,0.0,0.1228640138808504,0,LOW,0.0
4773,0,0,LOW,0.0,0.4218261548834301,0,LOW,0.0
4774,0,0,LOW,0.0,0.8174670936533172,1,REVIEW,
4775,0,0,LOW,0.0,0.1120048284166083,0,LOW,0.0
4776,0,0,LOW,0.0,0.03950155555500194,0,LOW,0.0
4777,0,0,LOW,0.0,0.5697752056872061,1,REVIEW,
4778,0,0,LOW,0.0,0.36901703585963463,0,LOW,0.0
4779,0,0,LOW,0.0,0.5538425014360979,1,REVIEW,
4780,0,10,LOW,0.0,0.5548236764808049,1,REVIEW,
4781,0,0,LOW,0.0,0.13135889657300964,0,LOW,0.0
4782,0,0,LOW,0.0,0.38267453251260825,0,LOW,0.0
4783,0,0,LOW,0.0,0.18646870295255685,0,LOW,0.0
4784,0,0,LOW,0.0,0.3474073540908085,0,LOW,0.0
4785,0,0,LOW,0.0,0.23499310432752782,0,LOW,0.0
4786,0,0,LOW,0.0,0.058588342387778464,0,LOW,0.0
4787,0,0,LOW,0.0,0.0985381481488096,0,LOW,0.0
4788,0,0,LOW,0.0,0.18169110417718928,0,LOW,0.0
4789,0,0,LOW,0.0,0.11925599301605265,0,LOW,0.0
4790,0,0,LOW,0.0,0.15592264667098182,0,LOW,0.0
4791,0,10,LOW,0.0,0.29862982538621397,0,LOW,0.0
4792,0,0,LOW,0.0,0.25129985670856575,0,LOW,0.0
4793,0,10,LOW,0.0,0.08730074821715124,0,LOW,0.0
4794,0,10,LOW,0.0,0.33000273249716283,0,LOW,0.0
4795,0,10,LOW,0.0,0.15559259487348823,0,LOW,0.0
4796,0,0,LOW,0.0,0.03338533397216034,0,LOW,0.0
4797,0,0,LOW,0.0,0.14214856078297158,0,LOW,0.0
4798,0,0,LOW,0.0,0.6019110938387618,1,REVIEW,
4799,0,10,LOW,0.0,0.45181780480172495,0,LOW,0.0
4800,0,0,LOW,0.0,0.3862267014745304,0,LOW,0.0
4801,0,0,LOW,0.0,0.08752765291921569,0,LOW,0.0
4802,0,0,LOW,0.0,0.08641185283317156,0,LOW,0.0
4803,0,0,LOW,0.0,0.18638252145548087,0,LOW,0.0
4804,0,0,LOW,0.0,0.5955246041448582,1,REVIEW,
4805,0,0,LOW,0.0,0.0724208189528483,0,LOW,0.0
4806,0,0,LOW,0.0,0.06912810214027781,0,LOW,0.0
4807,0,0,LOW,0.0,0.01224199355239446,0,LOW,0.0
4808,0,0,LOW,0.0,0.23406119535760844,0,LOW,0.0
4809,0,0,LOW,0.0,0.07918652599000865,0,LOW,0.0
4810,0,0,LOW,0.0,0.4031169786729165,0,LOW,0.0
4811,0,0,LOW,0.0,0.11414610280040352,0,LOW,0.0
4812,0,0,LOW,0.0,0.29989225956996274,0,LOW,0.0
4813,0,0,LOW,0.0,0.6748741702991522,1,REVIEW,
4814,0,0,LOW,0.0,0.7843622680564171,1,REVIEW,
4815,0,0,LOW,0.0,0.36762488195626647,0,LOW,0.0
4816,0,0,LOW,0.0,0.10225063179167414,0,LOW,0.0
4817,0,0,LOW,0.0,0.5561945981355709,1,REVIEW,
4818,0,0,LOW,0.0,0.5574586343241089,1,REVIEW,
4819,0,0,LOW,0.0,0.03551149924720843,0,LOW,0.0
4820,0,0,LOW,0.0,0.14523189314549942,0,LOW,0.0
4821,0,0,LOW,0.0,0.7318208867155567,1,REVIEW,
4822,0,0,LOW,0.0,0.042358957983805075,0,LOW,0.0
4823,0,0,LOW,0.0,0.292914680617524,0,LOW,0.0
4824,0,0,LOW,0.0,0.5514100615712725,1,REVIEW,
4825,0,0,LOW,0.0,0.5222404280919748,1,REVIEW,
4826,0,0,LOW,0.0,0.02560218340075189,0,LOW,0.0
4827,0,0,LOW,0.0,0.14325954560200477,0,LOW,0.0
4828,0,0,LOW,0.0,0.3837602952900235,0,LOW,0.0
4829,0,0,LOW,0.0,0.36954817294793535,0,LOW,0.0
4830,0,0,LOW,0.0,0.25944935402653196,0,LOW,0.0
4831,0,0,LOW,0.0,0.00919037016379038,0,LOW,0.0
4832,0,0,LOW,0.0,0.6824723010849272,1,REVIEW,
4833,0,0,LOW,0.0,0.6813772360246367,1,REVIEW,
4834,0,0,LOW,0.0,0.5655522269480983,1,REVIEW,
4835,0,0,LOW,0.0,0.18700370131648092,0,LOW,0.0
4836,0,10,LOW,0.0,0.09478629113980011,0,LOW,0.0
4837,0,0,LOW,0.0,0.05582692928521192,0,LOW,0.0
4838,0,0,LOW,0.0,0.2059754384866942,0,LOW,0.0
4839,0,10,LOW,0.0,0.6880447237906153,1,REVIEW,
4840,0,0,LOW,0.0,0.3122962210032299,0,LOW,0.0
4841,0,0,LOW,0.0,0.05298446727677181,0,LOW,0.0
4842,0,0,LOW,0.0,0.3609166563969732,0,LOW,0.0
4843,0,0,LOW,0.0,0.6568763054870085,1,REVIEW,
4844,0,0,LOW,0.0,0.03915214760019405,0,LOW,0.0
4845,0,0,LOW,0.0,0.12476562517949773,0,LOW,0.0
4846,0,0,LOW,0.0,0.016578488308871996,0,LOW,0.0
4847,0,0,LOW,0.0,0.14971653571670196,0,LOW,0.0
4848,0,0,LOW,0.0,0.22816910877271676,0,LOW,0.0
4849,0,0,LOW,0.0,0.04091468401057287,0,LOW,0.0
4850,0,0,LOW,0.0,0.34981494292116133,0,LOW,0.0
4851,0,0,LOW,0.0,0.21013247614398925,0,LOW,0.0
4852,0,0,LOW,0.0,0.03127785389101038,0,LOW,0.0
4853,0,0,LOW,0.0,0.011307614313227101,0,LOW,0.0
4854,0,10,LOW,0.0,0.12583608463933982,0,LOW,0.0
4855,0,0,LOW,0.0,0.23033980951927913,0,LOW,0.0
4856,0,0,LOW,0.0,0.1595660268287128,0,LOW,0.0
4857,0,0,LOW,0.0,0.5366421136756063,1,REVIEW,
4858,0,0,LOW,0.0,0.41212461563793,0,LOW,0.0
4859,0,0,LOW,0.0,0.030516884248691253,0,LOW,0.0
4860,0,0,LOW,0.0,0.3466575621505086,0,LOW,0.0
4861,0,0,LOW,0.0,0.14909831211464922,0,LOW,0.0
4862,0,0,LOW,0.0,0.23008200982044477,0,LOW,0.0
4863,0,0,LOW,0.0,0.6509849381662259,1,REVIEW,
4864,0,0,LOW,0.0,0.16719990144465305,0,LOW,0.0
4865,0,0,LOW,0.0,0.8017271580555009,1,REVIEW,
4866,0,0,LOW,0.0,0.06503633317739921,0,LOW,0.0
4867,0,0,LOW,0.0,0.36225315428617644,0,LOW,0.0
4868,0,0,LOW,0.0,0.01544975637273391,0,LOW,0.0
4869,0,10,LOW,0.0,0.24791635232557058,0,LOW,0.0
4870,0,0,LOW,0.0,0.626840486291088,1,REVIEW,
4871,0,0,LOW,0.0,0.06557275708258728,0,LOW,0.0
4872,0,0,LOW,0.0,0.721227174116388,1,REVIEW,
4873,0,0,LOW,0.0,0.32183097464761895,0,LOW,0.0
4874,0,0,LOW,0.0,0.0604043295701042,0,LOW,0.0
4875,0,0,LOW,0.0,0.04057345413469385,0,LOW,0.0
4876,0,0,LOW,0.0,0.15576068174292157,0,LOW,0.0
4877,0,0,LOW,0.0,0.20172851633497582,0,LOW,0.0
4878,0,0,LOW,0.0,0.003199819021320458,0,LOW,0.0
4879,0,10,LOW,0.0,0.2296797821587862,0,LOW,0.0
4880,0,0,LOW,0.0,0.06364867449768755,0,LOW,0.0
4881,0,0,LOW,0.0,0.11210109406955479,0,LOW,0.0
4882,0,0,LOW,0.0,0.10407697392809931,0,LOW,0.0
4883,0,10,LOW,0.0,0.0627570068216721,0,LOW,0.0
4884,0,0,LOW,0.0,0.617300624662073,1,REVIEW,
4885,0,0,LOW,0.0,0.08063524811886114,0,LOW,0.0
4886,0,0,LOW,0.0,0.10810773597104119,0,LOW,0.0
4887,0,0,LOW,0.0,0.22579480940556276,0,LOW,0.0
4888,0,0,LOW,0.0,0.37467116867824074,0,LOW,0.0
4889,0,20,LOW,0.0,0.4736150409144185,0,LOW,0.0
4890,0,0,LOW,0.0,0.7663815200554756,1,REVIEW,
4891,0,0,LOW,0.0,0.2650341566440146,0,LOW,0.0
4892,0,0,LOW,0.0,0.6684840606143402,1,REVIEW,
4893,0,0,LOW,0.0,0.15588722966297341,0,LOW,0.0
4894,0,0,LOW,0.0,0.21105434168282353,0,LOW,0.0
4895,0,0,LOW,0.0,0.4129699953672296,0,LOW,0.0
4896,0,0,LOW,0.0,0.11628945630732106,0,LOW,0.0
4897,0,0,LOW,0.0,0.305911467487194,0,LOW,0.0
4898,0,0,LOW,0.0,0.03624826312458051,0,LOW,0.0
4899,0,0,LOW,0.0,0.46965067473942335,0,LOW,0.0
4900,0,0,LOW,0.0,0.17054631016332933,0,LOW,0.0
4901,0,0,LOW,0.0,0.1978919479111307,0,LOW,0.0
4902,0,0,LOW,0.0,0.029535715316680023,0,LOW,0.0
4903,0,0,LOW,0.0,0.7204036774464951,1,REVIEW,
4904,0,10,LOW,0.0,0.08504486205403401,0,LOW,0.0
4905,0,0,LOW,0.0,0.05669953867952186,0,LOW,0.0
4906,0,0,LOW,0.0,0.1632263361821605,0,LOW,0.0
4907,0,0,LOW,0.0,0.17008034928714877,0,LOW,0.0
4908,0,10,LOW,0.0,0.09826150311996605,0,LOW,0.0
4909,0,0,LOW,0.0,0.21724516403377434,0,LOW,0.0
4910,0,10,LOW,0.0,0.2231416155320945,0,LOW,0.0
4911,0,0,LOW,0.0,0.03584263626291885,0,LOW,0.0
4912,0,0,LOW,0.0,0.1662652439726862,0,LOW,0.0
4913,0,0,LOW,0.0,0.323582538283468,0,LOW,0.0
4914,0,0,LOW,0.0,0.4928704928723542,0,LOW,0.0
4915,0,0,LOW,0.0,0.08536184564057049,0,LOW,0.0
4916,0,0,LOW,0.0,0.010079794315957357,0,LOW,0.0
4917,0,0,LOW,0.0,0.049302289381016405,0,LOW,0.0
4918,0,10,LOW,0.0,0.3928507891052948,0,LOW,0.0
4919,0,0,LOW,0.0,0.1507574860755207,0,LOW,0.0
4920,0,0,LOW,0.0,0.2692449830499639,0,LOW,0.0
4921,0,0,LOW,0.0,0.028555882439323093,0,LOW,0.0
4922,0,0,LOW,0.0,0.023572857332072556,0,LOW,0.0
4923,0,0,LOW,0.0,0.047991376274856695,0,LOW,0.0
4924,0,10,LOW,0.0,0.5195149063397709,1,REVIEW,
4925,0,0,LOW,0.0,0.6347501235236478,1,REVIEW,
4926,0,0,LOW,0.0,0.08846474883790247,0,LOW,0.0
4927,0,0,LOW,0.0,0.13204111505230381,0,LOW,0.0
4928,0,10,LOW,0.0,0.51987473096152,1,REVIEW,
4929,0,10,LOW,0.0,0.023632823162713285,0,LOW,0.0
4930,0,0,LOW,0.0,0.3424622505431042,0,LOW,0.0
4931,0,0,LOW,0.0,0.04599762834623427,0,LOW,0.0
4932,0,0,LOW,0.0,0.5973751009128002,1,REVIEW,
4933,0,0,LOW,0.0,0.5618419141573213,1,REVIEW,
4934,0,0,LOW,0.0,0.39381703129396245,0,LOW,0.0
4935,0,0,LOW,0.0,0.27696143228808007,0,LOW,0.0
4936,0,0,LOW,0.0,0.42978114453926475,0,LOW,0.0
4937,0,0,LOW,0.0,0.29562373628074684,0,LOW,0.0
4938,0,0,LOW,0.0,0.30642313927438697,0,LOW,0.0
4939,0,10,LOW,0.0,0.1775783163825622,0,LOW,0.0
4940,0,20,LOW,0.0,0.3388639200736467,0,LOW,0.0
4941,0,0,LOW,0.0,0.08446538843226038,0,LOW,0.0
4942,0,0,LOW,0.0,0.4925259063516743,0,LOW,0.0
4943,0,0,LOW,0.0,0.038503480917076456,0,LOW,0.0
4944,0,0,LOW,0.0,0.13788355389801263,0,LOW,0.0
4945,0,10,LOW,0.0,0.4965013064451914,0,LOW,0.0
4946,0,0,LOW,0.0,0.05158954250056107,0,LOW,0.0
4947,0,0,LOW,0.0,0.6890131118647079,1,REVIEW,
4948,0,0,LOW,0.0,0.09511100568313868,0,LOW,0.0
4949,0,10,LOW,0.0,0.18729792271850684,0,LOW,0.0
4950,0,0,LOW,0.0,0.5458328286844784,1,REVIEW,
4951,0,0,LOW,0.0,0.26351717016072024,0,LOW,0.0
4952,0,0,LOW,0.0,0.25830766993720866,0,LOW,0.0
4953,0,0,LOW,0.0,0.1849352935921171,0,LOW,0.0
4954,0,0,LOW,0.0,0.30897089745710044,0,LOW,0.0
4955,0,0,LOW,0.0,0.39796413834011046,0,LOW,0.0
4956,0,0,LOW,0.0,0.1322644286625185,0,LOW,0.0
4957,0,0,LOW,0.0,0.35035424320556263,0,LOW,0.0
4958,0,0,LOW,0.0,0.41205406207083556,0,LOW,0.0
4959,0,0,LOW,0.0,0.20099292519389136,0,LOW,0.0
4960,0,0,LOW,0.0,0.07542458909713728,0,LOW,0.0
4961,0,0,LOW,0.0,0.10061061130040985,0,LOW,0.0
4962,0,0,LOW,0.0,0.276060758314858,0,LOW,0.0
4963,0,0,LOW,0.0,0.21109677989150608,0,LOW,0.0
4964,0,0,LOW,0.0,0.07718137306537194,0,LOW,0.0
4965,0,0,LOW,0.0,0.3587356147378423,0,LOW,0.0
4966,0,0,LOW,0.0,0.08462594575561676,0,LOW,0.0
4967,0,0,LOW,0.0,0.08773599152214213,0,LOW,0.0
4968,0,0,LOW,0.0,0.1237050821554083,0,LOW,0.0
4969,0,0,LOW,0.0,0.0941848601061784,0,LOW,0.0
4970,0,0,LOW,0.0,0.48710725507044067,0,LOW,0.0
4971,0,0,LOW,0.0,0.21292198666819576,0,LOW,0.0
4972,0,0,LOW,0.0,0.02194249616482786,0,LOW,0.0
4973,0,0,LOW,0.0,0.5092233404985003,1,REVIEW,
4974,0,10,LOW,0.0,0.1965533432927451,0,LOW,0.0
4975,0,0,LOW,0.0,0.19719142904774753,0,LOW,0.0
4976,0,0,LOW,0.0,0.024657571376137374,0,LOW,0.0
4977,0,0,LOW,0.0,0.20702402295953334,0,LOW,0.0
4978,0,10,LOW,0.0,0.3901622863268668,0,LOW,0.0
4979,0,0,LOW,0.0,0.10491031724207645,0,LOW,0.0
4980,0,10,LOW,0.0,0.3366077609203644,0,LOW,0.0
4981,0,10,LOW,0.0,0.04478235462194722,0,LOW,0.0
4982,0,0,LOW,0.0,0.09543710344912189,0,LOW,0.0
4983,0,0,LOW,0.0,0.11144717513118933,0,LOW,0.0
4984,0,0,LOW,0.0,0.11465542762031204,0,LOW,0.0
4985,0,0,LOW,0.0,0.15901689007314776,0,LOW,0.0
4986,0,0,LOW,0.0,0.04154925598992432,0,LOW,0.0
4987,0,10,LOW,0.0,0.1105797048614109,0,LOW,0.0
4988,0,0,LOW,0.0,0.5694413906504242,1,REVIEW,
4989,0,0,LOW,0.0,0.3046913175474259,0,LOW,0.0
4990,0,0,LOW,0.0,0.18961213612199637,0,LOW,0.0
4991,0,0,LOW,0.0,0.041500146832961306,0,LOW,0.0
4992,0,0,LOW,0.0,0.8930036728462052,1,REVIEW,
4993,0,0,LOW,0.0,0.07282352667197851,0,LOW,0.0
4994,0,0,LOW,0.0,0.08469194705141302,0,LOW,0.0
4995,0,0,LOW,0.0,0.1489442576523567,0,LOW,0.0
4996,0,0,LOW,0.0,0.020460897752714216,0,LOW,0.0
4997,0,0,LOW,0.0,0.2328510205928889,0,LOW,0.0
4998,0,10,LOW,0.0,0.09255047953637024,0,LOW,0.0
4999,0,0,LOW,0.0,0.14931221162328925,0,LOW,0.0
5000,0,10,LOW,0.0,0.4403369557605548,0,LOW,0.0
5001,0,0,LOW,0.0,0.07359846724002196,0,LOW,0.0
5002,0,0,LOW,0.0,0.21164593205403273,0,LOW,0.0
5003,0,0,LOW,0.0,0.15460798909656534,0,LOW,0.0
5004,0,0,LOW,0.0,0.21576185471551376,0,LOW,0.0
5005,0,0,LOW,0.0,0.3028148626111436,0,LOW,0.0
5006,0,10,LOW,0.0,0.07437540587686192,0,LOW,0.0
5007,0,0,LOW,0.0,0.03334529568420355,0,LOW,0.0
5008,0,0,LOW,0.0,0.0784854145684679,0,LOW,0.0
5009,0,0,LOW,0.0,0.09017122987846259,0,LOW,0.0
5010,0,0,LOW,0.0,0.6197694633958324,1,REVIEW,
5011,0,0,LOW,0.0,0.40652621755242646,0,LOW,0.0
5012,0,0,LOW,0.0,0.11791348588120946,0,LOW,0.0
5013,0,0,LOW,0.0,0.09153878135865096,0,LOW,0.0
5014,0,0,LOW,0.0,0.05094046669545707,0,LOW,0.0
5015,0,0,LOW,0.0,0.1854352422290093,0,LOW,0.0
5016,0,0,LOW,0.0,0.32969356812552336,0,LOW,0.0
5017,0,10,LOW,0.0,0.05077208508239488,0,LOW,0.0
5018,0,0,LOW,0.0,0.19170021906639736,0,LOW,0.0
5019,0,0,LOW,0.0,0.743389850607215,1,REVIEW,
5020,0,0,LOW,0.0,0.8675905302624121,1,REVIEW,
5021,0,0,LOW,0.0,0.41359712944299626,0,LOW,0.0
5022,0,0,LOW,0.0,0.09235055948349405,0,LOW,0.0
5023,0,0,LOW,0.0,0.28749184886343715,0,LOW,0.0
5024,0,0,LOW,0.0,0.12881601946408858,0,LOW,0.0
5025,0,0,LOW,0.0,0.38296345514151686,0,LOW,0.0
5026,0,0,LOW,0.0,0.06269633238323082,0,LOW,0.0
5027,0,0,LOW,0.0,0.18068826250510256,0,LOW,0.0
5028,0,0,LOW,0.0,0.16693526808191814,0,LOW,0.0
5029,0,0,LOW,0.0,0.18981747476693123,0,LOW,0.0
5030,0,0,LOW,0.0,0.3817471552376384,0,LOW,0.0
5031,0,0,LOW,0.0,0.6553244572143988,1,REVIEW,
5032,0,0,LOW,0.0,0.9222411669007632,1,REVIEW,
5033,0,0,LOW,0.0,0.041569860307568214,0,LOW,0.0
5034,0,0,LOW,0.0,0.5262699871846988,1,REVIEW,
5035,0,0,LOW,0.0,0.084525918808271,0,LOW,0.0
5036,0,0,LOW,0.0,0.19556704878325526,0,LOW,0.0
5037,0,0,LOW,0.0,0.009463059632103418,0,LOW,0.0
5038,0,0,LOW,0.0,0.31800223911927283,0,LOW,0.0
5039,0,0,LOW,0.0,0.643387496528492,1,REVIEW,
5040,0,0,LOW,0.0,0.03133786611175683,0,LOW,0.0
5041,0,0,LOW,0.0,0.1871391963920183,0,LOW,0.0
5042,0,0,LOW,0.0,0.34049692554822997,0,LOW,0.0
5043,0,0,LOW,0.0,0.04939619428381951,0,LOW,0.0
5044,0,0,LOW,0.0,0.4346054158109687,0,LOW,0.0
5045,0,0,LOW,0.0,0.31603696702801565,0,LOW,0.0
5046,0,0,LOW,0.0,0.055457017981587635,0,LOW,0.0
5047,0,0,LOW,0.0,0.4369086313992515,0,LOW,0.0
5048,0,0,LOW,0.0,0.17945082572524118,0,LOW,0.0
5049,0,0,LOW,0.0,0.11588180697976141,0,LOW,0.0
5050,0,0,LOW,0.0,0.2829027152481728,0,LOW,0.0
5051,0,0,LOW,0.0,0.5279398006345707,1,REVIEW,
5052,0,0,LOW,0.0,0.07448311634224794,0,LOW,0.0
5053,0,0,LOW,0.0,0.17752840878574866,0,LOW,0.0
5054,0,0,LOW,0.0,0.3292905665151257,0,LOW,0.0
5055,0,0,LOW,0.0,0.8906890809501089,1,REVIEW,
5056,0,0,LOW,0.0,0.11309495474125984,0,LOW,0.0
5057,0,0,LOW,0.0,0.440584457261336,0,LOW,0.0
5058,0,0,LOW,0.0,0.5056848420916435,1,REVIEW,
5059,0,0,LOW,0.0,0.6157068684754765,1,REVIEW,
5060,0,0,LOW,0.0,0.5726425242588737,1,REVIEW,
5061,0,0,LOW,0.0,0.02204322882100747,0,LOW,0.0
5062,0,0,LOW,0.0,0.025407648292650884,0,LOW,0.0
5063,0,0,LOW,0.0,0.255558208388252,0,LOW,0.0
5064,0,0,LOW,0.0,0.6034563763497022,1,REVIEW,
5065,0,0,LOW,0.0,0.07959790921679638,0,LOW,0.0
5066,0,0,LOW,0.0,0.046427114790386,0,LOW,0.0
5067,0,0,LOW,0.0,0.33087350180951486,0,LOW,0.0
5068,0,0,LOW,0.0,0.016767747014434318,0,LOW,0.0
5069,0,0,LOW,0.0,0.011357034275511232,0,LOW,0.0
5070,0,0,LOW,0.0,0.31591813201897706,0,LOW,0.0
5071,0,0,LOW,0.0,0.26314007650901966,0,LOW,0.0
5072,0,0,LOW,0.0,0.1555313045300551,0,LOW,0.0
5073,0,10,LOW,0.0,0.317097522348949,0,LOW,0.0
5074,0,0,LOW,0.0,0.3112258042398563,0,LOW,0.0
5075,0,10,LOW,0.0,0.7518625665451666,1,REVIEW,
5076,0,0,LOW,0.0,0.0029402897776839754,0,LOW,0.0
5077,0,0,LOW,0.0,0.042856977328500655,0,LOW,0.0
5078,0,0,LOW,0.0,0.14538967620264798,0,LOW,0.0
5079,0,10,LOW,0.0,0.10857879190529253,0,LOW,0.0
5080,0,0,LOW,0.0,0.5131521150747185,1,REVIEW,
5081,0,0,LOW,0.0,0.03049809619615859,0,LOW,0.0
5082,0,10,LOW,0.0,0.5278825375408981,1,REVIEW,
5083,0,0,LOW,0.0,0.28501272377684767,0,LOW,0.0
5084,0,0,LOW,0.0,0.3741005907123794,0,LOW,0.0
5085,0,0,LOW,0.0,0.10012524238696734,0,LOW,0.0
5086,0,0,LOW,0.0,0.26056475137789087,0,LOW,0.0
5087,0,0,LOW,0.0,0.008651286710106428,0,LOW,0.0
5088,0,0,LOW,0.0,0.1351912234573463,0,LOW,0.0
5089,0,0,LOW,0.0,0.03977166390601007,0,LOW,0.0
5090,0,0,LOW,0.0,0.44396869286953383,0,LOW,0.0
5091,0,0,LOW,0.0,0.009871429629653506,0,LOW,0.0
5092,0,10,LOW,0.0,0.397735557047523,0,LOW,0.0
5093,0,10,LOW,0.0,0.07621756705453005,0,LOW,0.0
5094,0,0,LOW,0.0,0.23061839211727436,0,LOW,0.0
5095,0,10,LOW,0.0,0.35438695814438526,0,LOW,0.0
5096,0,0,LOW,0.0,0.012753922851383156,0,LOW,0.0
5097,0,0,LOW,0.0,0.10989935658095919,0,LOW,0.0
5098,0,0,LOW,0.0,0.09089769351689848,0,LOW,0.0
5099,0,0,LOW,0.0,0.12749145636517115,0,LOW,0.0
5100,0,0,LOW,0.0,0.4194721717524788,0,LOW,0.0
5101,0,0,LOW,0.0,0.2945880920482158,0,LOW,0.0
5102,0,0,LOW,0.0,0.4570263931697604,0,LOW,0.0
5103,0,0,LOW,0.0,0.02468215961257519,0,LOW,0.0
5104,0,0,LOW,0.0,0.2113202539058847,0,LOW,0.0
5105,0,0,LOW,0.0,0.33772059639194046,0,LOW,0.0
5106,0,0,LOW,0.0,0.01658827750633823,0,LOW,0.0
5107,0,0,LOW,0.0,0.015939097252916423,0,LOW,0.0
5108,0,0,LOW,0.0,0.1657121379012112,0,LOW,0.0
5109,0,0,LOW,0.0,0.07520790174819138,0,LOW,0.0
5110,0,0,LOW,0.0,0.04300341423705187,0,LOW,0.0
5111,0,0,LOW,0.0,0.06628263250444559,0,LOW,0.0
5112,0,10,LOW,0.0,0.5036540210401788,1,REVIEW,
5113,0,0,LOW,0.0,0.09461129441100126,0,LOW,0.0
5114,0,0,LOW,0.0,0.2376328988375887,0,LOW,0.0
5115,0,0,LOW,0.0,0.5880675300247299,1,REVIEW,
5116,0,0,LOW,0.0,0.29409284484184717,0,LOW,0.0
5117,0,0,LOW,0.0,0.06625580883447477,0,LOW,0.0
5118,0,0,LOW,0.0,0.536773210203671,1,REVIEW,
5119,0,0,LOW,0.0,0.164737413591358,0,LOW,0.0
5120,0,0,LOW,0.0,0.12562051052818118,0,LOW,0.0
5121,0,10,LOW,0.0,0.03344475432503664,0,LOW,0.0
5122,0,0,LOW,0.0,0.44274894467107556,0,LOW,0.0
5123,0,0,LOW,0.0,0.10646847998836602,0,LOW,0.0
5124,0,0,LOW,0.0,0.4989238073224002,0,LOW,0.0
5125,0,0,LOW,0.0,0.015720257962060925,0,LOW,0.0
5126,0,0,LOW,0.0,0.037768408245433184,0,LOW,0.0
5127,0,0,LOW,0.0,0.047379773420708024,0,LOW,0.0
5128,0,0,LOW,0.0,0.21455210950284456,0,LOW,0.0
5129,0,0,LOW,0.0,0.37964665802718256,0,LOW,0.0
5130,0,0,LOW,0.0,0.6099923458248157,1,REVIEW,
5131,0,0,LOW,0.0,0.02777651853619567,0,LOW,0.0
5132,0,0,LOW,0.0,0.15206893423081255,0,LOW,0.0
5133,0,0,LOW,0.0,0.641899581665476,1,REVIEW,
5134,0,0,LOW,0.0,0.4597921916125219,0,LOW,0.0
5135,0,0,LOW,0.0,0.14979061589744685,0,LOW,0.0
5136,0,0,LOW,0.0,0.001630325389450787,0,LOW,0.0
5137,0,0,LOW,0.0,0.7223486020589225,1,REVIEW,
5138,0,0,LOW,0.0,0.24855861412085747,0,LOW,0.0
5139,0,0,LOW,0.0,0.3604437057262231,0,LOW,0.0
5140,0,10,LOW,0.0,0.13303009901942786,0,LOW,0.0
5141,0,0,LOW,0.0,0.3179849773736696,0,LOW,0.0
5142,0,0,LOW,0.0,0.06863057594744983,0,LOW,0.0
5143,0,0,LOW,0.0,0.7659989555420164,1,REVIEW,
5144,0,0,LOW,0.0,0.11235212350098137,0,LOW,0.0
5145,0,0,LOW,0.0,0.14222754258470502,0,LOW,0.0
5146,0,0,LOW,0.0,0.04227588435116421,0,LOW,0.0
5147,0,0,LOW,0.0,0.3640541626667773,0,LOW,0.0
5148,0,0,LOW,0.0,0.27040910322776035,0,LOW,0.0
5149,0,0,LOW,0.0,0.8317199921364633,1,REVIEW,
5150,0,0,LOW,0.0,0.03216318480653669,0,LOW,0.0
5151,0,0,LOW,0.0,0.011497434288839396,0,LOW,0.0
5152,0,0,LOW,0.0,0.03284400777469997,0,LOW,0.0
5153,0,0,LOW,0.0,0.4156167483383216,0,LOW,0.0
5154,0,0,LOW,0.0,0.2903448060883773,0,LOW,0.0
5155,0,10,LOW,0.0,0.12846805356379057,0,LOW,0.0
5156,0,0,LOW,0.0,0.013199485591454637,0,LOW,0.0
5157,0,0,LOW,0.0,0.231139458051263,0,LOW,0.0
5158,0,0,LOW,0.0,0.31096567613530013,0,LOW,0.0
5159,0,0,LOW,0.0,0.09425214809347003,0,LOW,0.0
5160,0,0,LOW,0.0,0.3960729255087165,0,LOW,0.0
5161,0,0,LOW,0.0,0.3039118125630632,0,LOW,0.0
5162,0,0,LOW,0.0,0.10937494194879191,0,LOW,0.0
5163,0,0,LOW,0.0,0.6607376157005533,1,REVIEW,
5164,0,0,LOW,0.0,0.5094427584095444,1,REVIEW,
5165,0,0,LOW,0.0,0.012765994961218026,0,LOW,0.0
5166,0,0,LOW,0.0,0.20052806102425683,0,LOW,0.0
5167,0,0,LOW,0.0,0.06043732446710189,0,LOW,0.0
5168,0,0,LOW,0.0,0.18408121083680418,0,LOW,0.0
5169,0,10,LOW,0.0,0.026414283886185407,0,LOW,0.0
5170,0,10,LOW,0.0,0.5215470031575354,1,REVIEW,
5171,0,0,LOW,0.0,0.04081473788199929,0,LOW,0.0
5172,0,0,LOW,0.0,0.24730768974267464,0,LOW,0.0
5173,0,0,LOW,0.0,0.11393553818981396,0,LOW,0.0
5174,0,0,LOW,0.0,0.2395989732764975,0,LOW,0.0
5175,0,0,LOW,0.0,0.4034899561182237,0,LOW,0.0
5176,0,0,LOW,0.0,0.04958174715774916,0,LOW,0.0
5177,0,10,LOW,0.0,0.06323221010175904,0,LOW,0.0
5178,0,10,LOW,0.0,0.4126104146149274,0,LOW,0.0
5179,0,0,LOW,0.0,0.3297600793385263,0,LOW,0.0
5180,0,10,LOW,0.0,0.21184214659159994,0,LOW,0.0
5181,0,0,LOW,0.0,0.1322849541368106,0,LOW,0.0
5182,0,10,LOW,0.0,0.12873771214717408,0,LOW,0.0
5183,0,0,LOW,0.0,0.7706732218955573,1,REVIEW,
5184,0,0,LOW,0.0,0.8900366702474646,1,REVIEW,
5185,0,0,LOW,0.0,0.3369375839864415,0,LOW,0.0
5186,0,0,LOW,0.0,0.21781161976407604,0,LOW,0.0
5187,0,0,LOW,0.0,0.3420106323048032,0,LOW,0.0
5188,0,0,LOW,0.0,0.055847599083647934,0,LOW,0.0
5189,0,0,LOW,0.0,0.15335027797006798,0,LOW,0.0
5190,0,0,LOW,0.0,0.1561018371414375,0,LOW,0.0
5191,0,0,LOW,0.0,0.2135230854535712,0,LOW,0.0
5192,0,0,LOW,0.0,0.12414489258069791,0,LOW,0.0
5193,0,0,LOW,0.0,0.35476473339009906,0,LOW,0.0
5194,0,0,LOW,0.0,0.6623103369281295,1,REVIEW,
5195,0,0,LOW,0.0,0.021368805907738785,0,LOW,0.0
5196,0,0,LOW,0.0,0.4964576113036044,0,LOW,0.0
5197,0,0,LOW,0.0,0.62678882872107,1,REVIEW,
5198,0,0,LOW,0.0,0.383070804924823,0,LOW,0.0
5199,0,0,LOW,0.0,0.17348273784603843,0,LOW,0.0
5200,0,0,LOW,0.0,0.27872643638672456,0,LOW,0.0
5201,0,0,LOW,0.0,0.12029609531489466,0,LOW,0.0
5202,0,0,LOW,0.0,0.14448116665991753,0,LOW,0.0
5203,0,0,LOW,0.0,0.2378213586112377,0,LOW,0.0
5204,0,0,LOW,0.0,0.06961804274651312,0,LOW,0.0
5205,0,0,LOW,0.0,0.08312987990579661,0,LOW,0.0
5206,0,0,LOW,0.0,0.21434492141854983,0,LOW,0.0
5207,0,10,LOW,0.0,0.017430338634832315,0,LOW,0.0
5208,0,0,LOW,0.0,0.12870098954046716,0,LOW,0.0
5209,0,0,LOW,0.0,0.7728338137672857,1,REVIEW,
5210,0,0,LOW,0.0,0.38258051528533904,0,LOW,0.0
5211,0,0,LOW,0.0,0.2740681059692783,0,LOW,0.0
5212,0,10,LOW,0.0,0.2757247060746579,0,LOW,0.0
5213,0,0,LOW,0.0,0.36290269095253347,0,LOW,0.0
5214,0,0,LOW,0.0,0.466988478381979,0,LOW,0.0
5215,0,0,LOW,0.0,0.7156559028491644,1,REVIEW,
5216,0,0,LOW,0.0,0.4049680310278437,0,LOW,0.0
5217,0,0,LOW,0.0,0.42674444070890893,0,LOW,0.0
5218,0,0,LOW,0.0,0.6024214096053528,1,REVIEW,
5219,0,10,LOW,0.0,0.2525067591081432,0,LOW,0.0
5220,0,0,LOW,0.0,0.18378730015885966,0,LOW,0.0
5221,0,0,LOW,0.0,0.4950358185099681,0,LOW,0.0
5222,0,0,LOW,0.0,0.12468272428999931,0,LOW,0.0
5223,0,0,LOW,0.0,0.05974253797083774,0,LOW,0.0
5224,0,0,LOW,0.0,0.06376340461796222,0,LOW,0.0
5225,0,0,LOW,0.0,0.2536888037973128,0,LOW,0.0
5226,0,0,LOW,0.0,0.06792994408443954,0,LOW,0.0
5227,0,0,LOW,0.0,0.11065569479527522,0,LOW,0.0
5228,0,0,LOW,0.0,0.13552925874832128,0,LOW,0.0
5229,0,0,LOW,0.0,0.07484135302938578,0,LOW,0.0
5230,0,0,LOW,0.0,0.43423378154754977,0,LOW,0.0
5231,0,0,LOW,0.0,0.10644596957853415,0,LOW,0.0
5232,0,0,LOW,0.0,0.04581675219639976,0,LOW,0.0
5233,0,0,LOW,0.0,0.045591223215768716,0,LOW,0.0
5234,0,0,LOW,0.0,0.11097510775147755,0,LOW,0.0
5235,0,0,LOW,0.0,0.15788536437496284,0,LOW,0.0
5236,0,0,LOW,0.0,0.1050305613762617,0,LOW,0.0
5237,0,0,LOW,0.0,0.49125035904706277,0,LOW,0.0
5238,0,10,LOW,0.0,0.2831984129004551,0,LOW,0.0
5239,0,0,LOW,0.0,0.07192374550566585,0,LOW,0.0
5240,0,0,LOW,0.0,0.3041471109745906,0,LOW,0.0
5241,0,0,LOW,0.0,0.38154194887945414,0,LOW,0.0
5242,0,0,LOW,0.0,0.281837615295545,0,LOW,0.0
5243,0,0,LOW,0.0,0.29587602542688335,0,LOW,0.0
5244,0,0,LOW,0.0,0.11684902683701821,0,LOW,0.0
5245,0,10,LOW,0.0,0.11481541729877554,0,LOW,0.0
5246,0,0,LOW,0.0,0.019906707457157943,0,LOW,0.0
5247,0,0,LOW,0.0,0.1324880428310076,0,LOW,0.0
5248,0,0,LOW,0.0,0.1946321515872371,0,LOW,0.0
5249,0,0,LOW,0.0,0.33125148833856266,0,LOW,0.0
5250,0,0,LOW,0.0,0.06523325120887076,0,LOW,0.0
5251,0,0,LOW,0.0,0.03774536293630441,0,LOW,0.0
5252,0,0,LOW,0.0,0.133573461435348,0,LOW,0.0
5253,0,0,LOW,0.0,0.21057816432354218,0,LOW,0.0
5254,0,0,LOW,0.0,0.010510140715139001,0,LOW,0.0
5255,0,0,LOW,0.0,0.3186979488384126,0,LOW,0.0
5256,0,0,LOW,0.0,0.07969595529814322,0,LOW,0.0
5257,0,0,LOW,0.0,0.16444270300093647,0,LOW,0.0
5258,0,0,LOW,0.0,0.682101498262871,1,REVIEW,
5259,0,10,LOW,0.0,0.2959354984221346,0,LOW,0.0
5260,0,0,LOW,0.0,0.7516210653627552,1,REVIEW,
5261,0,0,LOW,0.0,0.0818664594028119,0,LOW,0.0
5262,0,0,LOW,0.0,0.6790550659891681,1,REVIEW,
5263,0,0,LOW,0.0,0.6161502099909035,1,REVIEW,
5264,0,0,LOW,0.0,0.7369261896569318,1,REVIEW,
5265,0,0,LOW,0.0,0.22064448543457035,0,LOW,0.0
5266,0,0,LOW,0.0,0.14483642297218402,0,LOW,0.0
5267,0,0,LOW,0.0,0.09175473447116678,0,LOW,0.0
5268,0,0,LOW,0.0,0.7702595808198901,1,REVIEW,
5269,0,0,LOW,0.0,0.14111691758786593,0,LOW,0.0
5270,0,0,LOW,0.0,0.29325089016808265,0,LOW,0.0
5271,0,10,LOW,0.0,0.3946604729809779,0,LOW,0.0
5272,0,0,LOW,0.0,0.3721385429559248,0,LOW,0.0
5273,0,0,LOW,0.0,0.6445719679490994,1,REVIEW,
5274,0,0,LOW,0.0,0.36710367513097963,0,LOW,0.0
5275,0,0,LOW,0.0,0.402969639145259,0,LOW,0.0
5276,0,0,LOW,0.0,0.049117035389580926,0,LOW,0.0
5277,0,0,LOW,0.0,0.22911997100409137,0,LOW,0.0
5278,0,0,LOW,0.0,0.06941622951834035,0,LOW,0.0
5279,0,0,LOW,0.0,0.3402582810037183,0,LOW,0.0
5280,0,0,LOW,0.0,0.07298104914566962,0,LOW,0.0
5281,0,0,LOW,0.0,0.1066694208552723,0,LOW,0.0
5282,0,0,LOW,0.0,0.0730322390385655,0,LOW,0.0
5283,0,0,LOW,0.0,0.04159073939142203,0,LOW,0.0
5284,0,20,LOW,0.0,0.07997200367622355,0,LOW,0.0
5285,0,0,LOW,0.0,0.5187465505085926,1,REVIEW,
5286,0,10,LOW,0.0,0.07350728266668027,0,LOW,0.0
5287,0,0,LOW,0.0,0.17288191731003807,0,LOW,0.0
5288,0,0,LOW,0.0,0.30057495517525035,0,LOW,0.0
5289,0,0,LOW,0.0,0.3714792001615739,0,LOW,0.0
5290,0,0,LOW,0.0,0.04541743861812109,0,LOW,0.0
5291,0,10,LOW,0.0,0.3997086681790018,0,LOW,0.0
5292,0,0,LOW,0.0,0.012695621761440587,0,LOW,0.0
5293,0,10,LOW,0.0,0.317926240938762,0,LOW,0.0
5294,0,0,LOW,0.0,0.045074909686414914,0,LOW,0.0
5295,0,0,LOW,0.0,0.01445688272529214,0,LOW,0.0
5296,0,0,LOW,0.0,0.018014916213645996,0,LOW,0.0
5297,0,10,LOW,0.0,0.5437774448200536,1,REVIEW,
5298,0,0,LOW,0.0,0.22096628437283478,0,LOW,0.0
5299,0,0,LOW,0.0,0.17429296252947352,0,LOW,0.0
5300,0,0,LOW,0.0,0.2088932603839271,0,LOW,0.0
5301,0,10,LOW,0.0,0.11962086673391552,0,LOW,0.0
5302,0,0,LOW,0.0,0.13184492120542224,0,LOW,0.0
5303,0,0,LOW,0.0,0.886265445169633,1,REVIEW,
5304,0,0,LOW,0.0,0.40943129670752276,0,LOW,0.0
5305,0,0,LOW,0.0,0.17455698325407507,0,LOW,0.0
5306,0,0,LOW,0.0,0.4158909708652367,0,LOW,0.0
5307,0,0,LOW,0.0,0.07838651494114705,0,LOW,0.0
5308,0,0,LOW,0.0,0.18362179075203827,0,LOW,0.0
5309,0,10,LOW,0.0,0.49276211739350956,0,LOW,0.0
5310,0,0,LOW,0.0,0.12359600987390433,0,LOW,0.0
5311,0,0,LOW,0.0,0.004369864275900166,0,LOW,0.0
5312,0,0,LOW,0.0,0.14400959875198693,0,LOW,0.0
5313,0,0,LOW,0.0,0.1284397530596272,0,LOW,0.0
5314,0,10,LOW,0.0,0.6601402444636336,1,REVIEW,
5315,0,10,LOW,0.0,0.658559295637119,1,REVIEW,
5316,0,0,LOW,0.0,0.6960677706952174,1,REVIEW,
5317,0,10,LOW,0.0,0.04616001545880162,0,LOW,0.0
5318,0,0,LOW,0.0,0.3246285999963912,0,LOW,0.0
5319,0,0,LOW,0.0,0.1180858023306938,0,LOW,0.0
5320,0,0,LOW,0.0,0.37413045262610034,0,LOW,0.0
5321,0,0,LOW,0.0,0.3238420739350014,0,LOW,0.0
5322,0,0,LOW,0.0,0.29444826945722724,0,LOW,0.0
5323,0,10,LOW,0.0,0.3110418689029386,0,LOW,0.0
5324,0,0,LOW,0.0,0.7000395740957659,1,REVIEW,
5325,0,0,LOW,0.0,0.6545909251395903,1,REVIEW,
5326,0,0,LOW,0.0,0.2409371106989057,0,LOW,0.0
5327,0,0,LOW,0.0,0.43923665450093263,0,LOW,0.0
5328,0,0,LOW,0.0,0.1512560658616527,0,LOW,0.0
5329,0,10,LOW,0.0,0.17866192913736295,0,LOW,0.0
5330,0,10,LOW,0.0,0.439243354941739,0,LOW,0.0
5331,0,0,LOW,0.0,0.04274461650147284,0,LOW,0.0
5332,0,0,LOW,0.0,0.41504966713015706,0,LOW,0.0
5333,0,0,LOW,0.0,0.18578573939158052,0,LOW,0.0
5334,0,0,LOW,0.0,0.1826465755102121,0,LOW,0.0
5335,0,0,LOW,0.0,0.09507822996640325,0,LOW,0.0
5336,0,0,LOW,0.0,0.005283221739844647,0,LOW,0.0
5337,0,10,LOW,0.0,0.32485750910396055,0,LOW,0.0
5338,0,0,LOW,0.0,0.3166747163368559,0,LOW,0.0
5339,0,0,LOW,0.0,0.40554328602071044,0,LOW,0.0
5340,0,10,LOW,0.0,0.43917009053843464,0,LOW,0.0
5341,0,0,LOW,0.0,0.27276548730236927,0,LOW,0.0
5342,0,0,LOW,0.0,0.018220348909689415,0,LOW,0.0
5343,0,0,LOW,0.0,0.0951354963818175,0,LOW,0.0
5344,0,0,LOW,0.0,0.20622172952789136,0,LOW,0.0
5345,0,0,LOW,0.0,0.5027949214039427,1,REVIEW,
5346,0,0,LOW,0.0,0.02728855421078142,0,LOW,0.0
5347,0,0,LOW,0.0,0.15756395766227269,0,LOW,0.0
5348,0,20,LOW,0.0,0.13707808820176678,0,LOW,0.0
5349,0,0,LOW,0.0,0.5694516673556026,1,REVIEW,
5350,0,0,LOW,0.0,0.07191737041861523,0,LOW,0.0
5351,0,0,LOW,0.0,0.00643726926277382,0,LOW,0.0
5352,0,0,LOW,0.0,0.09532486561082919,0,LOW,0.0
5353,0,0,LOW,0.0,0.14615521645455173,0,LOW,0.0
5354,0,0,LOW,0.0,0.31291590630729266,0,LOW,0.0
5355,0,0,LOW,0.0,0.2724611433640837,0,LOW,0.0
5356,0,0,LOW,0.0,0.011564237954650055,0,LOW,0.0
5357,0,0,LOW,0.0,0.0212309165706028,0,LOW,0.0
5358,0,0,LOW,0.0,0.09915631682371247,0,LOW,0.0
5359,0,0,LOW,0.0,0.026929231159285805,0,LOW,0.0
5360,0,0,LOW,0.0,0.5870038580568785,1,REVIEW,
5361,0,0,LOW,0.0,0.03184142474608517,0,LOW,0.0
5362,0,10,LOW,0.0,0.2240206090578851,0,LOW,0.0
5363,0,0,LOW,0.0,0.06941029128126311,0,LOW,0.0
5364,0,0,LOW,0.0,0.29666964103762766,0,LOW,0.0
5365,0,0,LOW,0.0,0.22805830591544843,0,LOW,0.0
5366,0,0,LOW,0.0,0.006600061964317683,0,LOW,0.0
5367,0,20,LOW,0.0,0.14218187020122267,0,LOW,0.0
5368,0,0,LOW,0.0,0.10498463155797134,0,LOW,0.0
5369,0,0,LOW,0.0,0.24266543114759678,0,LOW,0.0
5370,0,0,LOW,0.0,0.021238125405175196,0,LOW,0.0
5371,0,0,LOW,0.0,0.07574385520277398,0,LOW,0.0
5372,0,0,LOW,0.0,0.3869583105755088,0,LOW,0.0
5373,0,0,LOW,0.0,0.5419445222110767,1,REVIEW,
5374,0,0,LOW,0.0,0.2247773161362477,0,LOW,0.0
5375,0,10,LOW,0.0,0.25604101283240427,0,LOW,0.0
5376,0,0,LOW,0.0,0.08922914599329075,0,LOW,0.0
5377,0,0,LOW,0.0,0.20647301731876364,0,LOW,0.0
5378,0,0,LOW,0.0,0.025277284590200257,0,LOW,0.0
5379,0,0,LOW,0.0,0.5075071323701775,1,REVIEW,
5380,0,10,LOW,0.0,0.18671352502566463,0,LOW,0.0
5381,0,0,LOW,0.0,0.17324249547794343,0,LOW,0.0
5382,0,10,LOW,0.0,0.7414974750973861,1,REVIEW,
5383,0,0,LOW,0.0,0.8689734192910037,1,REVIEW,
5384,0,0,LOW,0.0,0.24718704289327675,0,LOW,0.0
5385,0,0,LOW,0.0,0.44226999119065935,0,LOW,0.0
5386,0,0,LOW,0.0,0.2882786537579564,0,LOW,0.0
5387,0,0,LOW,0.0,0.25847226454761374,0,LOW,0.0
5388,0,0,LOW,0.0,0.030022566419574445,0,LOW,0.0
5389,0,0,LOW,0.0,0.13963011225080488,0,LOW,0.0
5390,0,0,LOW,0.0,0.19614012122016658,0,LOW,0.0
5391,0,0,LOW,0.0,0.8114585785352668,1,REVIEW,
5392,0,0,LOW,0.0,0.2725661111148845,0,LOW,0.0
5393,0,0,LOW,0.0,0.790306422848283,1,REVIEW,
5394,0,0,LOW,0.0,0.1956089447227604,0,LOW,0.0
5395,0,0,LOW,0.0,0.1124234995398401,0,LOW,0.0
5396,0,0,LOW,0.0,0.03697089006180209,0,LOW,0.0
5397,0,0,LOW,0.0,0.019854042902647685,0,LOW,0.0
5398,0,0,LOW,0.0,0.7674482423324009,1,REVIEW,
5399,0,0,LOW,0.0,0.005964721669183375,0,LOW,0.0
5400,0,0,LOW,0.0,0.18454453573810295,0,LOW,0.0
5401,0,0,LOW,0.0,0.060588125306452356,0,LOW,0.0
5402,0,0,LOW,0.0,0.7691518487188325,1,REVIEW,
5403,0,0,LOW,0.0,0.2982640256550966,0,LOW,0.0
5404,0,0,LOW,0.0,0.506962055043037,1,REVIEW,
5405,0,0,LOW,0.0,0.487305263467445,0,LOW,0.0
5406,0,0,LOW,0.0,0.0989855696133642,0,LOW,0.0
5407,0,0,LOW,0.0,0.12797659326091618,0,LOW,0.0
5408,0,0,LOW,0.0,0.12256183497741652,0,LOW,0.0
5409,0,0,LOW,0.0,0.7502662509968896,1,REVIEW,
5410,0,0,LOW,0.0,0.38682253325458893,0,LOW,0.0
5411,0,0,LOW,0.0,0.5761139437782792,1,REVIEW,
5412,0,0,LOW,0.0,0.9076647553520425,1,REVIEW,
5413,0,0,LOW,0.0,0.30086916006132747,0,LOW,0.0
5414,0,0,LOW,0.0,0.5652338608112623,1,REVIEW,
5415,0,0,LOW,0.0,0.04886501448655697,0,LOW,0.0
5416,0,0,LOW,0.0,0.20987507373882575,0,LOW,0.0
5417,0,0,LOW,0.0,0.6584777787676176,1,REVIEW,
5418,0,0,LOW,0.0,0.5310984084665193,1,REVIEW,
5419,0,0,LOW,0.0,0.17949634213531224,0,LOW,0.0
5420,0,0,LOW,0.0,0.6455383806217094,1,REVIEW,
5421,0,0,LOW,0.0,0.012313977956263863,0,LOW,0.0
5422,0,0,LOW,0.0,0.034348089066125076,0,LOW,0.0
5423,0,0,LOW,0.0,0.08554848876774128,0,LOW,0.0
5424,0,0,LOW,0.0,0.9026930936653103,1,REVIEW,
5425,0,0,LOW,0.0,0.25545164519307045,0,LOW,0.0
5426,0,0,LOW,0.0,0.6714126690617712,1,REVIEW,
5427,0,0,LOW,0.0,0.22964077813488312,0,LOW,0.0
5428,0,0,LOW,0.0,0.13220305191814694,0,LOW,0.0
5429,0,0,LOW,0.0,0.5311523471267013,1,REVIEW,
5430,0,0,LOW,0.0,0.26094728451009636,0,LOW,0.0
5431,0,0,LOW,0.0,0.14193764728343164,0,LOW,0.0
5432,0,10,LOW,0.0,0.3372618177467712,0,LOW,0.0
5433,0,0,LOW,0.0,0.11376988536866471,0,LOW,0.0
5434,0,0,LOW,0.0,0.47204916738243435,0,LOW,0.0
5435,0,0,LOW,0.0,0.14528838761693308,0,LOW,0.0
5436,0,0,LOW,0.0,0.015618676456198027,0,LOW,0.0
5437,0,0,LOW,0.0,0.513909132255515,1,REVIEW,
5438,0,10,LOW,0.0,0.05330283822646626,0,LOW,0.0
5439,0,0,LOW,0.0,0.03840551956835242,0,LOW,0.0
5440,0,0,LOW,0.0,0.11908947325225853,0,LOW,0.0
5441,0,20,LOW,0.0,0.08013343457065662,0,LOW,0.0
5442,0,10,LOW,0.0,0.16850050006717898,0,LOW,0.0
5443,0,0,LOW,0.0,0.046112533957692214,0,LOW,0.0
5444,0,0,LOW,0.0,0.016172246519213285,0,LOW,0.0
5445,0,0,LOW,0.0,0.611002474542355,1,REVIEW,
5446,0,10,LOW,0.0,0.16132851557151343,0,LOW,0.0
5447,0,0,LOW,0.0,0.17158389635988078,0,LOW,0.0
5448,0,0,LOW,0.0,0.09258968924182626,0,LOW,0.0
5449,0,10,LOW,0.0,0.32976624626301326,0,LOW,0.0
5450,0,0,LOW,0.0,0.6978198966085141,1,REVIEW,
5451,0,0,LOW,0.0,0.013404827565805664,0,LOW,0.0
5452,0,0,LOW,0.0,0.04747722866011484,0,LOW,0.0
5453,0,10,LOW,0.0,0.28498692102355083,0,LOW,0.0
5454,0,0,LOW,0.0,0.14148884383650417,0,LOW,0.0
5455,0,0,LOW,0.0,0.12360055810846274,0,LOW,0.0
5456,0,0,LOW,0.0,0.11056946368847709,0,LOW,0.0
5457,0,0,LOW,0.0,0.2032322281016116,0,LOW,0.0
5458,0,0,LOW,0.0,0.2926523480172079,0,LOW,0.0
5459,0,0,LOW,0.0,0.08842033537829619,0,LOW,0.0
5460,0,0,LOW,0.0,0.14077137343110113,0,LOW,0.0
5461,0,0,LOW,0.0,0.11804067773696217,0,LOW,0.0
5462,0,0,LOW,0.0,0.3752892290881143,0,LOW,0.0
5463,0,0,LOW,0.0,0.3872540838143844,0,LOW,0.0
5464,0,0,LOW,0.0,0.38825541000077557,0,LOW,0.0
5465,0,0,LOW,0.0,0.6767505233379363,1,REVIEW,
5466,0,0,LOW,0.0,0.15848045553359638,0,LOW,0.0
5467,0,0,LOW,0.0,0.231943726663596,0,LOW,0.0
5468,0,0,LOW,0.0,0.43959024564276666,0,LOW,0.0
5469,0,0,LOW,0.0,0.24057250443942174,0,LOW,0.0
5470,0,0,LOW,0.0,0.2548163444848233,0,LOW,0.0
5471,0,0,LOW,0.0,0.27136684397267336,0,LOW,0.0
5472,0,0,LOW,0.0,0.05688012157395155,0,LOW,0.0
5473,0,0,LOW,0.0,0.05001029160272916,0,LOW,0.0
5474,0,0,LOW,0.0,0.04355417862859729,0,LOW,0.0
5475,0,0,LOW,0.0,0.29455485469966186,0,LOW,0.0
5476,0,0,LOW,0.0,0.3771314808710035,0,LOW,0.0
5477,0,0,LOW,0.0,0.27284417044789117,0,LOW,0.0
5478,0,0,LOW,0.0,0.17972414215719873,0,LOW,0.0
5479,0,0,LOW,0.0,0.09676295722284776,0,LOW,0.0
5480,0,0,LOW,0.0,0.18958354930577936,0,LOW,0.0
5481,0,0,LOW,0.0,0.07825875245053152,0,LOW,0.0
5482,0,0,LOW,0.0,0.457592187365361,0,LOW,0.0
5483,0,0,LOW,0.0,0.35128724381712545,0,LOW,0.0
5484,0,10,LOW,0.0,0.10268284396182176,0,LOW,0.0
5485,0,0,LOW,0.0,0.5177555588980801,1,REVIEW,
5486,0,0,LOW,0.0,0.10160493080334239,0,LOW,0.0
5487,0,0,LOW,0.0,0.2001700695545038,0,LOW,0.0
5488,0,10,LOW,0.0,0.412111652636288,0,LOW,0.0
5489,0,0,LOW,0.0,0.24157621734244658,0,LOW,0.0
5490,0,0,LOW,0.0,0.2582985851533569,0,LOW,0.0
5491,0,0,LOW,0.0,0.18344763711819292,0,LOW,0.0
5492,0,0,LOW,0.0,0.1341210196840106,0,LOW,0.0
5493,0,0,LOW,0.0,0.18984229721536336,0,LOW,0.0
5494,0,10,LOW,0.0,0.5814517127479133,1,REVIEW,
5495,0,0,LOW,0.0,0.25830849036156445,0,LOW,0.0
5496,0,0,LOW,0.0,0.034054027853657166,0,LOW,0.0
5497,0,0,LOW,0.0,0.26715957201508583,0,LOW,0.0
5498,0,10,LOW,0.0,0.16622423788814322,0,LOW,0.0
5499,0,0,LOW,0.0,0.045905156640084356,0,LOW,0.0
5500,0,0,LOW,0.0,0.5857993966358852,1,REVIEW,
5501,0,0,LOW,0.0,0.0962650767032019,0,LOW,0.0
5502,0,0,LOW,0.0,0.09013699888841176,0,LOW,0.0
5503,0,0,LOW,0.0,0.7621430051362809,1,REVIEW,
5504,0,10,LOW,0.0,0.13269520961744388,0,LOW,0.0
5505,0,0,LOW,0.0,0.6200727581250153,1,REVIEW,
5506,0,10,LOW,0.0,0.022900142709849372,0,LOW,0.0
5507,0,10,LOW,0.0,0.4211231027221073,0,LOW,0.0
5508,0,0,LOW,0.0,0.18929837168855507,0,LOW,0.0
5509,0,0,LOW,0.0,0.15479588318427828,0,LOW,0.0
5510,0,0,LOW,0.0,0.5286097537418041,1,REVIEW,
5511,0,0,LOW,0.0,0.24741031974869934,0,LOW,0.0
5512,0,0,LOW,0.0,0.35665955586512843,0,LOW,0.0
5513,0,0,LOW,0.0,0.5321848901125034,1,REVIEW,
5514,0,0,LOW,0.0,0.42160129174671396,0,LOW,0.0
5515,0,0,LOW,0.0,0.5981242690247931,1,REVIEW,
5516,0,0,LOW,0.0,0.1359813793726815,0,LOW,0.0
5517,0,0,LOW,0.0,0.10564007800944843,0,LOW,0.0
5518,0,0,LOW,0.0,0.6522929683649011,1,REVIEW,
5519,0,0,LOW,0.0,0.27116268203478733,0,LOW,0.0
5520,0,0,LOW,0.0,0.10626239996508534,0,LOW,0.0
5521,0,0,LOW,0.0,0.14708034122291283,0,LOW,0.0
5522,0,0,LOW,0.0,0.6510370875130703,1,REVIEW,
5523,0,0,LOW,0.0,0.22259453496203613,0,LOW,0.0
5524,0,10,LOW,0.0,0.1019760641582857,0,LOW,0.0
5525,0,0,LOW,0.0,0.645949010719187,1,REVIEW,
5526,0,0,LOW,0.0,0.28524392792813813,0,LOW,0.0
5527,0,0,LOW,0.0,0.06902829588140552,0,LOW,0.0
5528,0,0,LOW,0.0,0.5293210929196551,1,REVIEW,
5529,0,0,LOW,0.0,0.07758745840709722,0,LOW,0.0
5530,0,0,LOW,0.0,0.10041581355405359,0,LOW,0.0
5531,0,0,LOW,0.0,0.6662145789414918,1,REVIEW,
5532,0,0,LOW,0.0,0.07753156715964422,0,LOW,0.0
5533,0,0,LOW,0.0,0.2986067353866735,0,LOW,0.0
5534,0,0,LOW,0.0,0.01498563070752295,0,LOW,0.0
5535,0,0,LOW,0.0,0.13572437334036405,0,LOW,0.0
5536,0,0,LOW,0.0,0.16025618603759328,0,LOW,0.0
5537,0,0,LOW,0.0,0.07748285769172847,0,LOW,0.0
5538,0,0,LOW,0.0,0.3605449115219496,0,LOW,0.0
5539,0,0,LOW,0.0,0.07788330204380454,0,LOW,0.0
5540,0,0,LOW,0.0,0.5653533204849353,1,REVIEW,
5541,0,0,LOW,0.0,0.036910568408336376,0,LOW,0.0
5542,0,0,LOW,0.0,0.43749877989959446,0,LOW,0.0
5543,0,10,LOW,0.0,0.4846882646397768,0,LOW,0.0
5544,0,0,LOW,0.0,0.8161479250434542,1,REVIEW,
5545,0,0,LOW,0.0,0.6000206406707125,1,REVIEW,
5546,0,0,LOW,0.0,0.12319755004073119,0,LOW,0.0
5547,0,0,LOW,0.0,0.1737131317247924,0,LOW,0.0
5548,0,0,LOW,0.0,0.07293803240318256,0,LOW,0.0
5549,0,0,LOW,0.0,0.3844854022782221,0,LOW,0.0
5550,0,0,LOW,0.0,0.2729738332916994,0,LOW,0.0
5551,0,0,LOW,0.0,0.14940047706468346,0,LOW,0.0
5552,0,0,LOW,0.0,0.038333707150284946,0,LOW,0.0
5553,0,10,LOW,0.0,0.44486226757010344,0,LOW,0.0
5554,0,0,LOW,0.0,0.03023869226043278,0,LOW,0.0
5555,0,0,LOW,0.0,0.09983747655292254,0,LOW,0.0
5556,0,0,LOW,0.0,0.23838304177906125,0,LOW,0.0
5557,0,0,LOW,0.0,0.17742000059782004,0,LOW,0.0
5558,0,0,LOW,0.0,0.17237261671399282,0,LOW,0.0
5559,0,0,LOW,0.0,0.013786696379127411,0,LOW,0.0
5560,0,0,LOW,0.0,0.5433574333568301,1,REVIEW,
5561,0,10,LOW,0.0,0.004308709352017115,0,LOW,0.0
5562,0,0,LOW,0.0,0.08647607556138921,0,LOW,0.0
5563,0,0,LOW,0.0,0.06543813337763862,0,LOW,0.0
5564,0,0,LOW,0.0,0.22718395071661918,0,LOW,0.0
5565,0,0,LOW,0.0,0.31217060673585223,0,LOW,0.0
5566,0,0,LOW,0.0,0.09427886456211733,0,LOW,0.0
5567,0,0,LOW,0.0,0.5122200362940432,1,REVIEW,
5568,0,0,LOW,0.0,0.036919674707647274,0,LOW,0.0
5569,0,0,LOW,0.0,0.10340149384949458,0,LOW,0.0
5570,0,0,LOW,0.0,0.036588786134037016,0,LOW,0.0
5571,0,0,LOW,0.0,0.012401257384000297,0,LOW,0.0
5572,0,0,LOW,0.0,0.528022089113891,1,REVIEW,
5573,0,5,LOW,0.0,0.19140517313486347,0,LOW,0.0
5574,0,0,LOW,0.0,0.2982570572835466,0,LOW,0.0
5575,0,0,LOW,0.0,0.054882101082764756,0,LOW,0.0
5576,0,0,LOW,0.0,0.07551410224978121,0,LOW,0.0
5577,0,10,LOW,0.0,0.28833652536651505,0,LOW,0.0
5578,0,0,LOW,0.0,0.5291347848291057,1,REVIEW,
5579,0,0,LOW,0.0,0.4371604752377096,0,LOW,0.0
5580,0,0,LOW,0.0,0.3765812229701561,0,LOW,0.0
5581,0,0,LOW,0.0,0.27319688727659674,0,LOW,0.0
5582,0,0,LOW,0.0,0.1954245724132519,0,LOW,0.0
5583,0,0,LOW,0.0,0.885220974992152,1,REVIEW,
5584,0,0,LOW,0.0,0.11989602548007128,0,LOW,0.0
5585,0,0,LOW,0.0,0.4382552974011525,0,LOW,0.0
5586,0,0,LOW,0.0,0.12126218809960448,0,LOW,0.0
5587,0,0,LOW,0.0,0.24869761734910725,0,LOW,0.0
5588,0,0,LOW,0.0,0.015248646053527378,0,LOW,0.0
5589,0,0,LOW,0.0,0.3739581928785443,0,LOW,0.0
5590,0,0,LOW,0.0,0.4804268574177011,0,LOW,0.0
5591,0,0,LOW,0.0,0.08078319496845558,0,LOW,0.0
5592,0,0,LOW,0.0,0.13517432414350375,0,LOW,0.0
5593,0,0,LOW,0.0,0.10564041820002631,0,LOW,0.0
5594,0,10,LOW,0.0,0.702856600632348,1,REVIEW,
5595,0,0,LOW,0.0,0.1804753382812898,0,LOW,0.0
5596,0,0,LOW,0.0,0.24809998475186,0,LOW,0.0
5597,0,0,LOW,0.0,0.4154339223695178,0,LOW,0.0
5598,0,0,LOW,0.0,0.1954910521086887,0,LOW,0.0
5599,0,0,LOW,0.0,0.06776338903590493,0,LOW,0.0
5600,0,0,LOW,0.0,0.15663140845907736,0,LOW,0.0
5601,0,0,LOW,0.0,0.012044794883075456,0,LOW,0.0
5602,0,10,LOW,0.0,0.14222758466808078,0,LOW,0.0
5603,0,10,LOW,0.0,0.4497792950461427,0,LOW,0.0
5604,0,0,LOW,0.0,0.10792203420724764,0,LOW,0.0
5605,0,0,LOW,0.0,0.5188307184273683,1,REVIEW,
5606,0,0,LOW,0.0,0.026869954472847173,0,LOW,0.0
5607,0,0,LOW,0.0,0.029091502667683563,0,LOW,0.0
5608,0,0,LOW,0.0,0.4913278767065072,0,LOW,0.0
5609,0,0,LOW,0.0,0.4497140012839034,0,LOW,0.0
5610,0,0,LOW,0.0,0.1938998984852975,0,LOW,0.0
5611,0,0,LOW,0.0,0.03727520357358,0,LOW,0.0
5612,0,0,LOW,0.0,0.45270006898758647,0,LOW,0.0
5613,0,0,LOW,0.0,0.3178954755161608,0,LOW,0.0
5614,0,0,LOW,0.0,0.536880522913982,1,REVIEW,
5615,0,0,LOW,0.0,0.6407620270911909,1,REVIEW,
5616,0,0,LOW,0.0,0.2896317176386802,0,LOW,0.0
5617,0,0,LOW,0.0,0.2574637117049633,0,LOW,0.0
5618,0,0,LOW,0.0,0.11209327504338686,0,LOW,0.0
5619,0,0,LOW,0.0,0.12604147724919595,0,LOW,0.0
5620,0,0,LOW,0.0,0.6397881922329467,1,REVIEW,
5621,0,0,LOW,0.0,0.1054852063278382,0,LOW,0.0
5622,0,0,LOW,0.0,0.4292516881765664,0,LOW,0.0
5623,0,0,LOW,0.0,0.32171997310218475,0,LOW,0.0
5624,0,0,LOW,0.0,0.2312190773488498,0,LOW,0.0
5625,0,0,LOW,0.0,0.40254418717911594,0,LOW,0.0
5626,0,0,LOW,0.0,0.23414852897950209,0,LOW,0.0
5627,0,0,LOW,0.0,0.3155952851027404,0,LOW,0.0
5628,0,0,LOW,0.0,0.3017644547199864,0,LOW,0.0
5629,0,10,LOW,0.0,0.6224381855359283,1,REVIEW,
5630,0,0,LOW,0.0,0.40325175006371994,0,LOW,0.0
5631,0,0,LOW,0.0,0.0478447994292672,0,LOW,0.0
5632,0,0,LOW,0.0,0.30661225463999603,0,LOW,0.0
5633,0,0,LOW,0.0,0.33731635728289466,0,LOW,0.0
5634,0,0,LOW,0.0,0.15472619607027793,0,LOW,0.0
5635,0,0,LOW,0.0,0.16655357930727915,0,LOW,0.0
5636,0,0,LOW,0.0,0.0844968541105455,0,LOW,0.0
5637,0,0,LOW,0.0,0.0380838455743479,0,LOW,0.0
5638,0,0,LOW,0.0,0.1410583879472536,0,LOW,0.0
5639,0,10,LOW,0.0,0.3098747364529036,0,LOW,0.0
5640,0,0,LOW,0.0,0.6054622482667877,1,REVIEW,
5641,0,0,LOW,0.0,0.3508515449143942,0,LOW,0.0
5642,0,0,LOW,0.0,0.10462928654579254,0,LOW,0.0
5643,0,0,LOW,0.0,0.22016729239538416,0,LOW,0.0
5644,0,0,LOW,0.0,0.6687443701167192,1,REVIEW,
5645,0,0,LOW,0.0,0.35038602483778825,0,LOW,0.0
5646,0,0,LOW,0.0,0.05116614798558566,0,LOW,0.0
5647,0,10,LOW,0.0,0.6089798452203634,1,REVIEW,
5648,0,10,LOW,0.0,0.022495685628136395,0,LOW,0.0
5649,0,0,LOW,0.0,0.13946398412800992,0,LOW,0.0
5650,0,0,LOW,0.0,0.07430954992022408,0,LOW,0.0
5651,0,0,LOW,0.0,0.06191514643373849,0,LOW,0.0
5652,0,0,LOW,0.0,0.400131508731385,0,LOW,0.0
5653,0,0,LOW,0.0,0.14663810161860752,0,LOW,0.0
5654,0,0,LOW,0.0,0.06500121203177298,0,LOW,0.0
5655,0,0,LOW,0.0,0.6124031099980335,1,REVIEW,
5656,0,10,LOW,0.0,0.33309500926721874,0,LOW,0.0
5657,0,0,LOW,0.0,0.10076949331574088,0,LOW,0.0
5658,0,0,LOW,0.0,0.2741266691423201,0,LOW,0.0
5659,0,0,LOW,0.0,0.25753624332459923,0,LOW,0.0
5660,0,0,LOW,0.0,0.7235464668526547,1,REVIEW,
5661,0,0,LOW,0.0,0.14874722421437478,0,LOW,0.0
5662,0,0,LOW,0.0,0.4106539694505173,0,LOW,0.0
5663,0,0,LOW,0.0,0.32819284444502383,0,LOW,0.0
5664,0,0,LOW,0.0,0.06043386233204057,0,LOW,0.0
5665,0,0,LOW,0.0,0.5195876244868843,1,REVIEW,
5666,0,0,LOW,0.0,0.08034676424545277,0,LOW,0.0
5667,0,0,LOW,0.0,0.5970741088434214,1,REVIEW,
5668,0,0,LOW,0.0,0.3441130328650607,0,LOW,0.0
5669,0,0,LOW,0.0,0.24660470072645035,0,LOW,0.0
5670,0,0,LOW,0.0,0.09595286102114012,0,LOW,0.0
5671,0,0,LOW,0.0,0.047301238710898495,0,LOW,0.0
5672,0,0,LOW,0.0,0.5951047216149982,1,REVIEW,
5673,0,0,LOW,0.0,0.1068130631457837,0,LOW,0.0
5674,0,10,LOW,0.0,0.8664614317952147,1,REVIEW,
5675,0,0,LOW,0.0,0.12747652793062722,0,LOW,0.0
5676,0,0,LOW,0.0,0.0240083745511035,0,LOW,0.0
5677,0,0,LOW,0.0,0.14762375951751194,0,LOW,0.0
5678,0,0,LOW,0.0,0.3097847908252208,0,LOW,0.0
5679,0,0,LOW,0.0,0.4109483792395071,0,LOW,0.0
5680,0,0,LOW,0.0,0.09575914033745726,0,LOW,0.0
5681,0,0,LOW,0.0,0.1544878004701955,0,LOW,0.0
5682,0,0,LOW,0.0,0.2030222164714177,0,LOW,0.0
5683,0,0,LOW,0.0,0.39210572818689277,0,LOW,0.0
5684,0,0,LOW,0.0,0.09386579900218048,0,LOW,0.0
5685,0,0,LOW,0.0,0.15453028435807015,0,LOW,0.0
5686,0,0,LOW,0.0,0.17463922844974586,0,LOW,0.0
5687,0,0,LOW,0.0,0.8003737880994098,1,REVIEW,
5688,0,0,LOW,0.0,0.18617499193594594,0,LOW,0.0
5689,0,0,LOW,0.0,0.45392837551180476,0,LOW,0.0
5690,0,0,LOW,0.0,0.2247803674753212,0,LOW,0.0
5691,0,0,LOW,0.0,0.012136274972215566,0,LOW,0.0
5692,0,0,LOW,0.0,0.07980197138212919,0,LOW,0.0
5693,0,0,LOW,0.0,0.3641372370147608,0,LOW,0.0
5694,0,0,LOW,0.0,0.05036226530131137,0,LOW,0.0
5695,0,0,LOW,0.0,0.35673871154679515,0,LOW,0.0
5696,0,0,LOW,0.0,0.004060349326603364,0,LOW,0.0
5697,0,0,LOW,0.0,0.34055077922287386,0,LOW,0.0
5698,0,0,LOW,0.0,0.6629826803556166,1,REVIEW,
5699,0,0,LOW,0.0,0.11943820506723027,0,LOW,0.0
5700,0,0,LOW,0.0,0.09263957924763297,0,LOW,0.0
5701,0,0,LOW,0.0,0.039242893778573554,0,LOW,0.0
5702,0,0,LOW,0.0,0.17260677746445524,0,LOW,0.0
5703,0,0,LOW,0.0,0.2497963942315748,0,LOW,0.0
5704,0,0,LOW,0.0,0.1152534411445328,0,LOW,0.0
5705,0,0,LOW,0.0,0.23818939647439305,0,LOW,0.0
5706,0,0,LOW,0.0,0.06172023490862614,0,LOW,0.0
5707,0,10,LOW,0.0,0.720326663234732,1,REVIEW,
5708,0,0,LOW,0.0,0.06050963014816317,0,LOW,0.0
5709,0,0,LOW,0.0,0.16261985437444273,0,LOW,0.0
5710,0,0,LOW,0.0,0.6342520266687035,1,REVIEW,
5711,0,0,LOW,0.0,0.05657068342148484,0,LOW,0.0
5712,0,0,LOW,0.0,0.21094182488929608,0,LOW,0.0
5713,0,0,LOW,0.0,0.5187134046904965,1,REVIEW,
5714,0,0,LOW,0.0,0.1730659772489461,0,LOW,0.0
5715,0,0,LOW,0.0,0.03684966827692815,0,LOW,0.0
5716,0,0,LOW,0.0,0.0823399667568227,0,LOW,0.0
5717,0,0,LOW,0.0,0.054972189154700146,0,LOW,0.0
5718,0,0,LOW,0.0,0.46894132860791593,0,LOW,0.0
5719,0,0,LOW,0.0,0.34530823673847727,0,LOW,0.0
5720,0,10,LOW,0.0,0.3496162380369238,0,LOW,0.0
5721,0,0,LOW,0.0,0.140052647629048,0,LOW,0.0
5722,0,0,LOW,0.0,0.3844059600429989,0,LOW,0.0
5723,0,0,LOW,0.0,0.7979713915689153,1,REVIEW,
5724,0,0,LOW,0.0,0.028863506921831872,0,LOW,0.0
5725,0,0,LOW,0.0,0.3898578641864591,0,LOW,0.0
5726,0,0,LOW,0.0,0.007281907662558634,0,LOW,0.0
5727,0,0,LOW,0.0,0.34762011570095097,0,LOW,0.0
5728,0,0,LOW,0.0,0.13452848336440476,0,LOW,0.0
5729,0,10,LOW,0.0,0.255785086909257,0,LOW,0.0
5730,0,0,LOW,0.0,0.4871654986121375,0,LOW,0.0
5731,0,0,LOW,0.0,0.6559071762870409,1,REVIEW,
5732,0,0,LOW,0.0,0.4778471419456852,0,LOW,0.0
5733,0,0,LOW,0.0,0.05749188720198421,0,LOW,0.0
5734,0,0,LOW,0.0,0.5985950358806008,1,REVIEW,
5735,0,0,LOW,0.0,0.5789569275902148,1,REVIEW,
5736,0,0,LOW,0.0,0.009843003328579274,0,LOW,0.0
5737,0,0,LOW,0.0,0.5880951398863365,1,REVIEW,
5738,0,0,LOW,0.0,0.3989921060782537,0,LOW,0.0
5739,0,0,LOW,0.0,0.18326686531413702,0,LOW,0.0
5740,0,0,LOW,0.0,0.21744983532805037,0,LOW,0.0
5741,0,0,LOW,0.0,0.4212408379917409,0,LOW,0.0
5742,0,0,LOW,0.0,0.3135473312313031,0,LOW,0.0
5743,0,0,LOW,0.0,0.07495433192640391,0,LOW,0.0
5744,0,0,LOW,0.0,0.22171919971823545,0,LOW,0.0
5745,0,0,LOW,0.0,0.1866117090812935,0,LOW,0.0
5746,0,0,LOW,0.0,0.01821329350585163,0,LOW,0.0
5747,0,0,LOW,0.0,0.5778539570677282,1,REVIEW,
5748,0,0,LOW,0.0,0.47511332276790724,0,LOW,0.0
5749,0,0,LOW,0.0,0.1412701354126847,0,LOW,0.0
5750,0,0,LOW,0.0,0.27332353082191085,0,LOW,0.0
5751,0,0,LOW,0.0,0.17705711985962855,0,LOW,0.0
5752,0,0,LOW,0.0,0.5328853355145666,1,REVIEW,
5753,0,0,LOW,0.0,0.06733341258639619,0,LOW,0.0
5754,0,0,LOW,0.0,0.42539005819005865,0,LOW,0.0
5755,0,0,LOW,0.0,0.6397414489417509,1,REVIEW,
5756,0,0,LOW,0.0,0.005675872960392961,0,LOW,0.0
5757,0,0,LOW,0.0,0.06379081269202118,0,LOW,0.0
5758,0,0,LOW,0.0,0.032722132430107166,0,LOW,0.0
5759,0,10,LOW,0.0,0.027394882421864677,0,LOW,0.0
5760,0,0,LOW,0.0,0.4339809196650892,0,LOW,0.0
5761,0,10,LOW,0.0,0.2743313415948379,0,LOW,0.0
5762,0,0,LOW,0.0,0.838220695682073,1,REVIEW,
5763,0,0,LOW,0.0,0.3630365485754617,0,LOW,0.0
5764,0,0,LOW,0.0,0.716526065044644,1,REVIEW,
5765,0,0,LOW,0.0,0.24970829356432644,0,LOW,0.0
5766,0,0,LOW,0.0,0.7067674710590764,1,REVIEW,
5767,0,0,LOW,0.0,0.10336747183020928,0,LOW,0.0
5768,0,0,LOW,0.0,0.037409796714356264,0,LOW,0.0
5769,0,10,LOW,0.0,0.02613664936915478,0,LOW,0.0
5770,0,0,LOW,0.0,0.02498072542589646,0,LOW,0.0
5771,0,0,LOW,0.0,0.472543373183018,0,LOW,0.0
5772,0,0,LOW,0.0,0.10573556261677443,0,LOW,0.0
5773,0,0,LOW,0.0,0.28041224750482047,0,LOW,0.0
5774,0,0,LOW,0.0,0.1731639920332955,0,LOW,0.0
5775,0,0,LOW,0.0,0.13298633482576494,0,LOW,0.0
5776,0,0,LOW,0.0,0.6031826043835102,1,REVIEW,
5777,0,0,LOW,0.0,0.01464166988773212,0,LOW,0.0
5778,0,0,LOW,0.0,0.4084670431391866,0,LOW,0.0
5779,0,10,LOW,0.0,0.021218472189721917,0,LOW,0.0
5780,0,10,LOW,0.0,0.07014467526266772,0,LOW,0.0
5781,0,20,LOW,0.0,0.27792791755882484,0,LOW,0.0
5782,0,0,LOW,0.0,0.10971091925337653,0,LOW,0.0
5783,0,0,LOW,0.0,0.4418805994704061,0,LOW,0.0
5784,0,0,LOW,0.0,0.0772120829939797,0,LOW,0.0
5785,0,0,LOW,0.0,0.17420191509680596,0,LOW,0.0
5786,0,0,LOW,0.0,0.043444732593634586,0,LOW,0.0
5787,0,0,LOW,0.0,0.0279686180499782,0,LOW,0.0
5788,0,10,LOW,0.0,0.31094345596700795,0,LOW,0.0
5789,0,10,LOW,0.0,0.11141492006407554,0,LOW,0.0
5790,0,0,LOW,0.0,0.24635836604773825,0,LOW,0.0
5791,0,0,LOW,0.0,0.015299171509333187,0,LOW,0.0
5792,0,0,LOW,0.0,0.2225890156072282,0,LOW,0.0
5793,0,0,LOW,0.0,0.22769768021446282,0,LOW,0.0
5794,0,0,LOW,0.0,0.23509970745337494,0,LOW,0.0
5795,0,0,LOW,0.0,0.29273450231097553,0,LOW,0.0
5796,0,0,LOW,0.0,0.06265014089975908,0,LOW,0.0
5797,0,0,LOW,0.0,0.16747929156630734,0,LOW,0.0
5798,0,20,LOW,0.0,0.6399136710022919,1,REVIEW,
5799,0,0,LOW,0.0,0.6102551767598247,1,REVIEW,
5800,0,0,LOW,0.0,0.04839009388705795,0,LOW,0.0
5801,0,0,LOW,0.0,0.07115595247743219,0,LOW,0.0
5802,0,0,LOW,0.0,0.2781397513333797,0,LOW,0.0
5803,0,0,LOW,0.0,0.03685280596148297,0,LOW,0.0
5804,0,0,LOW,0.0,0.21587952238538866,0,LOW,0.0
5805,0,0,LOW,0.0,0.32845924607161053,0,LOW,0.0
5806,0,0,LOW,0.0,0.02713694493084989,0,LOW,0.0
5807,0,0,LOW,0.0,0.2656161842956957,0,LOW,0.0
5808,0,0,LOW,0.0,0.25519138888292664,0,LOW,0.0
5809,0,0,LOW,0.0,0.1280108857736695,0,LOW,0.0
5810,0,0,LOW,0.0,0.10967587587600718,0,LOW,0.0
5811,0,0,LOW,0.0,0.2561343341141854,0,LOW,0.0
5812,0,10,LOW,0.0,0.22799127481937162,0,LOW,0.0
5813,0,0,LOW,0.0,0.3399766700714654,0,LOW,0.0
5814,0,0,LOW,0.0,0.2983475498149043,0,LOW,0.0
5815,0,0,LOW,0.0,0.05350044851499213,0,LOW,0.0
5816,0,0,LOW,0.0,0.0387508224441961,0,LOW,0.0
5817,0,0,LOW,0.0,0.11363829483848047,0,LOW,0.0
5818,0,0,LOW,0.0,0.16957342348117707,0,LOW,0.0
5819,0,0,LOW,0.0,0.08451802990246277,0,LOW,0.0
5820,0,0,LOW,0.0,0.13056151559910506,0,LOW,0.0
5821,0,0,LOW,0.0,0.06740977368429818,0,LOW,0.0
5822,0,0,LOW,0.0,0.6092266259693453,1,REVIEW,
5823,0,0,LOW,0.0,0.47920093125527646,0,LOW,0.0
5824,0,0,LOW,0.0,0.221054614489796,0,LOW,0.0
5825,0,0,LOW,0.0,0.407235872688045,0,LOW,0.0
5826,0,0,LOW,0.0,0.1113256158809354,0,LOW,0.0
5827,0,0,LOW,0.0,0.20200564751325964,0,LOW,0.0
5828,0,0,LOW,0.0,0.30820522160318586,0,LOW,0.0
5829,0,0,LOW,0.0,0.3529986322883365,0,LOW,0.0
5830,0,0,LOW,0.0,0.2911988156246351,0,LOW,0.0
5831,0,0,LOW,0.0,0.23167342241915248,0,LOW,0.0
5832,0,0,LOW,0.0,0.13166389933707237,0,LOW,0.0
5833,0,0,LOW,0.0,0.40911248572055575,0,LOW,0.0
5834,0,0,LOW,0.0,0.8902733997761293,1,REVIEW,
5835,0,0,LOW,0.0,0.14181060023722028,0,LOW,0.0
5836,0,0,LOW,0.0,0.015209886698151166,0,LOW,0.0
5837,0,0,LOW,0.0,0.05983096885312948,0,LOW,0.0
5838,0,0,LOW,0.0,0.09459156012840318,0,LOW,0.0
5839,0,0,LOW,0.0,0.06502274527704231,0,LOW,0.0
5840,0,0,LOW,0.0,0.3794583910868513,0,LOW,0.0
5841,0,0,LOW,0.0,0.0101616829319824,0,LOW,0.0
5842,0,0,LOW,0.0,0.13583976047520832,0,LOW,0.0
5843,0,0,LOW,0.0,0.07494514158831744,0,LOW,0.0
5844,0,0,LOW,0.0,0.32457137787757107,0,LOW,0.0
5845,0,0,LOW,0.0,0.10925162407560365,0,LOW,0.0
5846,0,0,LOW,0.0,0.04021152518101767,0,LOW,0.0
5847,0,0,LOW,0.0,0.0982119092751328,0,LOW,0.0
5848,0,0,LOW,0.0,0.15100523122088835,0,LOW,0.0
5849,0,0,LOW,0.0,0.049668283956673304,0,LOW,0.0
5850,0,10,LOW,0.0,0.7102120270309826,1,REVIEW,
5851,0,0,LOW,0.0,0.15658901463321523,0,LOW,0.0
5852,0,0,LOW,0.0,0.08249168162096794,0,LOW,0.0
5853,0,5,LOW,0.0,0.31895152969892687,0,LOW,0.0
5854,0,0,LOW,0.0,0.6650142442249711,1,REVIEW,
5855,0,0,LOW,0.0,0.21331839619677978,0,LOW,0.0
5856,0,0,LOW,0.0,0.25719977857820026,0,LOW,0.0
5857,0,0,LOW,0.0,0.06812059182392369,0,LOW,0.0
5858,0,10,LOW,0.0,0.8385776645475301,1,REVIEW,
5859,0,0,LOW,0.0,0.5332929628266556,1,REVIEW,
5860,0,0,LOW,0.0,0.10067370203974124,0,LOW,0.0
5861,0,0,LOW,0.0,0.26378915288071036,0,LOW,0.0
5862,0,10,LOW,0.0,0.024698125328049794,0,LOW,0.0
5863,0,0,LOW,0.0,0.2171451806119225,0,LOW,0.0
5864,0,0,LOW,0.0,0.4115206811391982,0,LOW,0.0
5865,0,0,LOW,0.0,0.3726364279140137,0,LOW,0.0
5866,0,0,LOW,0.0,0.07863742066807443,0,LOW,0.0
5867,0,0,LOW,0.0,0.682527145460446,1,REVIEW,
5868,0,0,LOW,0.0,0.28357909863017544,0,LOW,0.0
5869,0,0,LOW,0.0,0.7216888487317036,1,REVIEW,
5870,0,0,LOW,0.0,0.19009124108415348,0,LOW,0.0
5871,0,0,LOW,0.0,0.11337963116010771,0,LOW,0.0
5872,0,10,LOW,0.0,0.12002451235563576,0,LOW,0.0
5873,0,0,LOW,0.0,0.7984201806233323,1,REVIEW,
5874,0,0,LOW,0.0,0.2022969949014268,0,LOW,0.0
5875,0,0,LOW,0.0,0.3181972264879844,0,LOW,0.0
5876,0,0,LOW,0.0,0.06363688574303746,0,LOW,0.0
5877,0,0,LOW,0.0,0.4905311842678979,0,LOW,0.0
5878,0,0,LOW,0.0,0.33770900534234055,0,LOW,0.0
5879,0,0,LOW,0.0,0.6202113981391709,1,REVIEW,
5880,0,0,LOW,0.0,0.18179755446776488,0,LOW,0.0
5881,0,0,LOW,0.0,0.07651984810595644,0,LOW,0.0
5882,0,0,LOW,0.0,0.07211524172354147,0,LOW,0.0
5883,0,0,LOW,0.0,0.38063835853985073,0,LOW,0.0
5884,0,0,LOW,0.0,0.4899533431825807,0,LOW,0.0
5885,0,0,LOW,0.0,0.14773628979520687,0,LOW,0.0
5886,0,10,LOW,0.0,0.005027401453453011,0,LOW,0.0
5887,0,0,LOW,0.0,0.02628181851418563,0,LOW,0.0
5888,0,0,LOW,0.0,0.03776713564184777,0,LOW,0.0
5889,0,10,LOW,0.0,0.09924617473677984,0,LOW,0.0
5890,0,10,LOW,0.0,0.6965576877014752,1,REVIEW,
5891,0,0,LOW,0.0,0.136365068083719,0,LOW,0.0
5892,0,0,LOW,0.0,0.1043145448880838,0,LOW,0.0
5893,0,0,LOW,0.0,0.2168872597706318,0,LOW,0.0
5894,0,0,LOW,0.0,0.4208549666502574,0,LOW,0.0
5895,0,0,LOW,0.0,0.3652061880869442,0,LOW,0.0
5896,0,0,LOW,0.0,0.03354757705260127,0,LOW,0.0
5897,0,0,LOW,0.0,0.027358564384667036,0,LOW,0.0
5898,0,0,LOW,0.0,0.01731877366044388,0,LOW,0.0
5899,0,10,LOW,0.0,0.3507317060811679,0,LOW,0.0
5900,0,0,LOW,0.0,0.23715077925736874,0,LOW,0.0
5901,0,0,LOW,0.0,0.3701676072708711,0,LOW,0.0
5902,0,0,LOW,0.0,0.01664146931310279,0,LOW,0.0
5903,0,0,LOW,0.0,0.3108696773980555,0,LOW,0.0
5904,0,0,LOW,0.0,0.3761133118174917,0,LOW,0.0
5905,0,0,LOW,0.0,0.09061254146534398,0,LOW,0.0
5906,0,0,LOW,0.0,0.08207049717710778,0,LOW,0.0
5907,0,0,LOW,0.0,0.1926451338785147,0,LOW,0.0
5908,0,0,LOW,0.0,0.532826480114369,1,REVIEW,
5909,0,10,LOW,0.0,0.6256154355170039,1,REVIEW,
5910,0,0,LOW,0.0,0.10809123799864039,0,LOW,0.0
5911,0,0,LOW,0.0,0.002448444572912648,0,LOW,0.0
5912,0,0,LOW,0.0,0.11583282352116239,0,LOW,0.0
5913,0,0,LOW,0.0,0.13015473615885628,0,LOW,0.0
5914,0,10,LOW,0.0,0.5742250240660143,1,REVIEW,
5915,0,10,LOW,0.0,0.1279081148115034,0,LOW,0.0
5916,0,0,LOW,0.0,0.11459876189840361,0,LOW,0.0
5917,0,0,LOW,0.0,0.05164289855641215,0,LOW,0.0
5918,0,0,LOW,0.0,0.29085337054427474,0,LOW,0.0
5919,0,10,LOW,0.0,0.16628474378899308,0,LOW,0.0
5920,0,0,LOW,0.0,0.1541459867332911,0,LOW,0.0
5921,0,0,LOW,0.0,0.02023393275781734,0,LOW,0.0
5922,0,0,LOW,0.0,0.2091739856700902,0,LOW,0.0
5923,0,0,LOW,0.0,0.6803100187681164,1,REVIEW,
5924,0,0,LOW,0.0,0.010009171268692192,0,LOW,0.0
5925,0,0,LOW,0.0,0.2060689633794843,0,LOW,0.0
5926,0,0,LOW,0.0,0.31210728715602204,0,LOW,0.0
5927,0,0,LOW,0.0,0.07458390680749151,0,LOW,0.0
5928,0,10,LOW,0.0,0.5017102042678107,1,REVIEW,
5929,0,0,LOW,0.0,0.09051663251318935,0,LOW,0.0
5930,0,10,LOW,0.0,0.5038696073893557,1,REVIEW,
5931,0,0,LOW,0.0,0.11987271171818378,0,LOW,0.0
5932,0,0,LOW,0.0,0.22614228328240304,0,LOW,0.0
5933,0,0,LOW,0.0,0.06655642750166137,0,LOW,0.0
5934,0,0,LOW,0.0,0.1720497782489269,0,LOW,0.0
5935,0,0,LOW,0.0,0.393857062269991,0,LOW,0.0
5936,0,0,LOW,0.0,0.020676970989196318,0,LOW,0.0
5937,0,0,LOW,0.0,0.12045644570667582,0,LOW,0.0
5938,0,0,LOW,0.0,0.5898710445925417,1,REVIEW,
5939,0,0,LOW,0.0,0.2547488357456724,0,LOW,0.0
5940,0,0,LOW,0.0,0.4360645049035893,0,LOW,0.0
5941,0,10,LOW,0.0,0.0038338657058761302,0,LOW,0.0
5942,0,0,LOW,0.0,0.13428620174663486,0,LOW,0.0
5943,0,0,LOW,0.0,0.036103276383726526,0,LOW,0.0
5944,0,0,LOW,0.0,0.2936224382328803,0,LOW,0.0
5945,0,0,LOW,0.0,0.06838977972510339,0,LOW,0.0
5946,0,0,LOW,0.0,0.4696469173543049,0,LOW,0.0
5947,0,0,LOW,0.0,0.6784759669923454,1,REVIEW,
5948,0,10,LOW,0.0,0.04994674117214256,0,LOW,0.0
5949,0,0,LOW,0.0,0.3704270844052207,0,LOW,0.0
5950,0,0,LOW,0.0,0.5398382851551895,1,REVIEW,
5951,0,10,LOW,0.0,0.10659960054310245,0,LOW,0.0
5952,0,0,LOW,0.0,0.08028510725853737,0,LOW,0.0
5953,0,10,LOW,0.0,0.5805501855325982,1,REVIEW,
5954,0,0,LOW,0.0,0.5862232909782479,1,REVIEW,
5955,0,10,LOW,0.0,0.048975221463704456,0,LOW,0.0
5956,0,0,LOW,0.0,0.33612917926698055,0,LOW,0.0
5957,0,0,LOW,0.0,0.35409606316469705,0,LOW,0.0
5958,0,0,LOW,0.0,0.06330862191902613,0,LOW,0.0
5959,0,0,LOW,0.0,0.11210984386819425,0,LOW,0.0
5960,0,0,LOW,0.0,0.0530394502563218,0,LOW,0.0
5961,0,0,LOW,0.0,0.02348358629724969,0,LOW,0.0
5962,0,0,LOW,0.0,0.026928111466192055,0,LOW,0.0
5963,0,0,LOW,0.0,0.5252659355128009,1,REVIEW,
5964,0,0,LOW,0.0,0.3317249410389603,0,LOW,0.0
5965,0,0,LOW,0.0,0.05677207419506918,0,LOW,0.0
5966,0,0,LOW,0.0,0.06357266616729042,0,LOW,0.0
5967,0,0,LOW,0.0,0.2442356659045986,0,LOW,0.0
5968,0,0,LOW,0.0,0.02742526330468131,0,LOW,0.0
5969,0,0,LOW,0.0,0.2722802398955436,0,LOW,0.0
5970,0,0,LOW,0.0,0.4510583029145211,0,LOW,0.0
5971,0,0,LOW,0.0,0.0656179510216771,0,LOW,0.0
5972,0,0,LOW,0.0,0.15205143975875626,0,LOW,0.0
5973,0,0,LOW,0.0,0.21546239255963298,0,LOW,0.0
5974,0,10,LOW,0.0,0.8184353229440199,1,REVIEW,
5975,0,0,LOW,0.0,0.02933254669860212,0,LOW,0.0
5976,0,0,LOW,0.0,0.27523889796790335,0,LOW,0.0
5977,0,0,LOW,0.0,0.062404090940658685,0,LOW,0.0
5978,0,10,LOW,0.0,0.5960786660193567,1,REVIEW,
5979,0,0,LOW,0.0,0.7355681083912203,1,REVIEW,
5980,0,0,LOW,0.0,0.7302706284446024,1,REVIEW,
5981,0,0,LOW,0.0,0.4438840032592032,0,LOW,0.0
5982,0,0,LOW,0.0,0.0588619106329684,0,LOW,0.0
5983,0,0,LOW,0.0,0.5410510508405544,1,REVIEW,
5984,0,0,LOW,0.0,0.1436451706120951,0,LOW,0.0
5985,0,0,LOW,0.0,0.5094312874002578,1,REVIEW,
5986,0,0,LOW,0.0,0.033700964127793234,0,LOW,0.0
5987,0,0,LOW,0.0,0.11381503910511971,0,LOW,0.0
5988,0,0,LOW,0.0,0.7447900884356894,1,REVIEW,
5989,0,0,LOW,0.0,0.18642862201810362,0,LOW,0.0
5990,0,0,LOW,0.0,0.20948067268989093,0,LOW,0.0
5991,0,10,LOW,0.0,0.014782940063886212,0,LOW,0.0
5992,0,0,LOW,0.0,0.16676102530137193,0,LOW,0.0
5993,0,0,LOW,0.0,0.021445329000094566,0,LOW,0.0
5994,0,0,LOW,0.0,0.2742469921607959,0,LOW,0.0
5995,0,0,LOW,0.0,0.07602649357776115,0,LOW,0.0
5996,0,0,LOW,0.0,0.16385690149318877,0,LOW,0.0
5997,0,0,LOW,0.0,0.28575530761486173,0,LOW,0.0
5998,0,0,LOW,0.0,0.057242377186556816,0,LOW,0.0
5999,0,0,LOW,0.0,0.09312382438183409,0,LOW,0.0
6000,0,0,LOW,0.0,0.1643305018683995,0,LOW,0.0
6001,0,0,LOW,0.0,0.010977136242127311,0,LOW,0.0
6002,0,0,LOW,0.0,0.06324250852648869,0,LOW,0.0
6003,0,0,LOW,0.0,0.18173615166854631,0,LOW,0.0
6004,0,10,LOW,0.0,0.41743170804989377,0,LOW,0.0
6005,0,10,LOW,0.0,0.28993984939181766,0,LOW,0.0
6006,0,0,LOW,0.0,0.042259422705817104,0,LOW,0.0
6007,0,10,LOW,0.0,0.44982076253235675,0,LOW,0.0
6008,0,0,LOW,0.0,0.4293110347469335,0,LOW,0.0
6009,0,10,LOW,0.0,0.4885913914748244,0,LOW,0.0
6010,0,0,LOW,0.0,0.4356004000308862,0,LOW,0.0
6011,0,0,LOW,0.0,0.10188578984651393,0,LOW,0.0
6012,0,0,LOW,0.0,0.018288673224651716,0,LOW,0.0
6013,0,0,LOW,0.0,0.5373885687876473,1,REVIEW,
6014,0,0,LOW,0.0,0.6996246840038937,1,REVIEW,
6015,0,10,LOW,0.0,0.6054890904870158,1,REVIEW,
6016,0,0,LOW,0.0,0.010886630780410396,0,LOW,0.0
6017,0,0,LOW,0.0,0.2328678931261843,0,LOW,0.0
6018,0,0,LOW,0.0,0.1073821657468397,0,LOW,0.0
6019,0,0,LOW,0.0,0.13701424066224513,0,LOW,0.0
6020,0,0,LOW,0.0,0.9102783977564068,1,REVIEW,
6021,0,0,LOW,0.0,0.06983260858147898,0,LOW,0.0
6022,0,0,LOW,0.0,0.22777553203053416,0,LOW,0.0
6023,0,0,LOW,0.0,0.8448893356934932,1,REVIEW,
6024,0,0,LOW,0.0,0.6587979871884394,1,REVIEW,
6025,0,0,LOW,0.0,0.5420064970677506,1,REVIEW,
6026,0,10,LOW,0.0,0.21254181306476602,0,LOW,0.0
6027,0,0,LOW,0.0,0.1090489396443142,0,LOW,0.0
6028,0,0,LOW,0.0,0.31248585274929486,0,LOW,0.0
6029,0,0,LOW,0.0,0.3443536488023427,0,LOW,0.0
6030,0,0,LOW,0.0,0.3094290932277363,0,LOW,0.0
6031,0,0,LOW,0.0,0.038842062583913206,0,LOW,0.0
6032,0,0,LOW,0.0,0.19289524613721185,0,LOW,0.0
6033,0,0,LOW,0.0,0.3794627047326296,0,LOW,0.0
6034,0,0,LOW,0.0,0.23600612791157835,0,LOW,0.0
6035,0,0,LOW,0.0,0.15593432339108398,0,LOW,0.0
6036,0,0,LOW,0.0,0.02014395042763187,0,LOW,0.0
6037,0,0,LOW,0.0,0.20892211202822275,0,LOW,0.0
6038,0,0,LOW,0.0,0.590472891341381,1,REVIEW,
6039,0,0,LOW,0.0,0.007853226849264299,0,LOW,0.0
6040,0,0,LOW,0.0,0.10490106589525242,0,LOW,0.0
6041,0,0,LOW,0.0,0.29416189839406115,0,LOW,0.0
6042,0,0,LOW,0.0,0.3574523126556563,0,LOW,0.0
6043,0,0,LOW,0.0,0.22029343479957642,0,LOW,0.0
6044,0,0,LOW,0.0,0.3158123125330123,0,LOW,0.0
6045,0,0,LOW,0.0,0.1732801699115279,0,LOW,0.0
6046,0,0,LOW,0.0,0.08049812263310424,0,LOW,0.0
6047,0,10,LOW,0.0,0.12446814850289074,0,LOW,0.0
6048,0,10,LOW,0.0,0.30581284053097996,0,LOW,0.0
6049,0,10,LOW,0.0,0.5831591022404221,1,REVIEW,
6050,0,0,LOW,0.0,0.6205035543810061,1,REVIEW,
6051,0,0,LOW,0.0,0.05075981685435146,0,LOW,0.0
6052,0,0,LOW,0.0,0.14689583180577534,0,LOW,0.0
6053,0,0,LOW,0.0,0.33460343627371525,0,LOW,0.0
6054,0,10,LOW,0.0,0.29955963627754023,0,LOW,0.0
6055,0,0,LOW,0.0,0.5595167538580798,1,REVIEW,
6056,0,0,LOW,0.0,0.17567310939895803,0,LOW,0.0
6057,0,10,LOW,0.0,0.15120973897558487,0,LOW,0.0
6058,0,0,LOW,0.0,0.0870957496169033,0,LOW,0.0
6059,0,0,LOW,0.0,0.13806779614620196,0,LOW,0.0
6060,0,10,LOW,0.0,0.3133410019892953,0,LOW,0.0
6061,0,0,LOW,0.0,0.4757283456655964,0,LOW,0.0
6062,0,0,LOW,0.0,0.06112649811228335,0,LOW,0.0
6063,0,0,LOW,0.0,0.2078686955086816,0,LOW,0.0
6064,0,0,LOW,0.0,0.11812172801543115,0,LOW,0.0
6065,0,0,LOW,0.0,0.2264013655624847,0,LOW,0.0
6066,0,0,LOW,0.0,0.21393964702239052,0,LOW,0.0
6067,0,10,LOW,0.0,0.38721247666964986,0,LOW,0.0
6068,0,0,LOW,0.0,0.021396868704730957,0,LOW,0.0
6069,0,10,LOW,0.0,0.47534344338991513,0,LOW,0.0
6070,0,0,LOW,0.0,0.1289592469071643,0,LOW,0.0
6071,0,0,LOW,0.0,0.4927635879224085,0,LOW,0.0
6072,0,0,LOW,0.0,0.04623153210977052,0,LOW,0.0
6073,0,0,LOW,0.0,0.3683639284826704,0,LOW,0.0
6074,0,0,LOW,0.0,0.25113059885081634,0,LOW,0.0
6075,0,0,LOW,0.0,0.48348338245407513,0,LOW,0.0
6076,0,0,LOW,0.0,0.24306639303470884,0,LOW,0.0
6077,0,0,LOW,0.0,0.07769423248786805,0,LOW,0.0
6078,0,0,LOW,0.0,0.6078627906522353,1,REVIEW,
6079,0,0,LOW,0.0,0.11020307616159024,0,LOW,0.0
6080,0,10,LOW,0.0,0.27924230001961725,0,LOW,0.0
6081,0,0,LOW,0.0,0.5838321061994058,1,REVIEW,
6082,0,0,LOW,0.0,0.20219730904677208,0,LOW,0.0
6083,0,0,LOW,0.0,0.12050022671265072,0,LOW,0.0
6084,0,0,LOW,0.0,0.5648253033067815,1,REVIEW,
6085,0,0,LOW,0.0,0.17517244957297134,0,LOW,0.0
6086,0,0,LOW,0.0,0.36562186280174236,0,LOW,0.0
6087,0,0,LOW,0.0,0.017967508820856647,0,LOW,0.0
6088,0,0,LOW,0.0,0.08262799426785235,0,LOW,0.0
6089,0,0,LOW,0.0,0.5122529525739313,1,REVIEW,
6090,0,0,LOW,0.0,0.5144649681747697,1,REVIEW,
6091,0,0,LOW,0.0,0.029367360938513755,0,LOW,0.0
6092,0,0,LOW,0.0,0.730073212558819,1,REVIEW,
6093,0,0,LOW,0.0,0.6635313999691208,1,REVIEW,
6094,0,0,LOW,0.0,0.16137337200422852,0,LOW,0.0
6095,0,0,LOW,0.0,0.4773808927309388,0,LOW,0.0
6096,0,0,LOW,0.0,0.32823547270343517,0,LOW,0.0
6097,0,0,LOW,0.0,0.05241655937572178,0,LOW,0.0
6098,0,0,LOW,0.0,0.6267658741231282,1,REVIEW,
6099,0,0,LOW,0.0,0.10874341200163265,0,LOW,0.0
6100,0,0,LOW,0.0,0.427453526449511,0,LOW,0.0
6101,0,0,LOW,0.0,0.09950843310850434,0,LOW,0.0
6102,0,0,LOW,0.0,0.8531687867925316,1,REVIEW,
6103,0,0,LOW,0.0,0.1044970141535552,0,LOW,0.0
6104,0,0,LOW,0.0,0.4251200057892657,0,LOW,0.0
6105,0,0,LOW,0.0,0.561663679573897,1,REVIEW,
6106,0,0,LOW,0.0,0.012633867680705606,0,LOW,0.0
6107,0,0,LOW,0.0,0.7206299379501729,1,REVIEW,
6108,0,0,LOW,0.0,0.37981373872047064,0,LOW,0.0
6109,0,0,LOW,0.0,0.3141720266144515,0,LOW,0.0
6110,0,0,LOW,0.0,0.25341675636269756,0,LOW,0.0
6111,0,0,LOW,0.0,0.022492453671320557,0,LOW,0.0
6112,0,0,LOW,0.0,0.6131927252428147,1,REVIEW,
6113,0,0,LOW,0.0,0.08272108816612571,0,LOW,0.0
6114,0,0,LOW,0.0,0.3716116686928585,0,LOW,0.0
6115,0,0,LOW,0.0,0.3348280571985165,0,LOW,0.0
6116,0,0,LOW,0.0,0.011650233838854378,0,LOW,0.0
6117,0,0,LOW,0.0,0.13679805139580078,0,LOW,0.0
6118,0,0,LOW,0.0,0.10154482512902774,0,LOW,0.0
6119,0,0,LOW,0.0,0.09394318768013436,0,LOW,0.0
6120,0,0,LOW,0.0,0.41932197634463186,0,LOW,0.0
6121,0,0,LOW,0.0,0.05116346718977017,0,LOW,0.0
6122,0,0,LOW,0.0,0.2953486455267338,0,LOW,0.0
6123,0,0,LOW,0.0,0.07982627817859692,0,LOW,0.0
6124,0,0,LOW,0.0,0.09242047213632926,0,LOW,0.0
6125,0,0,LOW,0.0,0.5138099589224259,1,REVIEW,
6126,0,0,LOW,0.0,0.02555666156629517,0,LOW,0.0
6127,0,0,LOW,0.0,0.5337346982353068,1,REVIEW,
6128,0,0,LOW,0.0,0.30002690697412887,0,LOW,0.0
6129,0,0,LOW,0.0,0.10560872892236173,0,LOW,0.0
6130,0,0,LOW,0.0,0.20965327466942382,0,LOW,0.0
6131,0,0,LOW,0.0,0.08758942232873984,0,LOW,0.0
6132,0,0,LOW,0.0,0.196763840210476,0,LOW,0.0
6133,0,0,LOW,0.0,0.055779507662971316,0,LOW,0.0
6134,0,10,LOW,0.0,0.3949430903657186,0,LOW,0.0
6135,0,0,LOW,0.0,0.863604935741051,1,REVIEW,
6136,0,0,LOW,0.0,0.00641428439030094,0,LOW,0.0
6137,0,0,LOW,0.0,0.02458961448492551,0,LOW,0.0
6138,0,0,LOW,0.0,0.15579075632331077,0,LOW,0.0
6139,0,0,LOW,0.0,0.16555220267223067,0,LOW,0.0
6140,0,0,LOW,0.0,0.11117138535556087,0,LOW,0.0
6141,0,0,LOW,0.0,0.10558752943746548,0,LOW,0.0
6142,0,0,LOW,0.0,0.06845550491706187,0,LOW,0.0
6143,0,0,LOW,0.0,0.5887247777404866,1,REVIEW,
6144,0,0,LOW,0.0,0.31046119632617203,0,LOW,0.0
6145,0,0,LOW,0.0,0.13757096402404556,0,LOW,0.0
6146,0,10,LOW,0.0,0.009879749255974866,0,LOW,0.0
6147,0,10,LOW,0.0,0.14155769661275563,0,LOW,0.0
6148,0,0,LOW,0.0,0.04818499961376131,0,LOW,0.0
6149,0,0,LOW,0.0,0.22104387339513254,0,LOW,0.0
6150,0,0,LOW,0.0,0.5000912546283109,1,REVIEW,
6151,0,0,LOW,0.0,0.2973124919485974,0,LOW,0.0
6152,0,0,LOW,0.0,0.17192039739842918,0,LOW,0.0
6153,0,0,LOW,0.0,0.10888247495872946,0,LOW,0.0
6154,0,0,LOW,0.0,0.5416988497683396,1,REVIEW,
6155,0,10,LOW,0.0,0.05501664802620554,0,LOW,0.0
6156,0,0,LOW,0.0,0.036172470963868296,0,LOW,0.0
6157,0,0,LOW,0.0,0.19592256755686174,0,LOW,0.0
6158,0,0,LOW,0.0,0.2952479755658289,0,LOW,0.0
6159,0,0,LOW,0.0,0.25454355920533417,0,LOW,0.0
6160,0,0,LOW,0.0,0.18019645017026115,0,LOW,0.0
6161,0,0,LOW,0.0,0.2571110045509886,0,LOW,0.0
6162,0,0,LOW,0.0,0.7084480611364377,1,REVIEW,
6163,0,0,LOW,0.0,0.27595271667457627,0,LOW,0.0
6164,0,0,LOW,0.0,0.3914472121135449,0,LOW,0.0
6165,0,0,LOW,0.0,0.41916771490975674,0,LOW,0.0
6166,0,0,LOW,0.0,0.2696723576183284,0,LOW,0.0
6167,0,0,LOW,0.0,0.256662366192378,0,LOW,0.0
6168,0,0,LOW,0.0,0.8162946097601029,1,REVIEW,
6169,0,0,LOW,0.0,0.2709084971384167,0,LOW,0.0
6170,0,0,LOW,0.0,0.4364029419182003,0,LOW,0.0
6171,0,0,LOW,0.0,0.20812961207496725,0,LOW,0.0
6172,0,0,LOW,0.0,0.25484611125036977,0,LOW,0.0
6173,0,0,LOW,0.0,0.39271344334885905,0,LOW,0.0
6174,0,0,LOW,0.0,0.40029962772553984,0,LOW,0.0
6175,0,0,LOW,0.0,0.2905821086864549,0,LOW,0.0
6176,0,10,LOW,0.0,0.13846757315648223,0,LOW,0.0
6177,0,0,LOW,0.0,0.5009332377365263,1,REVIEW,
6178,0,0,LOW,0.0,0.0727725093606354,0,LOW,0.0
6179,0,0,LOW,0.0,0.40605409914009766,0,LOW,0.0
6180,0,0,LOW,0.0,0.4233416624262484,0,LOW,0.0
6181,0,0,LOW,0.0,0.18593823363643314,0,LOW,0.0
6182,0,0,LOW,0.0,0.477239396198452,0,LOW,0.0
6183,0,0,LOW,0.0,0.2647041530148384,0,LOW,0.0
6184,0,0,LOW,0.0,0.7489686446423706,1,REVIEW,
6185,0,0,LOW,0.0,0.6259862054294958,1,REVIEW,
6186,0,0,LOW,0.0,0.7253112682717086,1,REVIEW,
6187,0,0,LOW,0.0,0.8717734821032145,1,REVIEW,
6188,0,0,LOW,0.0,0.6096578312137143,1,REVIEW,
6189,0,0,LOW,0.0,0.28077424983407845,0,LOW,0.0
6190,0,0,LOW,0.0,0.5059944850356503,1,REVIEW,
6191,0,0,LOW,0.0,0.3180318875888768,0,LOW,0.0
6192,0,0,LOW,0.0,0.5734611703300632,1,REVIEW,
6193,0,0,LOW,0.0,0.5510110149469608,1,REVIEW,
6194,0,0,LOW,0.0,0.506298091774711,1,REVIEW,
6195,0,0,LOW,0.0,0.7287367326668956,1,REVIEW,
6196,0,0,LOW,0.0,0.4727689764370599,0,LOW,0.0
6197,0,0,LOW,0.0,0.82929940572095,1,REVIEW,
6198,0,0,LOW,0.0,0.5750008337452414,1,REVIEW,
6199,0,0,LOW,0.0,0.1474916434792289,0,LOW,0.0
6200,0,0,LOW,0.0,0.6374501149043721,1,REVIEW,
6201,0,0,LOW,0.0,0.24104811025363823,0,LOW,0.0
6202,0,0,LOW,0.0,0.42427868972453026,0,LOW,0.0
6203,0,0,LOW,0.0,0.44196066853859406,0,LOW,0.0
6204,0,0,LOW,0.0,0.381464010751746,0,LOW,0.0
6205,0,0,LOW,0.0,0.276136695126012,0,LOW,0.0
6206,0,0,LOW,0.0,0.8655974786446485,1,REVIEW,
6207,0,0,LOW,0.0,0.5564428437580634,1,REVIEW,
6208,0,0,LOW,0.0,0.4116063712874541,0,LOW,0.0
6209,0,0,LOW,0.0,0.24788740465177628,0,LOW,0.0
6210,0,0,LOW,0.0,0.6439352251260148,1,REVIEW,
6211,0,0,LOW,0.0,0.5745054682400047,1,REVIEW,
6212,0,0,LOW,0.0,0.3124247538677273,0,LOW,0.0
6213,0,0,LOW,0.0,0.6938618147163089,1,REVIEW,
6214,0,0,LOW,0.0,0.566106479014288,1,REVIEW,
6215,0,0,LOW,0.0,0.27994434696577125,0,LOW,0.0
6216,0,0,LOW,0.0,0.46110632839960003,0,LOW,0.0
6217,0,0,LOW,0.0,0.6021934071574732,1,REVIEW,
6218,0,0,LOW,0.0,0.34237137507901044,0,LOW,0.0
6219,0,0,LOW,0.0,0.6333940976429463,1,REVIEW,
6220,0,10,LOW,0.0,0.21208033661246137,0,LOW,0.0
6221,0,0,LOW,0.0,0.6828416763122507,1,REVIEW,
6222,0,0,LOW,0.0,0.21442103149295827,0,LOW,0.0
6223,0,10,LOW,0.0,0.19777267885726754,0,LOW,0.0
6224,0,0,LOW,0.0,0.534540609264699,1,REVIEW,
6225,0,0,LOW,0.0,0.4507127510429843,0,LOW,0.0
6226,0,0,LOW,0.0,0.4658127694994731,0,LOW,0.0
6227,0,0,LOW,0.0,0.2680706989616378,0,LOW,0.0
6228,0,0,LOW,0.0,0.6176711362783875,1,REVIEW,
6229,0,0,LOW,0.0,0.7499047628018883,1,REVIEW,
6230,0,0,LOW,0.0,0.3874995516650128,0,LOW,0.0
6231,0,0,LOW,0.0,0.3324213526112158,0,LOW,0.0
6232,0,0,LOW,0.0,0.2678943397217184,0,LOW,0.0
6233,0,0,LOW,0.0,0.06892829020307918,0,LOW,0.0
6234,0,0,LOW,0.0,0.6261420456074381,1,REVIEW,
6235,0,0,LOW,0.0,0.1459548572603557,0,LOW,0.0
6236,0,0,LOW,0.0,0.5020004719465225,1,REVIEW,
6237,0,0,LOW,0.0,0.8803185862844888,1,REVIEW,
6238,0,0,LOW,0.0,0.44181621351381845,0,LOW,0.0
6239,0,0,LOW,0.0,0.1937862321319551,0,LOW,0.0
6240,0,0,LOW,0.0,0.2760233442287458,0,LOW,0.0
6241,0,0,LOW,0.0,0.38645924463818304,0,LOW,0.0
6242,0,0,LOW,0.0,0.17775631230466013,0,LOW,0.0
6243,0,10,LOW,0.0,0.09888974296810113,0,LOW,0.0
6244,0,0,LOW,0.0,0.10266537243247632,0,LOW,0.0
6245,0,0,LOW,0.0,0.4867540855769047,0,LOW,0.0
6246,0,0,LOW,0.0,0.565849521436536,1,REVIEW,
6247,0,0,LOW,0.0,0.25131635809155517,0,LOW,0.0
6248,0,0,LOW,0.0,0.1407222613850338,0,LOW,0.0
6249,0,0,LOW,0.0,0.7017714129743453,1,REVIEW,
6250,0,0,LOW,0.0,0.07162068290351739,0,LOW,0.0
6251,0,0,LOW,0.0,0.4499051696424526,0,LOW,0.0
6252,0,0,LOW,0.0,0.5623707361936906,1,REVIEW,
6253,0,0,LOW,0.0,0.5139701538406714,1,REVIEW,
6254,0,0,LOW,0.0,0.3789526201565019,0,LOW,0.0
6255,0,0,LOW,0.0,0.558161762026463,1,REVIEW,
6256,0,0,LOW,0.0,0.39915467402738986,0,LOW,0.0
6257,0,0,LOW,0.0,0.23331467910640166,0,LOW,0.0
6258,0,0,LOW,0.0,0.23486570106434437,0,LOW,0.0
6259,0,0,LOW,0.0,0.08791629463285133,0,LOW,0.0
6260,0,0,LOW,0.0,0.0699342145915848,0,LOW,0.0
6261,0,0,LOW,0.0,0.3289306666157349,0,LOW,0.0
6262,0,0,LOW,0.0,0.1570567548151673,0,LOW,0.0
6263,0,0,LOW,0.0,0.08115899258264267,0,LOW,0.0
6264,0,10,LOW,0.0,0.35271524016754374,0,LOW,0.0
6265,0,0,LOW,0.0,0.16373992558446945,0,LOW,0.0
6266,0,0,LOW,0.0,0.11644095814616741,0,LOW,0.0
6267,0,10,LOW,0.0,0.3263067318534957,0,LOW,0.0
6268,0,0,LOW,0.0,0.22736746547900027,0,LOW,0.0
6269,0,0,LOW,0.0,0.19745101120152683,0,LOW,0.0
6270,0,0,LOW,0.0,0.031761135259521824,0,LOW,0.0
6271,0,0,LOW,0.0,0.13189636990719297,0,LOW,0.0
6272,0,0,LOW,0.0,0.560975073887338,1,REVIEW,
6273,0,0,LOW,0.0,0.050631189043040856,0,LOW,0.0
6274,0,0,LOW,0.0,0.41685922029955497,0,LOW,0.0
6275,0,10,LOW,0.0,0.0480147578172891,0,LOW,0.0
6276,0,10,LOW,0.0,0.10158347866640881,0,LOW,0.0
6277,0,10,LOW,0.0,0.17685365804469524,0,LOW,0.0
6278,0,0,LOW,0.0,0.4119673946211332,0,LOW,0.0
6279,0,0,LOW,0.0,0.037479648415944845,0,LOW,0.0
6280,0,0,LOW,0.0,0.040769269632740156,0,LOW,0.0
6281,0,0,LOW,0.0,0.06052321122318386,0,LOW,0.0
6282,0,10,LOW,0.0,0.32797812765444,0,LOW,0.0
6283,0,0,LOW,0.0,0.4461654209786729,0,LOW,0.0
6284,0,0,LOW,0.0,0.15821952390735144,0,LOW,0.0
6285,0,0,LOW,0.0,0.02047408672890102,0,LOW,0.0
6286,0,0,LOW,0.0,0.22965709862519135,0,LOW,0.0
6287,0,0,LOW,0.0,0.19245174341487414,0,LOW,0.0
6288,0,10,LOW,0.0,0.3954353739116598,0,LOW,0.0
6289,0,0,LOW,0.0,0.0719675875851097,0,LOW,0.0
6290,0,0,LOW,0.0,0.04378867344451091,0,LOW,0.0
6291,0,0,LOW,0.0,0.1913246010460546,0,LOW,0.0
6292,0,0,LOW,0.0,0.48358194391093595,0,LOW,0.0
6293,0,0,LOW,0.0,0.01714744493185479,0,LOW,0.0
6294,0,0,LOW,0.0,0.026038525819780865,0,LOW,0.0
6295,0,0,LOW,0.0,0.010723046371757408,0,LOW,0.0
6296,0,0,LOW,0.0,0.0338054117165514,0,LOW,0.0
6297,0,0,LOW,0.0,0.8047911697634653,1,REVIEW,
6298,0,0,LOW,0.0,0.2721995608086027,0,LOW,0.0
6299,0,0,LOW,0.0,0.5238483299062981,1,REVIEW,
6300,0,0,LOW,0.0,0.009576285124572365,0,LOW,0.0
6301,0,0,LOW,0.0,0.2832357850078578,0,LOW,0.0
6302,0,0,LOW,0.0,0.08891532488996466,0,LOW,0.0
6303,0,0,LOW,0.0,0.05433442855070926,0,LOW,0.0
6304,0,0,LOW,0.0,0.5380371946573813,1,REVIEW,
6305,0,0,LOW,0.0,0.15490049537807773,0,LOW,0.0
6306,0,0,LOW,0.0,0.11228200311482973,0,LOW,0.0
6307,0,0,LOW,0.0,0.6590624827032847,1,REVIEW,
6308,0,0,LOW,0.0,0.4933810477446124,0,LOW,0.0
6309,0,0,LOW,0.0,0.2374772104069622,0,LOW,0.0
6310,0,0,LOW,0.0,0.2073484628520243,0,LOW,0.0
6311,0,0,LOW,0.0,0.8887856871933585,1,REVIEW,
6312,0,0,LOW,0.0,0.11263704175606322,0,LOW,0.0
6313,0,0,LOW,0.0,0.19643645687830322,0,LOW,0.0
6314,0,0,LOW,0.0,0.8724721013348365,1,REVIEW,
6315,0,0,LOW,0.0,0.4896910313690816,0,LOW,0.0
6316,0,0,LOW,0.0,0.7024616118127307,1,REVIEW,
6317,0,0,LOW,0.0,0.2940572911004565,0,LOW,0.0
6318,0,0,LOW,0.0,0.37417160006283373,0,LOW,0.0
6319,0,0,LOW,0.0,0.3848415305709592,0,LOW,0.0
6320,0,10,LOW,0.0,0.09531861322163183,0,LOW,0.0
6321,0,0,LOW,0.0,0.1468676798157242,0,LOW,0.0
6322,0,0,LOW,0.0,0.8055442158263194,1,REVIEW,
6323,0,0,LOW,0.0,0.24461225609869822,0,LOW,0.0
6324,0,0,LOW,0.0,0.2923979002511747,0,LOW,0.0
6325,0,0,LOW,0.0,0.14965407899503713,0,LOW,0.0
6326,0,0,LOW,0.0,0.38805839300229567,0,LOW,0.0
6327,0,0,LOW,0.0,0.7220719247735564,1,REVIEW,
6328,0,0,LOW,0.0,0.12347153778583102,0,LOW,0.0
6329,0,0,LOW,0.0,0.7270231612963597,1,REVIEW,
6330,0,0,LOW,0.0,0.18569818159118925,0,LOW,0.0
6331,0,0,LOW,0.0,0.08576657766700488,0,LOW,0.0
6332,0,0,LOW,0.0,0.0792788522687877,0,LOW,0.0
6333,0,0,LOW,0.0,0.19936611361970902,0,LOW,0.0
6334,0,0,LOW,0.0,0.01821522637238235,0,LOW,0.0
6335,0,0,LOW,0.0,0.12272255866594324,0,LOW,0.0
6336,0,0,LOW,0.0,0.7783058317195107,1,REVIEW,
6337,0,0,LOW,0.0,0.17466222762689038,0,LOW,0.0
6338,0,0,LOW,0.0,0.7124751479900235,1,REVIEW,
6339,0,0,LOW,0.0,0.04730277803862275,0,LOW,0.0
6340,0,0,LOW,0.0,0.9394816254291168,1,REVIEW,
6341,0,0,LOW,0.0,0.18284563638381365,0,LOW,0.0
6342,0,0,LOW,0.0,0.1810915635015615,0,LOW,0.0
6343,0,0,LOW,0.0,0.4016815961545394,0,LOW,0.0
6344,0,0,LOW,0.0,0.21168200004053914,0,LOW,0.0
6345,0,0,LOW,0.0,0.7974220873220325,1,REVIEW,
6346,0,0,LOW,0.0,0.10445009796930854,0,LOW,0.0
6347,0,0,LOW,0.0,0.4674134953471128,0,LOW,0.0
6348,0,10,LOW,0.0,0.38097697005473113,0,LOW,0.0
6349,0,0,LOW,0.0,0.1884844586082139,0,LOW,0.0
6350,0,0,LOW,0.0,0.2432981952334329,0,LOW,0.0
6351,0,0,LOW,0.0,0.29541351999014687,0,LOW,0.0
6352,0,0,LOW,0.0,0.04044422279940429,0,LOW,0.0
6353,0,0,LOW,0.0,0.5486519405524786,1,REVIEW,
6354,0,0,LOW,0.0,0.022672791367840825,0,LOW,0.0
6355,0,0,LOW,0.0,0.41998419548666804,0,LOW,0.0
6356,0,0,LOW,0.0,0.12146667021374206,0,LOW,0.0
6357,0,0,LOW,0.0,0.05050916923754915,0,LOW,0.0
6358,0,0,LOW,0.0,0.18707770019723607,0,LOW,0.0
6359,0,0,LOW,0.0,0.021223209933555996,0,LOW,0.0
6360,0,0,LOW,0.0,0.19321832881937584,0,LOW,0.0
6361,0,0,LOW,0.0,0.28249260399009946,0,LOW,0.0
6362,0,0,LOW,0.0,0.627464027804316,1,REVIEW,
6363,0,0,LOW,0.0,0.40063389003047206,0,LOW,0.0
6364,0,0,LOW,0.0,0.11324651218758457,0,LOW,0.0
6365,0,0,LOW,0.0,0.2821498430371086,0,LOW,0.0
6366,0,0,LOW,0.0,0.05055915434074317,0,LOW,0.0
6367,0,0,LOW,0.0,0.3298600522614724,0,LOW,0.0
6368,0,0,LOW,0.0,0.07231670740772674,0,LOW,0.0
6369,0,0,LOW,0.0,0.0791347503997639,0,LOW,0.0
6370,0,0,LOW,0.0,0.4380159029382153,0,LOW,0.0
6371,0,0,LOW,0.0,0.7001892714355186,1,REVIEW,
6372,0,0,LOW,0.0,0.8216167553082873,1,REVIEW,
6373,0,0,LOW,0.0,0.6260999923577165,1,REVIEW,
6374,0,0,LOW,0.0,0.24778923851937168,0,LOW,0.0
6375,0,0,LOW,0.0,0.22442278572353874,0,LOW,0.0
6376,0,0,LOW,0.0,0.6474963569317439,1,REVIEW,
6377,0,0,LOW,0.0,0.31449630377695725,0,LOW,0.0
6378,0,0,LOW,0.0,0.14137658321968288,0,LOW,0.0
6379,0,0,LOW,0.0,0.01501650335285602,0,LOW,0.0
6380,0,0,LOW,0.0,0.21093703691881632,0,LOW,0.0
6381,0,0,LOW,0.0,0.31161849153954746,0,LOW,0.0
6382,0,0,LOW,0.0,0.5906031004487654,1,REVIEW,
6383,0,0,LOW,0.0,0.4731848577226127,0,LOW,0.0
6384,0,0,LOW,0.0,0.1467502649351344,0,LOW,0.0
6385,0,0,LOW,0.0,0.22928881642812748,0,LOW,0.0
6386,0,0,LOW,0.0,0.23986545069188525,0,LOW,0.0
6387,0,0,LOW,0.0,0.11502230793701876,0,LOW,0.0
6388,0,0,LOW,0.0,0.08428779798587023,0,LOW,0.0
6389,0,0,LOW,0.0,0.152437025190939,0,LOW,0.0
6390,0,10,LOW,0.0,0.08287926594926906,0,LOW,0.0
6391,0,0,LOW,0.0,0.4863591258867049,0,LOW,0.0
6392,0,0,LOW,0.0,0.06218392118205487,0,LOW,0.0
6393,0,0,LOW,0.0,0.504057145148729,1,REVIEW,
6394,0,0,LOW,0.0,0.11077275105419816,0,LOW,0.0
6395,0,0,LOW,0.0,0.045475996316588524,0,LOW,0.0
6396,0,0,LOW,0.0,0.44682459047474393,0,LOW,0.0
6397,0,0,LOW,0.0,0.42069978648505524,0,LOW,0.0
6398,0,0,LOW,0.0,0.31728317997273386,0,LOW,0.0
6399,0,10,LOW,0.0,0.09823138860784822,0,LOW,0.0
6400,0,0,LOW,0.0,0.35025777630362326,0,LOW,0.0
6401,0,10,LOW,0.0,0.07625629885585798,0,LOW,0.0
6402,0,10,LOW,0.0,0.35616001450747625,0,LOW,0.0
6403,0,0,LOW,0.0,0.11676634508187685,0,LOW,0.0
6404,0,0,LOW,0.0,0.0975752898386948,0,LOW,0.0
6405,0,10,LOW,0.0,0.1621188970903048,0,LOW,0.0
6406,0,0,LOW,0.0,0.12819274041548293,0,LOW,0.0
6407,0,0,LOW,0.0,0.32095951814272744,0,LOW,0.0
6408,0,0,LOW,0.0,0.43517443750748325,0,LOW,0.0
6409,0,0,LOW,0.0,0.6080623655864785,1,REVIEW,
6410,0,0,LOW,0.0,0.08472408005373486,0,LOW,0.0
6411,0,0,LOW,0.0,0.6482059004835645,1,REVIEW,
6412,0,0,LOW,0.0,0.6524076438882926,1,REVIEW,
6413,0,0,LOW,0.0,0.1469009885408461,0,LOW,0.0
6414,0,0,LOW,0.0,0.19621646068405924,0,LOW,0.0
6415,0,0,LOW,0.0,0.48460111971627995,0,LOW,0.0
6416,0,0,LOW,0.0,0.14110825884529052,0,LOW,0.0
6417,0,0,LOW,0.0,0.4324829972157859,0,LOW,0.0
6418,0,0,LOW,0.0,0.6780640612487352,1,REVIEW,
6419,0,0,LOW,0.0,0.04261498312314639,0,LOW,0.0
6420,0,0,LOW,0.0,0.1222175623669591,0,LOW,0.0
6421,0,0,LOW,0.0,0.6592515053063608,1,REVIEW,
6422,0,0,LOW,0.0,0.7289143726578237,1,REVIEW,
6423,0,0,LOW,0.0,0.033251966100450774,0,LOW,0.0
6424,0,0,LOW,0.0,0.007546342895297169,0,LOW,0.0
6425,0,0,LOW,0.0,0.5750536206243276,1,REVIEW,
6426,0,0,LOW,0.0,0.21672574749300466,0,LOW,0.0
6427,0,0,LOW,0.0,0.22393156439196793,0,LOW,0.0
6428,0,0,LOW,0.0,0.07709094191477485,0,LOW,0.0
6429,0,0,LOW,0.0,0.029025621650825957,0,LOW,0.0
6430,0,0,LOW,0.0,0.3487531462089741,0,LOW,0.0
6431,0,10,LOW,0.0,0.13021678797721423,0,LOW,0.0
6432,0,0,LOW,0.0,0.19013112447751027,0,LOW,0.0
6433,0,0,LOW,0.0,0.41679001627869205,0,LOW,0.0
6434,0,0,LOW,0.0,0.02852721453048757,0,LOW,0.0
6435,0,0,LOW,0.0,0.059098506130997513,0,LOW,0.0
6436,0,0,LOW,0.0,0.5070870842578274,1,REVIEW,
6437,0,0,LOW,0.0,0.557565545581535,1,REVIEW,
6438,0,0,LOW,0.0,0.3174008184181338,0,LOW,0.0
6439,0,0,LOW,0.0,0.0052825910789261726,0,LOW,0.0
6440,0,0,LOW,0.0,0.13512078999907304,0,LOW,0.0
6441,0,0,LOW,0.0,0.8455995762209173,1,REVIEW,
6442,0,0,LOW,0.0,0.7024839922173086,1,REVIEW,
6443,0,0,LOW,0.0,0.2503067811754448,0,LOW,0.0
6444,0,0,LOW,0.0,0.11184851182985056,0,LOW,0.0
6445,0,0,LOW,0.0,0.273142841598696,0,LOW,0.0
6446,0,0,LOW,0.0,0.2900767911702271,0,LOW,0.0
6447,0,0,LOW,0.0,0.4214175058653707,0,LOW,0.0
6448,0,0,LOW,0.0,0.3713750280842596,0,LOW,0.0
6449,0,0,LOW,0.0,0.00339030896696185,0,LOW,0.0
6450,0,0,LOW,0.0,0.03194654797968774,0,LOW,0.0
6451,0,0,LOW,0.0,0.22823228565006282,0,LOW,0.0
6452,0,0,LOW,0.0,0.5792068763237107,1,REVIEW,
6453,0,0,LOW,0.0,0.22690517827335316,0,LOW,0.0
6454,0,0,LOW,0.0,0.04449418515120977,0,LOW,0.0
6455,0,0,LOW,0.0,0.2371386309720546,0,LOW,0.0
6456,0,0,LOW,0.0,0.49973413057091415,0,LOW,0.0
6457,0,0,LOW,0.0,0.755732092912099,1,REVIEW,
6458,0,0,LOW,0.0,0.0815366615917725,0,LOW,0.0
6459,0,0,LOW,0.0,0.34519231290756774,0,LOW,0.0
6460,0,0,LOW,0.0,0.025769109925939625,0,LOW,0.0
6461,0,0,LOW,0.0,0.008391682928187769,0,LOW,0.0
6462,0,0,LOW,0.0,0.4568785328518145,0,LOW,0.0
6463,0,0,LOW,0.0,0.46577786755461453,0,LOW,0.0
6464,0,0,LOW,0.0,0.06923143406566135,0,LOW,0.0
6465,0,0,LOW,0.0,0.19659400186995776,0,LOW,0.0
6466,0,0,LOW,0.0,0.051162188173622336,0,LOW,0.0
6467,0,0,LOW,0.0,0.4888930584777934,0,LOW,0.0
6468,0,0,LOW,0.0,0.7672696497162775,1,REVIEW,
6469,0,0,LOW,0.0,0.10313750675724487,0,LOW,0.0
6470,0,0,LOW,0.0,0.469220181051597,0,LOW,0.0
6471,0,0,LOW,0.0,0.07439668682225661,0,LOW,0.0
6472,0,0,LOW,0.0,0.09712186299378224,0,LOW,0.0
6473,0,0,LOW,0.0,0.4126514405272439,0,LOW,0.0
6474,0,0,LOW,0.0,0.17217326147144751,0,LOW,0.0
6475,0,0,LOW,0.0,0.031948591121411685,0,LOW,0.0
6476,0,0,LOW,0.0,0.49769333488091516,0,LOW,0.0
6477,0,0,LOW,0.0,0.20773030132059783,0,LOW,0.0
6478,0,0,LOW,0.0,0.7113845420217275,1,REVIEW,
6479,0,0,LOW,0.0,0.10279557731894974,0,LOW,0.0
6480,0,0,LOW,0.0,0.1940013751568759,0,LOW,0.0
6481,0,10,LOW,0.0,0.17675364648516176,0,LOW,0.0
6482,0,0,LOW,0.0,0.4793627916206909,0,LOW,0.0
6483,0,0,LOW,0.0,0.06007327899466406,0,LOW,0.0
6484,0,0,LOW,0.0,0.0695839603070386,0,LOW,0.0
6485,0,0,LOW,0.0,0.35384084972407304,0,LOW,0.0
6486,0,0,LOW,0.0,0.23818059203834274,0,LOW,0.0
6487,0,0,LOW,0.0,0.5554798388052872,1,REVIEW,
6488,0,0,LOW,0.0,0.049797567474233154,0,LOW,0.0
6489,0,0,LOW,0.0,0.024598019328006836,0,LOW,0.0
6490,0,0,LOW,0.0,0.16915742227936384,0,LOW,0.0
6491,0,0,LOW,0.0,0.30649918245084573,0,LOW,0.0
6492,0,10,LOW,0.0,0.05519044143915067,0,LOW,0.0
6493,0,0,LOW,0.0,0.17936984165959702,0,LOW,0.0
6494,0,0,LOW,0.0,0.3816760786684108,0,LOW,0.0
6495,0,0,LOW,0.0,0.00623787799853486,0,LOW,0.0
6496,0,0,LOW,0.0,0.21205896032658597,0,LOW,0.0
6497,0,0,LOW,0.0,0.75523680565734,1,REVIEW,
6498,0,0,LOW,0.0,0.409884922743351,0,LOW,0.0
6499,0,0,LOW,0.0,0.05524340043277643,0,LOW,0.0
6500,0,0,LOW,0.0,0.2526638583610294,0,LOW,0.0
6501,0,0,LOW,0.0,0.03599954504525741,0,LOW,0.0
6502,0,0,LOW,0.0,0.28169289856320917,0,LOW,0.0
6503,0,0,LOW,0.0,0.24276136882752278,0,LOW,0.0
6504,0,0,LOW,0.0,0.3173926068937791,0,LOW,0.0
6505,0,0,LOW,0.0,0.30906593075519334,0,LOW,0.0
6506,0,0,LOW,0.0,0.2658803302995774,0,LOW,0.0
6507,0,0,LOW,0.0,0.6933129225084089,1,REVIEW,
6508,0,0,LOW,0.0,0.09601861831035209,0,LOW,0.0
6509,0,0,LOW,0.0,0.3463875470632649,0,LOW,0.0
6510,0,0,LOW,0.0,0.767831684610184,1,REVIEW,
6511,0,0,LOW,0.0,0.31343787822295893,0,LOW,0.0
6512,0,0,LOW,0.0,0.5325298449411535,1,REVIEW,
6513,0,0,LOW,0.0,0.1865721057159469,0,LOW,0.0
6514,0,0,LOW,0.0,0.0638444844563988,0,LOW,0.0
6515,0,0,LOW,0.0,0.34038102696956607,0,LOW,0.0
6516,0,0,LOW,0.0,0.1897695211644669,0,LOW,0.0
6517,0,10,LOW,0.0,0.503540143140697,1,REVIEW,
6518,0,0,LOW,0.0,0.26239620804434216,0,LOW,0.0
6519,0,0,LOW,0.0,0.0993669243337478,0,LOW,0.0
6520,0,0,LOW,0.0,0.06334321032271227,0,LOW,0.0
6521,0,0,LOW,0.0,0.7516622759463849,1,REVIEW,
6522,0,0,LOW,0.0,0.7118934805375478,1,REVIEW,
6523,0,0,LOW,0.0,0.4189217417714664,0,LOW,0.0
6524,0,0,LOW,0.0,0.19437694402662684,0,LOW,0.0
6525,0,0,LOW,0.0,0.23660516894762715,0,LOW,0.0
6526,0,0,LOW,0.0,0.48514947259022384,0,LOW,0.0
6527,0,0,LOW,0.0,0.2666105042432741,0,LOW,0.0
6528,0,0,LOW,0.0,0.46015877526241117,0,LOW,0.0
6529,0,0,LOW,0.0,0.017946970252918925,0,LOW,0.0
6530,0,0,LOW,0.0,0.19136887263867355,0,LOW,0.0
6531,0,0,LOW,0.0,0.07371560803781106,0,LOW,0.0
6532,0,0,LOW,0.0,0.4007728959782596,0,LOW,0.0
6533,0,0,LOW,0.0,0.22257203424183034,0,LOW,0.0
6534,0,10,LOW,0.0,0.22318566860241806,0,LOW,0.0
6535,0,0,LOW,0.0,0.5629039948640587,1,REVIEW,
6536,0,10,LOW,0.0,0.18603682342986289,0,LOW,0.0
6537,0,0,LOW,0.0,0.5488036730445912,1,REVIEW,
6538,0,0,LOW,0.0,0.5015913271204177,1,REVIEW,
6539,0,10,LOW,0.0,0.28379189127055304,0,LOW,0.0
6540,0,0,LOW,0.0,0.06766151080485253,0,LOW,0.0
6541,0,0,LOW,0.0,0.11136290395264828,0,LOW,0.0
6542,0,0,LOW,0.0,0.7259692377486968,1,REVIEW,
6543,0,0,LOW,0.0,0.15085184933689152,0,LOW,0.0
6544,0,0,LOW,0.0,0.26324545230535623,0,LOW,0.0
6545,0,0,LOW,0.0,0.36493003174088773,0,LOW,0.0
6546,0,0,LOW,0.0,0.7466438624224376,1,REVIEW,
6547,0,0,LOW,0.0,0.6914329782600693,1,REVIEW,
6548,0,0,LOW,0.0,0.0604662869530498,0,LOW,0.0
6549,0,0,LOW,0.0,0.016473906495973616,0,LOW,0.0
6550,0,0,LOW,0.0,0.2967168092527694,0,LOW,0.0
6551,0,0,LOW,0.0,0.26602745913815384,0,LOW,0.0
6552,0,10,LOW,0.0,0.34455494783306845,0,LOW,0.0
6553,0,0,LOW,0.0,0.018863919027961057,0,LOW,0.0
6554,0,0,LOW,0.0,0.20026181554044606,0,LOW,0.0
6555,0,0,LOW,0.0,0.6229887869057728,1,REVIEW,
6556,0,0,LOW,0.0,0.7140957305053455,1,REVIEW,
6557,0,0,LOW,0.0,0.15289057955893265,0,LOW,0.0
6558,0,0,LOW,0.0,0.24964342325524386,0,LOW,0.0
6559,0,0,LOW,0.0,0.010698082722730722,0,LOW,0.0
6560,0,0,LOW,0.0,0.15244159503514798,0,LOW,0.0
6561,0,0,LOW,0.0,0.665913356548251,1,REVIEW,
6562,0,0,LOW,0.0,0.10541549520358807,0,LOW,0.0
6563,0,0,LOW,0.0,0.049400399803898654,0,LOW,0.0
6564,0,0,LOW,0.0,0.28332661913074986,0,LOW,0.0
6565,0,0,LOW,0.0,0.5115661483070203,1,REVIEW,
6566,0,0,LOW,0.0,0.24575326809629877,0,LOW,0.0
6567,0,0,LOW,0.0,0.526338632075768,1,REVIEW,
6568,0,0,LOW,0.0,0.10319492072384177,0,LOW,0.0
6569,0,0,LOW,0.0,0.7188265401412198,1,REVIEW,
6570,0,10,LOW,0.0,0.3115081212886014,0,LOW,0.0
6571,0,0,LOW,0.0,0.6055828861946203,1,REVIEW,
6572,0,15,LOW,0.0,0.9011260247882509,1,REVIEW,
6573,0,10,LOW,0.0,0.057721240144097366,0,LOW,0.0
6574,0,0,LOW,0.0,0.15989530244014327,0,LOW,0.0
6575,0,0,LOW,0.0,0.7227219332796928,1,REVIEW,
6576,0,0,LOW,0.0,0.4531029977302418,0,LOW,0.0
6577,0,0,LOW,0.0,0.5127106375129948,1,REVIEW,
6578,0,0,LOW,0.0,0.014810511046463797,0,LOW,0.0
6579,0,0,LOW,0.0,0.38428704109771966,0,LOW,0.0
6580,0,0,LOW,0.0,0.3225841560377475,0,LOW,0.0
6581,0,0,LOW,0.0,0.061044890702188145,0,LOW,0.0
6582,0,0,LOW,0.0,0.08030064429911005,0,LOW,0.0
6583,0,0,LOW,0.0,0.1591506734653323,0,LOW,0.0
6584,0,0,LOW,0.0,0.02455994662079396,0,LOW,0.0
6585,0,0,LOW,0.0,0.10473367515032458,0,LOW,0.0
6586,0,0,LOW,0.0,0.028324190176065456,0,LOW,0.0
6587,0,0,LOW,0.0,0.3608392769573629,0,LOW,0.0
6588,0,0,LOW,0.0,0.08414830524158648,0,LOW,0.0
6589,0,0,LOW,0.0,0.01318692054208657,0,LOW,0.0
6590,0,0,LOW,0.0,0.06145678926807325,0,LOW,0.0
6591,0,0,LOW,0.0,0.04056045922614579,0,LOW,0.0
6592,0,0,LOW,0.0,0.2788450121399614,0,LOW,0.0
6593,0,10,LOW,0.0,0.05348913818715147,0,LOW,0.0
6594,0,0,LOW,0.0,0.06075989862811911,0,LOW,0.0
6595,0,0,LOW,0.0,0.18125357051940988,0,LOW,0.0
6596,0,10,LOW,0.0,0.28626396255913633,0,LOW,0.0
6597,0,0,LOW,0.0,0.2681300124021496,0,LOW,0.0
6598,0,0,LOW,0.0,0.03278747404524055,0,LOW,0.0
6599,0,0,LOW,0.0,0.4372983758432449,0,LOW,0.0
6600,0,0,LOW,0.0,0.17102579292548228,0,LOW,0.0
6601,0,0,LOW,0.0,0.45085312919751197,0,LOW,0.0
6602,0,0,LOW,0.0,0.25873321543698824,0,LOW,0.0
6603,0,0,LOW,0.0,0.021355165379941088,0,LOW,0.0
6604,0,0,LOW,0.0,0.020347482571927887,0,LOW,0.0
6605,0,0,LOW,0.0,0.14160971558718297,0,LOW,0.0
6606,0,0,LOW,0.0,0.23960439258942648,0,LOW,0.0
6607,0,0,LOW,0.0,0.5545598193129232,1,REVIEW,
6608,0,10,LOW,0.0,0.1257789723096685,0,LOW,0.0
6609,0,0,LOW,0.0,0.011892070301490153,0,LOW,0.0
6610,0,0,LOW,0.0,0.43667583794580994,0,LOW,0.0
6611,0,10,LOW,0.0,0.7404981447090027,1,REVIEW,
6612,0,0,LOW,0.0,0.27095590076518183,0,LOW,0.0
6613,0,0,LOW,0.0,0.019671309748949484,0,LOW,0.0
6614,0,0,LOW,0.0,0.001825844262293766,0,LOW,0.0
6615,0,0,LOW,0.0,0.06963439119548694,0,LOW,0.0
6616,0,10,LOW,0.0,0.5837919574428821,1,REVIEW,
6617,0,0,LOW,0.0,0.2995237232106129,0,LOW,0.0
6618,0,0,LOW,0.0,0.17993700808655466,0,LOW,0.0
6619,0,0,LOW,0.0,0.2261964439861757,0,LOW,0.0
6620,0,15,LOW,0.0,0.4972541304092419,0,LOW,0.0
6621,0,0,LOW,0.0,0.10469560917782085,0,LOW,0.0
6622,0,0,LOW,0.0,0.16609082211644974,0,LOW,0.0
6623,0,0,LOW,0.0,0.10557195797234548,0,LOW,0.0
6624,0,0,LOW,0.0,0.0855727880919699,0,LOW,0.0
6625,0,10,LOW,0.0,0.05023672660891427,0,LOW,0.0
6626,0,0,LOW,0.0,0.25493389598962696,0,LOW,0.0
6627,0,0,LOW,0.0,0.07643504629793685,0,LOW,0.0
6628,0,0,LOW,0.0,0.11100794669696952,0,LOW,0.0
6629,0,0,LOW,0.0,0.12870133265259232,0,LOW,0.0
6630,0,0,LOW,0.0,0.008497121842804782,0,LOW,0.0
6631,0,0,LOW,0.0,0.43828669224706246,0,LOW,0.0
6632,0,0,LOW,0.0,0.07218653191313407,0,LOW,0.0
6633,0,0,LOW,0.0,0.0182923837809597,0,LOW,0.0
6634,0,0,LOW,0.0,0.08616933596186217,0,LOW,0.0
6635,0,0,LOW,0.0,0.5267515273820729,1,REVIEW,
6636,0,0,LOW,0.0,0.16597382613847123,0,LOW,0.0
6637,0,10,LOW,0.0,0.5560877600236154,1,REVIEW,
6638,0,0,LOW,0.0,0.007044163379926744,0,LOW,0.0
6639,0,0,LOW,0.0,0.21607940234101605,0,LOW,0.0
6640,0,0,LOW,0.0,0.17813354735989922,0,LOW,0.0
6641,0,0,LOW,0.0,0.17916641756850957,0,LOW,0.0
6642,0,0,LOW,0.0,0.48997544041897056,0,LOW,0.0
6643,0,0,LOW,0.0,0.017413376028181507,0,LOW,0.0
6644,0,10,LOW,0.0,0.46790023603905234,0,LOW,0.0
6645,0,0,LOW,0.0,0.729301049015906,1,REVIEW,
6646,0,0,LOW,0.0,0.3677201086021269,0,LOW,0.0
6647,0,0,LOW,0.0,0.36760362497254034,0,LOW,0.0
6648,0,0,LOW,0.0,0.5093061420503584,1,REVIEW,
6649,0,0,LOW,0.0,0.054228790794843405,0,LOW,0.0
6650,0,0,LOW,0.0,0.0504992574572816,0,LOW,0.0
6651,0,0,LOW,0.0,0.18986041209408255,0,LOW,0.0
6652,0,0,LOW,0.0,0.29726789872882575,0,LOW,0.0
6653,0,0,LOW,0.0,0.18908379727562646,0,LOW,0.0
6654,0,0,LOW,0.0,0.3551444859666697,0,LOW,0.0
6655,0,0,LOW,0.0,0.5727021276885788,1,REVIEW,
6656,0,0,LOW,0.0,0.4299176644977857,0,LOW,0.0
6657,0,0,LOW,0.0,0.17688815632602437,0,LOW,0.0
6658,0,0,LOW,0.0,0.2395639912754436,0,LOW,0.0
6659,0,10,LOW,0.0,0.3544513543042745,0,LOW,0.0
6660,0,0,LOW,0.0,0.042040025753226684,0,LOW,0.0
6661,0,0,LOW,0.0,0.22962825607646872,0,LOW,0.0
6662,0,0,LOW,0.0,0.20995093377990784,0,LOW,0.0
6663,0,0,LOW,0.0,0.00892954609851147,0,LOW,0.0
6664,0,0,LOW,0.0,0.18337910871292593,0,LOW,0.0
6665,0,0,LOW,0.0,0.401934526932136,0,LOW,0.0
6666,0,0,LOW,0.0,0.4099919755926511,0,LOW,0.0
6667,0,0,LOW,0.0,0.18903352705381118,0,LOW,0.0
6668,0,10,LOW,0.0,0.010544341871917322,0,LOW,0.0
6669,0,0,LOW,0.0,0.4548430641466451,0,LOW,0.0
6670,0,0,LOW,0.0,0.16496427635969638,0,LOW,0.0
6671,0,0,LOW,0.0,0.38569136446253866,0,LOW,0.0
6672,0,0,LOW,0.0,0.23628020112861642,0,LOW,0.0
6673,0,0,LOW,0.0,0.07672769807255753,0,LOW,0.0
6674,0,0,LOW,0.0,0.30825573999877787,0,LOW,0.0
6675,0,0,LOW,0.0,0.2302930920497781,0,LOW,0.0
6676,0,0,LOW,0.0,0.08920677953888216,0,LOW,0.0
6677,0,0,LOW,0.0,0.120716444784559,0,LOW,0.0
6678,0,0,LOW,0.0,0.08396213234769914,0,LOW,0.0
6679,0,0,LOW,0.0,0.21063635647411016,0,LOW,0.0
6680,0,0,LOW,0.0,0.2754461270844707,0,LOW,0.0
6681,0,0,LOW,0.0,0.862397432820439,1,REVIEW,
6682,0,0,LOW,0.0,0.035433814918481576,0,LOW,0.0
6683,0,0,LOW,0.0,0.034299467338307146,0,LOW,0.0
6684,0,0,LOW,0.0,0.4338882918645444,0,LOW,0.0
6685,0,0,LOW,0.0,0.02081153514487258,0,LOW,0.0
6686,0,0,LOW,0.0,0.0783225934009896,0,LOW,0.0
6687,0,0,LOW,0.0,0.7925177135476342,1,REVIEW,
6688,0,0,LOW,0.0,0.17666621454662496,0,LOW,0.0
6689,0,0,LOW,0.0,0.4442613268295338,0,LOW,0.0
6690,0,10,LOW,0.0,0.9157786955550871,1,REVIEW,
6691,0,0,LOW,0.0,0.45993831401077656,0,LOW,0.0
6692,0,0,LOW,0.0,0.24255888315135601,0,LOW,0.0
6693,0,0,LOW,0.0,0.04845769946401815,0,LOW,0.0
6694,0,0,LOW,0.0,0.07833625192596748,0,LOW,0.0
6695,0,0,LOW,0.0,0.36370517599420393,0,LOW,0.0
6696,0,0,LOW,0.0,0.48151015916217244,0,LOW,0.0
6697,0,0,LOW,0.0,0.5620774797158048,1,REVIEW,
6698,0,0,LOW,0.0,0.00777516771056194,0,LOW,0.0
6699,0,10,LOW,0.0,0.6494746215209012,1,REVIEW,
6700,0,0,LOW,0.0,0.11127470890687827,0,LOW,0.0
6701,0,0,LOW,0.0,0.7222212581505855,1,REVIEW,
6702,0,0,LOW,0.0,0.14865950193171992,0,LOW,0.0
6703,0,10,LOW,0.0,0.09657504400099899,0,LOW,0.0
6704,0,0,LOW,0.0,0.05115898133464057,0,LOW,0.0
6705,0,0,LOW,0.0,0.04168257351447011,0,LOW,0.0
6706,0,0,LOW,0.0,0.08202191482718411,0,LOW,0.0
6707,0,0,LOW,0.0,0.4039810895682316,0,LOW,0.0
6708,0,0,LOW,0.0,0.07283584819300333,0,LOW,0.0
6709,0,0,LOW,0.0,0.1221988776086243,0,LOW,0.0
6710,0,0,LOW,0.0,0.12934954152224087,0,LOW,0.0
6711,0,0,LOW,0.0,0.5865341914796306,1,REVIEW,
6712,0,0,LOW,0.0,0.27060504279763803,0,LOW,0.0
6713,0,0,LOW,0.0,0.4343973927579589,0,LOW,0.0
6714,0,0,LOW,0.0,0.29124231014653074,0,LOW,0.0
6715,0,0,LOW,0.0,0.12237365636670539,0,LOW,0.0
6716,0,0,LOW,0.0,0.3197163323487225,0,LOW,0.0
6717,0,0,LOW,0.0,0.3902058021040431,0,LOW,0.0
6718,0,10,LOW,0.0,0.11343759691702386,0,LOW,0.0
6719,0,0,LOW,0.0,0.044000912644601715,0,LOW,0.0
6720,0,0,LOW,0.0,0.08073966551393309,0,LOW,0.0
6721,0,0,LOW,0.0,0.33798902507347484,0,LOW,0.0
6722,0,0,LOW,0.0,0.31768869693376706,0,LOW,0.0
6723,0,0,LOW,0.0,0.10593712155580996,0,LOW,0.0
6724,0,0,LOW,0.0,0.10600411248978069,0,LOW,0.0
6725,0,0,LOW,0.0,0.4260828606520653,0,LOW,0.0
6726,0,0,LOW,0.0,0.4063825224652404,0,LOW,0.0
6727,0,0,LOW,0.0,0.6210862898877276,1,REVIEW,
6728,0,10,LOW,0.0,0.08981201177313079,0,LOW,0.0
6729,0,0,LOW,0.0,0.045717870398024156,0,LOW,0.0
6730,0,0,LOW,0.0,0.2815193439392505,0,LOW,0.0
6731,0,0,LOW,0.0,0.28892717176927435,0,LOW,0.0
6732,0,0,LOW,0.0,0.24766819247894398,0,LOW,0.0
6733,0,0,LOW,0.0,0.17514520913330134,0,LOW,0.0
6734,0,0,LOW,0.0,0.38503906994533327,0,LOW,0.0
6735,0,0,LOW,0.0,0.020638752512024704,0,LOW,0.0
6736,0,0,LOW,0.0,0.1779296204629059,0,LOW,0.0
6737,0,0,LOW,0.0,0.5328577547720594,1,REVIEW,
6738,0,10,LOW,0.0,0.043177667309802575,0,LOW,0.0
6739,0,0,LOW,0.0,0.2540138531530835,0,LOW,0.0
6740,0,0,LOW,0.0,0.0606891419928715,0,LOW,0.0
6741,0,0,LOW,0.0,0.17720217702897142,0,LOW,0.0
6742,0,0,LOW,0.0,0.12362142192010715,0,LOW,0.0
6743,0,0,LOW,0.0,0.010081579110842741,0,LOW,0.0
6744,0,0,LOW,0.0,0.6982943887605471,1,REVIEW,
6745,0,0,LOW,0.0,0.4038229245739416,0,LOW,0.0
6746,0,0,LOW,0.0,0.028368873278447452,0,LOW,0.0
6747,0,0,LOW,0.0,0.43335121718908276,0,LOW,0.0
6748,1,35,MEDIUM,,0.9867676425834642,1,HIGH,1.0
6749,1,30,MEDIUM,,0.7189316026877163,1,HIGH,1.0
6750,1,10,LOW,0.0,0.7860765176896294,1,REVIEW,
6751,1,0,LOW,0.0,0.18195382680630967,0,LOW,0.0
6752,1,20,LOW,0.0,0.08698416443169983,0,LOW,0.0
6753,1,45,MEDIUM,,0.9806298318484614,1,HIGH,1.0
6754,1,20,LOW,0.0,0.625785768646675,1,REVIEW,
6755,1,0,LOW,0.0,0.975557401454444,1,REVIEW,
6756,1,0,LOW,0.0,0.4850327951773659,0,LOW,0.0
6757,1,10,LOW,0.0,0.7418227507624151,1,REVIEW,
6758,1,30,MEDIUM,,0.9760111962812539,1,HIGH,1.0
6759,1,0,LOW,0.0,0.2741390343900844,0,LOW,0.0
6760,1,0,LOW,0.0,0.8383306687677213,1,REVIEW,
6761,1,5,LOW,0.0,0.8174618379451878,1,REVIEW,
6762,1,0,LOW,0.0,0.7863726439022952,1,REVIEW,
6763,1,30,MEDIUM,,0.9532649557502989,1,HIGH,1.0
6764,1,20,LOW,0.0,0.9135096406665675,1,REVIEW,
6765,1,0,LOW,0.0,0.4872292884797051,0,LOW,0.0
6766,1,0,LOW,0.0,0.47753635784357124,0,LOW,0.0
6767,1,15,LOW,0.0,0.8864883328358096,1,REVIEW,
6768,1,35,MEDIUM,,0.9969235576448409,1,HIGH,1.0
6769,1,20,LOW,0.0,0.6406374316481174,1,REVIEW,
6770,1,0,LOW,0.0,0.22512429399612638,0,LOW,0.0
6771,1,0,LOW,0.0,0.010525409047193929,0,LOW,0.0
6772,1,30,MEDIUM,,0.8481443227752803,1,HIGH,1.0
6773,1,10,LOW,0.0,0.7329892319241074,1,REVIEW,
6774,1,20,LOW,0.0,0.83310846710182,1,REVIEW,
6775,1,0,LOW,0.0,0.6266409426217621,1,REVIEW,
6776,1,0,LOW,0.0,0.07745837213211931,0,LOW,0.0
6777,1,30,MEDIUM,,0.8690059424761615,1,HIGH,1.0
6778,1,30,MEDIUM,,0.9806684728633155,1,HIGH,1.0
6779,1,20,LOW,0.0,0.6584875036136033,1,REVIEW,
6780,1,0,LOW,0.0,0.3735366605031299,0,LOW,0.0
6781,1,0,LOW,0.0,0.4649248969297595,0,LOW,0.0
6782,1,10,LOW,0.0,0.7364974981947919,1,REVIEW,
6783,1,30,MEDIUM,,0.9956316602931394,1,HIGH,1.0
6784,1,20,LOW,0.0,0.042545053911248715,0,LOW,0.0
6785,1,10,LOW,0.0,0.6590606541079518,1,REVIEW,
6786,1,10,LOW,0.0,0.43389562856037667,0,LOW,0.0
6787,1,10,LOW,0.0,0.25192834331433595,0,LOW,0.0
6788,1,10,LOW,0.0,0.9783791925127043,1,REVIEW,
6789,1,20,LOW,0.0,0.04574822321131545,0,LOW,0.0
6790,1,0,LOW,0.0,0.07762311062724198,0,LOW,0.0
6791,1,0,LOW,0.0,0.3594288886521936,0,LOW,0.0
6792,1,10,LOW,0.0,0.46857367060099453,0,LOW,0.0
6793,1,35,MEDIUM,,0.9703494169374821,1,HIGH,1.0
6794,1,30,MEDIUM,,0.6596969556241756,1,HIGH,1.0
6795,1,10,LOW,0.0,0.8416211520385304,1,REVIEW,
6796,1,0,LOW,0.0,0.1571865010335942,0,LOW,0.0
6797,1,10,LOW,0.0,0.6511775321983132,1,REVIEW,
6798,1,25,LOW,0.0,0.9836800126977162,1,REVIEW,
6799,1,20,LOW,0.0,0.7142267114056053,1,REVIEW,
6800,1,10,LOW,0.0,0.7237230283026227,1,REVIEW,
6801,1,0,LOW,0.0,0.23216896823508792,0,LOW,0.0
6802,1,30,MEDIUM,,0.8322884389161662,1,HIGH,1.0
6803,1,40,MEDIUM,,0.9444426304072598,1,HIGH,1.0
6804,1,25,LOW,0.0,0.87741011875668,1,REVIEW,
6805,1,10,LOW,0.0,0.47376336822886667,0,LOW,0.0
6806,1,0,LOW,0.0,0.12871147842913672,0,LOW,0.0
6807,1,10,LOW,0.0,0.09998926310571078,0,LOW,0.0
6808,1,30,MEDIUM,,0.8916876226282926,1,HIGH,1.0
6809,1,0,LOW,0.0,0.18862391131472878,0,LOW,0.0
6810,1,0,LOW,0.0,0.7686848175133918,1,REVIEW,
6811,1,0,LOW,0.0,0.24018202633707064,0,LOW,0.0
6812,1,10,LOW,0.0,0.723522686243308,1,REVIEW,
6813,1,30,MEDIUM,,0.9947448977823703,1,HIGH,1.0
6814,1,20,LOW,0.0,0.9573583866641546,1,REVIEW,
6815,1,10,LOW,0.0,0.70845824234708,1,REVIEW,
6816,1,0,LOW,0.0,0.0647739754086529,0,LOW,0.0
6817,1,0,LOW,0.0,0.23744324835452504,0,LOW,0.0
6818,1,30,MEDIUM,,0.92796086135917,1,HIGH,1.0
6819,1,0,LOW,0.0,0.07504235146760266,0,LOW,0.0
6820,1,20,LOW,0.0,0.5954280325788366,1,REVIEW,
6821,1,0,LOW,0.0,0.465089471926223,0,LOW,0.0
6822,1,10,LOW,0.0,0.13791988711448766,0,LOW,0.0
6823,1,30,MEDIUM,,0.9189023624934749,1,HIGH,1.0
6824,1,20,LOW,0.0,0.31403483753070766,0,LOW,0.0
6825,1,0,LOW,0.0,0.9212641851617233,1,REVIEW,
6826,1,0,LOW,0.0,0.11536260817323672,0,LOW,0.0
6827,1,10,LOW,0.0,0.4358769578227827,0,LOW,0.0
6828,1,30,MEDIUM,,0.9446596448563419,1,HIGH,1.0
6829,1,10,LOW,0.0,0.2341272052901085,0,LOW,0.0
6830,1,0,LOW,0.0,0.737933468272371,1,REVIEW,
6831,1,10,LOW,0.0,0.4796629133322673,0,LOW,0.0
6832,1,30,MEDIUM,,0.7192828426935152,1,HIGH,1.0
6833,1,30,MEDIUM,,0.9759842779185358,1,HIGH,1.0
6834,1,30,MEDIUM,,0.6540541700178478,1,HIGH,1.0
6835,1,0,LOW,0.0,0.10130561654973122,0,LOW,0.0
6836,1,10,LOW,0.0,0.47257964791824497,0,LOW,0.0
6837,1,30,MEDIUM,,0.5975171110273481,1,HIGH,1.0
6838,1,40,MEDIUM,,0.9967222469881666,1,HIGH,1.0
6839,1,20,LOW,0.0,0.09371374785370477,0,LOW,0.0
6840,1,10,LOW,0.0,0.2017339706774062,0,LOW,0.0
6841,1,0,LOW,0.0,0.06094122843119633,0,LOW,0.0
6842,1,10,LOW,0.0,0.35839959744809086,0,LOW,0.0
6843,1,15,LOW,0.0,0.9936547926437408,1,REVIEW,
6844,1,20,LOW,0.0,0.75594969420634,1,REVIEW,
6845,1,10,LOW,0.0,0.2535549908544071,0,LOW,0.0
6846,1,0,LOW,0.0,0.005826334658701426,0,LOW,0.0
6847,1,10,LOW,0.0,0.6336721735723909,1,REVIEW,
6848,1,30,MEDIUM,,0.9537479242363465,1,HIGH,1.0
6849,1,20,LOW,0.0,0.3435838979364345,0,LOW,0.0
6850,1,0,LOW,0.0,0.9222357440864617,1,REVIEW,
6851,1,0,LOW,0.0,0.2675575100200654,0,LOW,0.0
6852,1,10,LOW,0.0,0.54267231311049,1,REVIEW,
6853,1,35,MEDIUM,,0.9225792164923967,1,HIGH,1.0
6854,1,0,LOW,0.0,0.06972327066193257,0,LOW,0.0
6855,1,0,LOW,0.0,0.5623986102875762,1,REVIEW,
6856,1,0,LOW,0.0,0.05012132245715213,0,LOW,0.0
6857,1,10,LOW,0.0,0.2740427738897692,0,LOW,0.0
6858,1,30,MEDIUM,,0.9790420361504628,1,HIGH,1.0
6859,1,20,LOW,0.0,0.21928472177196015,0,LOW,0.0
6860,1,0,LOW,0.0,0.259475817376914,0,LOW,0.0
6861,1,5,LOW,0.0,0.35987830688282546,0,LOW,0.0
6862,1,10,LOW,0.0,0.5899788078471054,1,REVIEW,
6863,1,35,MEDIUM,,0.9855331594535237,1,HIGH,1.0
6864,1,0,LOW,0.0,0.11392528692929309,0,LOW,0.0
6865,1,0,LOW,0.0,0.3426773316629196,0,LOW,0.0
6866,1,0,LOW,0.0,0.01547501679626155,0,LOW,0.0
6867,1,35,MEDIUM,,0.9615372024734402,1,HIGH,1.0
6868,1,30,MEDIUM,,0.4355596930001723,0,REVIEW,
6869,1,0,LOW,0.0,0.9338696762973066,1,REVIEW,
6870,1,10,LOW,0.0,0.07766669596938834,0,LOW,0.0
6871,1,0,LOW,0.0,0.1337235749807898,0,LOW,0.0
6872,1,40,MEDIUM,,0.9340302576824945,1,HIGH,1.0
6873,1,20,LOW,0.0,0.9709233507725548,1,REVIEW,
6874,1,0,LOW,0.0,0.8916460478977507,1,REVIEW,
6875,1,10,LOW,0.0,0.09209079628151498,0,LOW,0.0
6876,1,20,LOW,0.0,0.8967848676751503,1,REVIEW,
6877,1,40,MEDIUM,,0.9884877701128598,1,HIGH,1.0
6878,1,20,LOW,0.0,0.020739044792037697,0,LOW,0.0
6879,1,0,LOW,0.0,0.11493241802516752,0,LOW,0.0
6880,1,10,LOW,0.0,0.5487082430558254,1,REVIEW,
6881,1,20,LOW,0.0,0.5250300993301849,1,REVIEW,
6882,1,40,MEDIUM,,0.9905582343425882,1,HIGH,1.0
6883,1,20,LOW,0.0,0.8926809695833151,1,REVIEW,
6884,1,0,LOW,0.0,0.4164233652116542,0,LOW,0.0
6885,1,0,LOW,0.0,0.18470067818776256,0,LOW,0.0
6886,1,0,LOW,0.0,0.26193267815842364,0,LOW,0.0
6887,1,10,LOW,0.0,0.27375755696758314,0,LOW,0.0
6888,1,30,MEDIUM,,0.9653060814977541,1,HIGH,1.0
6889,1,20,LOW,0.0,0.046402350802807205,0,LOW,0.0
6890,1,10,LOW,0.0,0.8740055408270953,1,REVIEW,
6891,1,0,LOW,0.0,0.26097520489600284,0,LOW,0.0
6892,1,0,LOW,0.0,0.6307050407995656,1,REVIEW,
6893,1,45,MEDIUM,,0.9857099383817393,1,HIGH,1.0
6894,1,20,LOW,0.0,0.18278624364934323,0,LOW,0.0
6895,1,0,LOW,0.0,0.8927976779201287,1,REVIEW,
6896,1,10,LOW,0.0,0.15059894630605672,0,LOW,0.0
6897,1,10,LOW,0.0,0.9643446455448359,1,REVIEW,
6898,1,35,MEDIUM,,0.977947863283508,1,HIGH,1.0
6899,1,30,MEDIUM,,0.6682494034279539,1,HIGH,1.0
6900,1,0,LOW,0.0,0.5544666029423629,1,REVIEW,
6901,1,0,LOW,0.0,0.039603991810666046,0,LOW,0.0
6902,1,0,LOW,0.0,0.44385978574570323,0,LOW,0.0
6903,1,30,MEDIUM,,0.9838551900321001,1,HIGH,1.0
6904,1,0,LOW,0.0,0.03016562504961668,0,LOW,0.0
6905,1,10,LOW,0.0,0.7701915172775489,1,REVIEW,
6906,1,0,LOW,0.0,0.05977284035374105,0,LOW,0.0
6907,1,10,LOW,0.0,0.8507629562939638,1,REVIEW,
6908,1,25,LOW,0.0,0.9955554159525576,1,REVIEW,
6909,1,20,LOW,0.0,0.10638028975649468,0,LOW,0.0
6910,1,10,LOW,0.0,0.8575206012523379,1,REVIEW,
6911,1,10,LOW,0.0,0.6775309806495984,1,REVIEW,
6912,1,0,LOW,0.0,0.3254489940117031,0,LOW,0.0
6913,1,40,MEDIUM,,0.9835039852092045,1,HIGH,1.0
6914,1,35,MEDIUM,,0.6936354817402642,1,HIGH,1.0
6915,1,0,LOW,0.0,0.9804164222953269,1,REVIEW,
6916,1,0,LOW,0.0,0.09819327910534595,0,LOW,0.0
6917,1,10,LOW,0.0,0.6247808165862103,1,REVIEW,
6918,1,40,MEDIUM,,0.9852593792461061,1,HIGH,1.0
6919,1,35,MEDIUM,,0.19280737272878407,0,REVIEW,
6920,1,0,LOW,0.0,0.04845058466319963,0,LOW,0.0
6921,1,0,LOW,0.0,0.8485535684688399,1,REVIEW,
6922,1,10,LOW,0.0,0.281366208752699,0,LOW,0.0
6923,1,30,MEDIUM,,0.7951795187505019,1,HIGH,1.0
6924,1,20,LOW,0.0,0.0988412208478635,0,LOW,0.0
6925,1,0,LOW,0.0,0.7017187231659942,1,REVIEW,
6926,1,10,LOW,0.0,0.42339416403424485,0,LOW,0.0
6927,1,0,LOW,0.0,0.7626894871206772,1,REVIEW,
6928,1,30,MEDIUM,,0.9937096471416379,1,HIGH,1.0
6929,1,30,MEDIUM,,0.2201201866488535,0,REVIEW,
6930,1,10,LOW,0.0,0.5194839936958136,1,REVIEW,
6931,1,0,LOW,0.0,0.41311649735986533,0,LOW,0.0
6932,1,10,LOW,0.0,0.5314645032311494,1,REVIEW,
6933,1,30,MEDIUM,,0.9505102990356783,1,HIGH,1.0
6934,1,30,MEDIUM,,0.4914401404481236,0,REVIEW,
6935,1,0,LOW,0.0,0.8167840091153946,1,REVIEW,
6936,1,10,LOW,0.0,0.05105230930259835,0,LOW,0.0
6937,1,0,LOW,0.0,0.16867076101564105,0,LOW,0.0
6938,1,40,MEDIUM,,0.9533540404422643,1,HIGH,1.0
6939,1,25,LOW,0.0,0.9658337938525583,1,REVIEW,
6940,1,0,LOW,0.0,0.9886336478053711,1,REVIEW,
6941,1,0,LOW,0.0,0.3052039596566432,0,LOW,0.0
6942,1,30,MEDIUM,,0.6614218062954278,1,HIGH,1.0
6943,1,30,MEDIUM,,0.9819934499406247,1,HIGH,1.0
6944,1,0,LOW,0.0,0.3346701413605194,0,LOW,0.0
6945,1,10,LOW,0.0,0.4869515196505049,0,LOW,0.0
6946,1,0,LOW,0.0,0.12136782673796037,0,LOW,0.0
6947,1,30,MEDIUM,,0.8454481481873939,1,HIGH,1.0
6948,1,25,LOW,0.0,0.9763956859838534,1,REVIEW,
6949,1,20,LOW,0.0,0.15490255517728738,0,LOW,0.0
6950,1,0,LOW,0.0,0.8135941902497414,1,REVIEW,
6951,1,0,LOW,0.0,0.586137357553307,1,REVIEW,
6952,1,10,LOW,0.0,0.7438270669912445,1,REVIEW,
6953,1,25,LOW,0.0,0.9955839618580248,1,REVIEW,
6954,1,0,LOW,0.0,0.02421226359024642,0,LOW,0.0
6955,1,0,LOW,0.0,0.7646180633670395,1,REVIEW,
6956,1,10,LOW,0.0,0.3027526200659141,0,LOW,0.0
6957,1,0,LOW,0.0,0.5167043698321103,1,REVIEW,
6958,1,10,LOW,0.0,0.9561938137678175,1,REVIEW,
6959,1,20,LOW,0.0,0.09597203805769527,0,LOW,0.0
6960,1,0,LOW,0.0,0.9802457711655521,1,REVIEW,
6961,1,0,LOW,0.0,0.06537577070519486,0,LOW,0.0
6962,1,0,LOW,0.0,0.13298905235870387,0,LOW,0.0
6963,1,20,LOW,0.0,0.9233278280820209,1,REVIEW,
6964,1,0,LOW,0.0,0.1376404457348852,0,LOW,0.0
6965,1,10,LOW,0.0,0.790637141795885,1,REVIEW,
6966,1,10,LOW,0.0,0.07356528974484233,0,LOW,0.0
6967,1,10,LOW,0.0,0.4428536211652677,0,LOW,0.0
6968,1,30,MEDIUM,,0.9530522883199316,1,HIGH,1.0
6969,1,0,LOW,0.0,0.0790375869429162,0,LOW,0.0
6970,1,0,LOW,0.0,0.3360169153974523,0,LOW,0.0
6971,1,0,LOW,0.0,0.30635867811679557,0,LOW,0.0
6972,1,10,LOW,0.0,0.6927092722324939,1,REVIEW,
6973,1,40,MEDIUM,,0.8901680326564861,1,HIGH,1.0
6974,1,20,LOW,0.0,0.3062414144467145,0,LOW,0.0
6975,1,0,LOW,0.0,0.4203730819103667,0,LOW,0.0
6976,1,5,LOW,0.0,0.7173676404148638,1,REVIEW,
6977,1,10,LOW,0.0,0.3388228345400097,0,LOW,0.0
6978,1,30,MEDIUM,,0.9458146515419336,1,HIGH,1.0
6979,1,20,LOW,0.0,0.6675906264382304,1,REVIEW,
6980,1,0,LOW,0.0,0.4749501479523133,0,LOW,0.0
6981,1,10,LOW,0.0,0.096721275480171,0,LOW,0.0
6982,1,0,LOW,0.0,0.562613015834904,1,REVIEW,
6983,1,35,MEDIUM,,0.9595496251976804,1,HIGH,1.0
6984,1,20,LOW,0.0,0.01074082714655345,0,LOW,0.0
6985,1,10,LOW,0.0,0.852701902204105,1,REVIEW,
6986,1,0,LOW,0.0,0.052142256253032516,0,LOW,0.0
6987,1,10,LOW,0.0,0.275667992301048,0,LOW,0.0
6988,1,30,MEDIUM,,0.6987127228158657,1,HIGH,1.0
6989,1,20,LOW,0.0,0.5584606995656244,1,REVIEW,
6990,1,10,LOW,0.0,0.5830769335307696,1,REVIEW,
6991,1,10,LOW,0.0,0.5374845096001591,1,REVIEW,
6992,1,0,LOW,0.0,0.6614884319671984,1,REVIEW,
6993,1,35,MEDIUM,,0.949692698901291,1,HIGH,1.0
6994,1,20,LOW,0.0,0.04815250158283764,0,LOW,0.0
6995,1,0,LOW,0.0,0.5415990930210398,1,REVIEW,
6996,1,0,LOW,0.0,0.2998585906178435,0,LOW,0.0
6997,1,0,LOW,0.0,0.20841350140035902,0,LOW,0.0
6998,1,30,MEDIUM,,0.9640554989121412,1,HIGH,1.0
6999,1,20,LOW,0.0,0.5332348706790643,1,REVIEW,
7000,1,0,LOW,0.0,0.5583475196167028,1,REVIEW,
7001,1,10,LOW,0.0,0.039153912694150306,0,LOW,0.0
7002,1,10,LOW,0.0,0.46502268051238776,0,LOW,0.0
7003,1,30,MEDIUM,,0.9398009655136974,1,HIGH,1.0
7004,1,0,LOW,0.0,0.08274252789398198,0,LOW,0.0
7005,1,10,LOW,0.0,0.8311552934486137,1,REVIEW,
7006,1,0,LOW,0.0,0.4254493761191578,0,LOW,0.0
7007,1,30,MEDIUM,,0.6727180283413551,1,HIGH,1.0
7008,1,45,MEDIUM,,0.9892946936065606,1,HIGH,1.0
7009,1,0,LOW,0.0,0.15247529556862024,0,LOW,0.0
7010,1,15,LOW,0.0,0.8816153686278086,1,REVIEW,
7011,1,10,LOW,0.0,0.17029563817640533,0,LOW,0.0
7012,1,30,MEDIUM,,0.7364856629763853,1,HIGH,1.0
7013,1,45,MEDIUM,,0.9952075885201704,1,HIGH,1.0
7014,1,20,LOW,0.0,0.181052232459718,0,LOW,0.0
7015,1,10,LOW,0.0,0.599633138054544,1,REVIEW,
7016,1,10,LOW,0.0,0.13463359319620158,0,LOW,0.0
7017,1,0,LOW,0.0,0.5010518227173753,1,REVIEW,
7018,1,0,LOW,0.0,0.7046970942843599,1,REVIEW,
7019,1,30,MEDIUM,,0.620040970868059,1,HIGH,1.0
7020,1,0,LOW,0.0,0.24272191988846836,0,LOW,0.0
7021,1,10,LOW,0.0,0.7171185010836097,1,REVIEW,
7022,1,0,LOW,0.0,0.3525705267643388,0,LOW,0.0
7023,1,10,LOW,0.0,0.45821455227806596,0,LOW,0.0
7024,1,35,MEDIUM,,0.9877626629402942,1,HIGH,1.0
7025,1,0,LOW,0.0,0.02490381666255979,0,LOW,0.0
7026,1,0,LOW,0.0,0.7299000592494941,1,REVIEW,
7027,1,10,LOW,0.0,0.5022762277171806,1,REVIEW,
7028,1,0,LOW,0.0,0.1037911803365974,0,LOW,0.0
7029,1,35,MEDIUM,,0.9955812206569398,1,HIGH,1.0
7030,1,0,LOW,0.0,0.11111582491698649,0,LOW,0.0
7031,1,0,LOW,0.0,0.9679624425063788,1,REVIEW,
7032,1,10,LOW,0.0,0.12380638658906615,0,LOW,0.0
7033,1,0,LOW,0.0,0.4011805262136592,0,LOW,0.0
7034,1,30,MEDIUM,,0.9878715243512673,1,HIGH,1.0
7035,1,20,LOW,0.0,0.037172959798319256,0,LOW,0.0
7036,1,0,LOW,0.0,0.4124257413233925,0,LOW,0.0
7037,1,10,LOW,0.0,0.663378624049102,1,REVIEW,
7038,1,0,LOW,0.0,0.751377505987013,1,REVIEW,
7039,1,35,MEDIUM,,0.9695012845401338,1,HIGH,1.0
7040,1,0,LOW,0.0,0.014655870605074678,0,LOW,0.0
7041,1,0,LOW,0.0,0.7059488090958934,1,REVIEW,
7042,1,0,LOW,0.0,0.053338122458030435,0,LOW,0.0
7043,1,30,MEDIUM,,0.9246363681281288,1,HIGH,1.0
7044,1,45,MEDIUM,,0.9917189139796915,1,HIGH,1.0
7045,1,0,LOW,0.0,0.46899286412388447,0,LOW,0.0
7046,1,10,LOW,0.0,0.8413500624306511,1,REVIEW,
7047,1,0,LOW,0.0,0.788411987161291,1,REVIEW,
7048,1,10,LOW,0.0,0.2714175026891284,0,LOW,0.0
7049,1,20,LOW,0.0,0.9502072162217813,1,REVIEW,
7050,1,20,LOW,0.0,0.5599209939260694,1,REVIEW,
7051,1,0,LOW,0.0,0.7032957132208674,1,REVIEW,
7052,1,0,LOW,0.0,0.08604162879106932,0,LOW,0.0
7053,1,10,LOW,0.0,0.7806055289827335,1,REVIEW,
7054,1,20,LOW,0.0,0.9245867750805125,1,REVIEW,
7055,1,20,LOW,0.0,0.2787893728338799,0,LOW,0.0
7056,1,10,LOW,0.0,0.5996222655354733,1,REVIEW,
7057,1,10,LOW,0.0,0.18939613534055455,0,LOW,0.0
7058,1,10,LOW,0.0,0.5236160588261946,1,REVIEW,
7059,1,35,MEDIUM,,0.9943109491643197,1,HIGH,1.0
7060,1,30,MEDIUM,,0.07274016685895214,0,REVIEW,
7061,1,0,LOW,0.0,0.5091196043161349,1,REVIEW,
7062,1,0,LOW,0.0,0.1521374979452913,0,LOW,0.0
7063,1,0,LOW,0.0,0.3096204357342757,0,LOW,0.0
7064,1,15,LOW,0.0,0.9726610786493629,1,REVIEW,
7065,1,20,LOW,0.0,0.13565790320636492,0,LOW,0.0
7066,1,0,LOW,0.0,0.4211355878360611,0,LOW,0.0
7067,1,10,LOW,0.0,0.45255192393424243,0,LOW,0.0
7068,1,0,LOW,0.0,0.411680852095095,0,LOW,0.0
7069,1,35,MEDIUM,,0.987835376680236,1,HIGH,1.0
7070,1,30,MEDIUM,,0.8854439779142389,1,HIGH,1.0
7071,1,0,LOW,0.0,0.5646135525538545,1,REVIEW,
7072,1,10,LOW,0.0,0.004001034830043285,0,LOW,0.0
7073,1,0,LOW,0.0,0.39873145637886487,0,LOW,0.0
7074,1,35,MEDIUM,,0.9694500229620063,1,HIGH,1.0
7075,1,30,MEDIUM,,0.05006979777154272,0,REVIEW,
7076,1,0,LOW,0.0,0.18122450194956446,0,LOW,0.0
7077,1,10,LOW,0.0,0.479969232966221,0,LOW,0.0
7078,1,20,LOW,0.0,0.3156214851981447,0,LOW,0.0
7079,1,35,MEDIUM,,0.9296682128756737,1,HIGH,1.0
7080,1,20,LOW,0.0,0.08448701645141195,0,LOW,0.0
7081,1,0,LOW,0.0,0.641752134086908,1,REVIEW,
7082,1,0,LOW,0.0,0.1641747835459488,0,LOW,0.0
7083,1,10,LOW,0.0,0.5998973316870723,1,REVIEW,
7084,1,35,MEDIUM,,0.9571261850400559,1,HIGH,1.0
7085,1,20,LOW,0.0,0.06662336002940429,0,LOW,0.0
7086,1,10,LOW,0.0,0.32292610793224913,0,LOW,0.0
7087,1,20,LOW,0.0,0.4149769575534782,0,LOW,0.0
7088,1,0,LOW,0.0,0.09426338661871825,0,LOW,0.0
7089,1,30,MEDIUM,,0.9407982520075191,1,HIGH,1.0
7090,1,30,MEDIUM,,0.026533392199157912,0,REVIEW,
7091,1,0,LOW,0.0,0.3928941592680647,0,LOW,0.0
7092,1,0,LOW,0.0,0.12546725489354266,0,LOW,0.0
7093,1,0,LOW,0.0,0.5986503866015894,1,REVIEW,
7094,1,30,MEDIUM,,0.9846716729378022,1,HIGH,1.0
7095,1,20,LOW,0.0,0.2296448752924789,0,LOW,0.0
7096,1,0,LOW,0.0,0.2965395479090308,0,LOW,0.0
7097,1,0,LOW,0.0,0.2349561866208504,0,LOW,0.0
7098,1,30,MEDIUM,,0.9684585660021959,1,HIGH,1.0
7099,1,30,MEDIUM,,0.9929161323676905,1,HIGH,1.0
7100,1,20,LOW,0.0,0.12671412405989163,0,LOW,0.0
7101,1,0,LOW,0.0,0.3701799968642018,0,LOW,0.0
7102,1,10,LOW,0.0,0.023658285878883845,0,LOW,0.0
7103,1,0,LOW,0.0,0.193096421219918,0,LOW,0.0
7104,1,30,MEDIUM,,0.9670921943940929,1,HIGH,1.0
7105,1,20,LOW,0.0,0.1325206102500783,0,LOW,0.0
7106,1,0,LOW,0.0,0.30593224352106757,0,LOW,0.0
7107,1,0,LOW,0.0,0.3045666285839886,0,LOW,0.0
7108,1,10,LOW,0.0,0.3256995353339117,0,LOW,0.0
7109,1,45,MEDIUM,,0.9911693600126571,1,HIGH,1.0
7110,1,10,LOW,0.0,0.022990255570196957,0,LOW,0.0
7111,1,0,LOW,0.0,0.4079342561968426,0,LOW,0.0
7112,1,0,LOW,0.0,0.5477108786256641,1,REVIEW,
7113,1,10,LOW,0.0,0.874109050016421,1,REVIEW,
7114,1,25,LOW,0.0,0.9588683730896883,1,REVIEW,
7115,1,20,LOW,0.0,0.025336095027298843,0,LOW,0.0
7116,1,0,LOW,0.0,0.2496505667466816,0,LOW,0.0
7117,1,0,LOW,0.0,0.37424246160031777,0,LOW,0.0
7118,1,0,LOW,0.0,0.7151169817983739,1,REVIEW,
7119,1,30,MEDIUM,,0.959483045816922,1,HIGH,1.0
7120,1,20,LOW,0.0,0.2608374682834528,0,LOW,0.0
7121,1,0,LOW,0.0,0.19744410196635223,0,LOW,0.0
7122,1,0,LOW,0.0,0.18189007073149926,0,LOW,0.0
7123,1,10,LOW,0.0,0.502785289667866,1,REVIEW,
7124,1,45,MEDIUM,,0.9919979410970317,1,HIGH,1.0
7125,1,20,LOW,0.0,0.0465501887523585,0,LOW,0.0
7126,1,10,LOW,0.0,0.3123369124249839,0,LOW,0.0
7127,1,10,LOW,0.0,0.1715851022785931,0,LOW,0.0
7128,1,0,LOW,0.0,0.7033125421341766,1,REVIEW,
7129,1,30,MEDIUM,,0.950287272074289,1,HIGH,1.0
7130,1,0,LOW,0.0,0.06198553413496995,0,LOW,0.0
7131,1,0,LOW,0.0,0.7694961906315734,1,REVIEW,
7132,1,0,LOW,0.0,0.3709579177952905,0,LOW,0.0
7133,1,10,LOW,0.0,0.8090069919159193,1,REVIEW,
7134,1,30,MEDIUM,,0.9544920935808345,1,HIGH,1.0
7135,1,20,LOW,0.0,0.09221743067171152,0,LOW,0.0
7136,1,0,LOW,0.0,0.8053349331289067,1,REVIEW,
7137,1,0,LOW,0.0,0.16418910181598095,0,LOW,0.0
7138,1,30,MEDIUM,,0.9353948058161757,1,HIGH,1.0
7139,1,40,MEDIUM,,0.946388764695422,1,HIGH,1.0
7140,1,10,LOW,0.0,0.11626526754759679,0,LOW,0.0
7141,1,0,LOW,0.0,0.19192639180710216,0,LOW,0.0
7142,1,0,LOW,0.0,0.17614683022002356,0,LOW,0.0
7143,1,0,LOW,0.0,0.20303596457020215,0,LOW,0.0
7144,1,35,MEDIUM,,0.9944112552965185,1,HIGH,1.0
7145,1,20,LOW,0.0,0.048406228051251894,0,LOW,0.0
7146,1,0,LOW,0.0,0.03967868045356467,0,LOW,0.0
7147,1,10,LOW,0.0,0.3211461375733275,0,LOW,0.0
7148,1,0,LOW,0.0,0.14252703656373703,0,LOW,0.0
7149,1,20,LOW,0.0,0.9241969264900477,1,REVIEW,
7150,1,0,LOW,0.0,0.030288078531916222,0,LOW,0.0
7151,1,0,LOW,0.0,0.4169491897572232,0,LOW,0.0
7152,1,0,LOW,0.0,0.07879947584019939,0,LOW,0.0
7153,1,10,LOW,0.0,0.3867844299768087,0,LOW,0.0
7154,1,40,MEDIUM,,0.9768623826914828,1,HIGH,1.0
7155,1,20,LOW,0.0,0.6489064254280766,1,REVIEW,
7156,1,0,LOW,0.0,0.8843758962108973,1,REVIEW,
7157,1,10,LOW,0.0,0.10414449522055859,0,LOW,0.0
7158,1,0,LOW,0.0,0.41461213212032333,0,LOW,0.0
7159,1,35,MEDIUM,,0.9948809862313882,1,HIGH,1.0
7160,1,20,LOW,0.0,0.2508870191744542,0,LOW,0.0
7161,1,20,LOW,0.0,0.811744557028022,1,REVIEW,
7162,1,0,LOW,0.0,0.6047490240101301,1,REVIEW,
7163,1,0,LOW,0.0,0.6492804395985261,1,REVIEW,
7164,1,20,LOW,0.0,0.906245507792995,1,REVIEW,
7165,1,10,LOW,0.0,0.004858272820380554,0,LOW,0.0
7166,1,15,LOW,0.0,0.8420451403571044,1,REVIEW,
7167,1,0,LOW,0.0,0.15689755384850684,0,LOW,0.0
7168,1,10,LOW,0.0,0.7856606810594415,1,REVIEW,
7169,1,30,MEDIUM,,0.9881765528239929,1,HIGH,1.0
7170,1,0,LOW,0.0,0.02158623122750551,0,LOW,0.0
7171,1,0,LOW,0.0,0.0866048954375571,0,LOW,0.0
7172,1,15,LOW,0.0,0.7636453211786061,1,REVIEW,
7173,1,0,LOW,0.0,0.4060792098037361,0,LOW,0.0
7174,1,30,MEDIUM,,0.8076404999539752,1,HIGH,1.0
7175,1,20,LOW,0.0,0.08911725305360446,0,LOW,0.0
7176,1,0,LOW,0.0,0.30906206507292583,0,LOW,0.0
7177,1,0,LOW,0.0,0.4697551049097711,0,LOW,0.0
7178,1,10,LOW,0.0,0.25174152726866644,0,LOW,0.0
7179,1,35,MEDIUM,,0.9923762366353563,1,HIGH,1.0
7180,1,10,LOW,0.0,0.5568768287864503,1,REVIEW,
7181,1,0,LOW,0.0,0.8218128366705852,1,REVIEW,
7182,1,10,LOW,0.0,0.35680997016813965,0,LOW,0.0
7183,1,10,LOW,0.0,0.6124862789719077,1,REVIEW,
7184,1,30,MEDIUM,,0.9926637937639763,1,HIGH,1.0
7185,1,20,LOW,0.0,0.2313205320252759,0,LOW,0.0
7186,1,5,LOW,0.0,0.9483384206039206,1,REVIEW,
7187,1,0,LOW,0.0,0.702410056669247,1,REVIEW,
7188,1,0,LOW,0.0,0.46486010949970163,0,LOW,0.0
7189,1,35,MEDIUM,,0.9874882069343067,1,HIGH,1.0
7190,1,20,LOW,0.0,0.15234941231405955,0,LOW,0.0
7191,1,5,LOW,0.0,0.9411641270323445,1,REVIEW,
7192,1,0,LOW,0.0,0.6001673336495278,1,REVIEW,
7193,1,0,LOW,0.0,0.5919356886954322,1,REVIEW,
7194,1,40,MEDIUM,,0.9712489406181201,1,HIGH,1.0
7195,1,0,LOW,0.0,0.8141484777139292,1,REVIEW,
7196,1,0,LOW,0.0,0.24683758775758502,0,LOW,0.0
7197,1,0,LOW,0.0,0.201329500392427,0,LOW,0.0
7198,1,0,LOW,0.0,0.677611700332549,1,REVIEW,
7199,1,20,LOW,0.0,0.9488072692329389,1,REVIEW,
7200,1,0,LOW,0.0,0.9129574187070694,1,REVIEW,
7201,1,0,LOW,0.0,0.8779726354869051,1,REVIEW,
7202,1,0,LOW,0.0,0.057335121163701326,0,LOW,0.0
7203,1,30,MEDIUM,,0.9406892617153559,1,HIGH,1.0
7204,1,10,LOW,0.0,0.981686335795676,1,REVIEW,
7205,1,20,LOW,0.0,0.700169717253538,1,REVIEW,
7206,1,0,LOW,0.0,0.41036396557263927,0,LOW,0.0
7207,1,0,LOW,0.0,0.11816991186327377,0,LOW,0.0
7208,1,30,MEDIUM,,0.18154584510930524,0,REVIEW,
7209,1,15,LOW,0.0,0.97810119432234,1,REVIEW,
7210,1,20,LOW,0.0,0.858493467920484,1,REVIEW,
7211,1,0,LOW,0.0,0.7902971307871319,1,REVIEW,
7212,1,0,LOW,0.0,0.13601184321154902,0,LOW,0.0
7213,1,0,LOW,0.0,0.7168121711808438,1,REVIEW,
7214,1,45,MEDIUM,,0.9947629578558282,1,HIGH,1.0
7215,1,20,LOW,0.0,0.08343251504288497,0,LOW,0.0
7216,1,30,MEDIUM,,0.7413271153895913,1,HIGH,1.0
7217,1,0,LOW,0.0,0.021566059406073996,0,LOW,0.0
7218,1,0,LOW,0.0,0.7940933409344342,1,REVIEW,
7219,1,30,MEDIUM,,0.9801924972478672,1,HIGH,1.0
7220,1,20,LOW,0.0,0.596500017567193,1,REVIEW,
7221,1,0,LOW,0.0,0.4802408850655983,0,LOW,0.0
7222,1,20,LOW,0.0,0.28617515916037517,0,LOW,0.0
7223,1,0,LOW,0.0,0.14350749210684727,0,LOW,0.0
7224,1,30,MEDIUM,,0.9972451250669063,1,HIGH,1.0
7225,1,20,LOW,0.0,0.8351659994531689,1,REVIEW,
7226,1,10,LOW,0.0,0.7443762483345302,1,REVIEW,
7227,1,5,LOW,0.0,0.7146060611453443,1,REVIEW,
7228,1,0,LOW,0.0,0.6987567021576977,1,REVIEW,
7229,1,45,MEDIUM,,0.9881863274766468,1,HIGH,1.0
7230,1,0,LOW,0.0,0.44910857169795254,0,LOW,0.0
7231,1,0,LOW,0.0,0.8001425294306473,1,REVIEW,
7232,1,0,LOW,0.0,0.03248901570812528,0,LOW,0.0
7233,1,10,LOW,0.0,0.7878328216022925,1,REVIEW,
7234,1,30,MEDIUM,,0.9741966662182243,1,HIGH,1.0
7235,1,0,LOW,0.0,0.105075520926705,0,LOW,0.0
7236,1,10,LOW,0.0,0.21208535837753353,0,LOW,0.0
7237,1,0,LOW,0.0,0.15267845818295267,0,LOW,0.0
7238,1,20,LOW,0.0,0.6542621729302189,1,REVIEW,
7239,1,35,MEDIUM,,0.9792467795436807,1,HIGH,1.0
7240,1,30,MEDIUM,,0.16735921655392705,0,REVIEW,
7241,1,10,LOW,0.0,0.8341003633086719,1,REVIEW,
7242,1,10,LOW,0.0,0.08601813422456783,0,LOW,0.0
7243,1,30,MEDIUM,,0.5158309530231617,1,HIGH,1.0
7244,1,40,MEDIUM,,0.9923608441624138,1,HIGH,1.0
7245,1,5,LOW,0.0,0.8296013955059965,1,REVIEW,
7246,1,0,LOW,0.0,0.11864367360544932,0,LOW,0.0
7247,1,30,MEDIUM,,0.2917025486564521,0,REVIEW,
7248,1,10,LOW,0.0,0.350525732908865,0,LOW,0.0
7249,1,30,MEDIUM,,0.9777505103149025,1,HIGH,1.0
7250,1,20,LOW,0.0,0.5966725560482843,1,REVIEW,
7251,1,0,LOW,0.0,0.8677270921289693,1,REVIEW,
7252,1,0,LOW,0.0,0.3721767029782981,0,LOW,0.0
7253,1,0,LOW,0.0,0.307065103329968,0,LOW,0.0
7254,1,30,MEDIUM,,0.9799316934364113,1,HIGH,1.0
7255,1,20,LOW,0.0,0.8290296108303334,1,REVIEW,
7256,1,10,LOW,0.0,0.510276956576023,1,REVIEW,
7257,1,0,LOW,0.0,0.2579988009581701,0,LOW,0.0
7258,1,10,LOW,0.0,0.9145509704829639,1,REVIEW,
7259,1,30,MEDIUM,,0.9611130143157837,1,HIGH,1.0
7260,1,0,LOW,0.0,0.23203247825167106,0,LOW,0.0
7261,1,0,LOW,0.0,0.6801606341248835,1,REVIEW,
7262,1,0,LOW,0.0,0.4576704186552387,0,LOW,0.0
7263,1,30,MEDIUM,,0.9018494283325519,1,HIGH,1.0
7264,1,35,MEDIUM,,0.991565815820912,1,HIGH,1.0
7265,1,25,LOW,0.0,0.4740356978237563,0,LOW,0.0
7266,1,0,LOW,0.0,0.47177245742914625,0,LOW,0.0
7267,1,0,LOW,0.0,0.06078457862105042,0,LOW,0.0
7268,1,30,MEDIUM,,0.30473810076295116,0,REVIEW,
7269,1,30,MEDIUM,,0.9442638427532473,1,HIGH,1.0
7270,1,30,MEDIUM,,0.4944207882933153,0,REVIEW,
7271,1,0,LOW,0.0,0.7955861604015041,1,REVIEW,
7272,1,0,LOW,0.0,0.18856965273891976,0,LOW,0.0
7273,1,10,LOW,0.0,0.4477791424429555,0,LOW,0.0
7274,1,30,MEDIUM,,0.9867380380292943,1,HIGH,1.0
7275,1,20,LOW,0.0,0.1848386975271088,0,LOW,0.0
7276,1,10,LOW,0.0,0.4086060394592328,0,LOW,0.0
7277,1,10,LOW,0.0,0.15863821441080805,0,LOW,0.0
7278,1,0,LOW,0.0,0.5405789202302279,1,REVIEW,
7279,1,40,MEDIUM,,0.9899888076330177,1,HIGH,1.0
7280,1,5,LOW,0.0,0.09155054357773637,0,LOW,0.0
7281,1,0,LOW,0.0,0.32723954370293873,0,LOW,0.0
7282,1,0,LOW,0.0,0.547187516579524,1,REVIEW,
7283,1,10,LOW,0.0,0.9291596108726683,1,REVIEW,
7284,1,5,LOW,0.0,0.9697448756241949,1,REVIEW,
7285,1,25,LOW,0.0,0.929824207008252,1,REVIEW,
7286,1,0,LOW,0.0,0.25328007759382914,0,LOW,0.0
7287,1,10,LOW,0.0,0.4124783405172532,0,LOW,0.0
7288,1,30,MEDIUM,,0.43714563987425,0,REVIEW,
7289,1,25,LOW,0.0,0.9831233822540901,1,REVIEW,
7290,1,20,LOW,0.0,0.2806876622073063,0,LOW,0.0
7291,1,10,LOW,0.0,0.5843654466513962,1,REVIEW,
7292,1,0,LOW,0.0,0.019187378178691792,0,LOW,0.0
7293,1,0,LOW,0.0,0.7208403824854609,1,REVIEW,
7294,1,40,MEDIUM,,0.9888919631091213,1,HIGH,1.0
7295,1,5,LOW,0.0,0.134822511595675,0,LOW,0.0
7296,1,10,LOW,0.0,0.7480118232563847,1,REVIEW,
7297,1,0,LOW,0.0,0.3109933305062657,0,LOW,0.0
7298,1,10,LOW,0.0,0.12853137223454578,0,LOW,0.0
7299,1,0,LOW,0.0,0.9906621720460591,1,REVIEW,
7300,1,30,MEDIUM,,0.3147847460807567,0,REVIEW,
7301,1,0,LOW,0.0,0.6698273398768023,1,REVIEW,
7302,1,0,LOW,0.0,0.04172480306553679,0,LOW,0.0
7303,1,30,MEDIUM,,0.7742637760728267,1,HIGH,1.0
7304,1,45,MEDIUM,,0.9573807241327942,1,HIGH,1.0
7305,1,0,LOW,0.0,0.09329611535937025,0,LOW,0.0
7306,1,10,LOW,0.0,0.6884660574492404,1,REVIEW,
7307,1,0,LOW,0.0,0.16611582928357985,0,LOW,0.0
7308,1,10,LOW,0.0,0.48597788770505046,0,LOW,0.0
7309,1,30,MEDIUM,,0.9439315543454269,1,HIGH,1.0
7310,1,20,LOW,0.0,0.8347584413865569,1,REVIEW,
7311,1,0,LOW,0.0,0.5901814242964393,1,REVIEW,
7312,1,10,LOW,0.0,0.4541708677736063,0,LOW,0.0
7313,1,0,LOW,0.0,0.8402929831695027,1,REVIEW,
7314,1,20,LOW,0.0,0.829785995828644,1,REVIEW,
7315,1,20,LOW,0.0,0.1098576481888789,0,LOW,0.0
7316,1,20,LOW,0.0,0.872187522923079,1,REVIEW,
7317,1,0,LOW,0.0,0.7820982222166095,1,REVIEW,
7318,1,10,LOW,0.0,0.42744420554505963,0,LOW,0.0
7319,1,30,MEDIUM,,0.8720257172771465,1,HIGH,1.0
7320,1,20,LOW,0.0,0.14538892196428677,0,LOW,0.0
7321,1,10,LOW,0.0,0.5307784896327886,1,REVIEW,
7322,1,10,LOW,0.0,0.2335632759255493,0,LOW,0.0
7323,1,10,LOW,0.0,0.5871888487908365,1,REVIEW,
7324,1,30,MEDIUM,,0.9587796653382197,1,HIGH,1.0
7325,1,0,LOW,0.0,0.029303928209535268,0,LOW,0.0
7326,1,10,LOW,0.0,0.4324724224906248,0,LOW,0.0
7327,1,0,LOW,0.0,0.38893642474711154,0,LOW,0.0
7328,1,10,LOW,0.0,0.42341313391879765,0,LOW,0.0
7329,1,30,MEDIUM,,0.9657195014593823,1,HIGH,1.0
7330,1,20,LOW,0.0,0.2575571206215551,0,LOW,0.0
7331,1,0,LOW,0.0,0.11279320367564498,0,LOW,0.0
7332,1,10,LOW,0.0,0.044655023011570566,0,LOW,0.0
7333,1,20,LOW,0.0,0.21041165942335643,0,LOW,0.0
7334,1,30,MEDIUM,,0.9887010457736986,1,HIGH,1.0
7335,1,20,LOW,0.0,0.10612837942794609,0,LOW,0.0
7336,1,0,LOW,0.0,0.9007200111103322,1,REVIEW,
7337,1,0,LOW,0.0,0.03140907502986984,0,LOW,0.0
7338,1,10,LOW,0.0,0.27941888983678154,0,LOW,0.0
7339,1,40,MEDIUM,,0.9159979180254508,1,HIGH,1.0
7340,1,0,LOW,0.0,0.032111818102980416,0,LOW,0.0
7341,1,0,LOW,0.0,0.7027428884515524,1,REVIEW,
7342,1,10,LOW,0.0,0.09393583635708697,0,LOW,0.0
7343,1,10,LOW,0.0,0.4775114960319223,0,LOW,0.0
7344,1,10,LOW,0.0,0.8696279394358274,1,REVIEW,
7345,1,20,LOW,0.0,0.081974894709298,0,LOW,0.0
7346,1,20,LOW,0.0,0.7094327270101307,1,REVIEW,
7347,1,10,LOW,0.0,0.23968231453529454,0,LOW,0.0
7348,1,0,LOW,0.0,0.5935501389989772,1,REVIEW,
7349,1,35,MEDIUM,,0.9259620151170475,1,HIGH,1.0
7350,1,0,LOW,0.0,0.14012080243104377,0,LOW,0.0
7351,1,0,LOW,0.0,0.2614051474454034,0,LOW,0.0
7352,1,10,LOW,0.0,0.6617689295742114,1,REVIEW,
7353,1,10,LOW,0.0,0.5331532478506903,1,REVIEW,
7354,1,35,MEDIUM,,0.9886598553257101,1,HIGH,1.0
7355,1,10,LOW,0.0,0.4157669439154413,0,LOW,0.0
7356,1,0,LOW,0.0,0.7619227768103687,1,REVIEW,
7357,1,10,LOW,0.0,0.04568851663198839,0,LOW,0.0
7358,1,10,LOW,0.0,0.3228072222686055,0,LOW,0.0
7359,1,30,MEDIUM,,0.9592703217793721,1,HIGH,1.0
7360,1,0,LOW,0.0,0.1505660705492605,0,LOW,0.0
7361,1,5,LOW,0.0,0.47490832965361607,0,LOW,0.0
7362,1,0,LOW,0.0,0.5646911799451848,1,REVIEW,
7363,1,10,LOW,0.0,0.4766089177607841,0,LOW,0.0
7364,1,35,MEDIUM,,0.8843860842930663,1,HIGH,1.0
7365,1,20,LOW,0.0,0.3006862814540609,0,LOW,0.0
7366,1,0,LOW,0.0,0.19623974959477603,0,LOW,0.0
7367,1,10,LOW,0.0,0.39722042980776295,0,LOW,0.0
7368,1,0,LOW,0.0,0.5209603834141328,1,REVIEW,
7369,1,40,MEDIUM,,0.951305813912691,1,HIGH,1.0
7370,1,30,MEDIUM,,0.3386260411691948,0,REVIEW,
7371,1,15,LOW,0.0,0.9468645057836399,1,REVIEW,
7372,1,10,LOW,0.0,0.4172466342150086,0,LOW,0.0
7373,1,20,LOW,0.0,0.6661878772641834,1,REVIEW,
7374,1,30,MEDIUM,,0.9787164726705605,1,HIGH,1.0
7375,1,0,LOW,0.0,0.15139717662123658,0,LOW,0.0
7376,1,15,LOW,0.0,0.39708779683945994,0,LOW,0.0
7377,1,0,LOW,0.0,0.18594407684034564,0,LOW,0.0
7378,1,10,LOW,0.0,0.8931145307183468,1,REVIEW,
7379,1,30,MEDIUM,,0.9572466660870084,1,HIGH,1.0
7380,1,5,LOW,0.0,0.04425512608998082,0,LOW,0.0
7381,1,10,LOW,0.0,0.9032553609703446,1,REVIEW,
7382,1,0,LOW,0.0,0.06889656146620951,0,LOW,0.0
7383,1,0,LOW,0.0,0.49434001293491553,0,LOW,0.0
7384,1,10,LOW,0.0,0.9707109375068145,1,REVIEW,
7385,1,20,LOW,0.0,0.5578920381624729,1,REVIEW,
7386,1,10,LOW,0.0,0.8691204731392851,1,REVIEW,
7387,1,0,LOW,0.0,0.24761957950092056,0,LOW,0.0
7388,1,0,LOW,0.0,0.7056106645600799,1,REVIEW,
7389,1,30,MEDIUM,,0.9893990177435431,1,HIGH,1.0
7390,1,20,LOW,0.0,0.4494937905950104,0,LOW,0.0
7391,1,10,LOW,0.0,0.3381355669895068,0,LOW,0.0
7392,1,0,LOW,0.0,0.3071889248074047,0,LOW,0.0
7393,1,0,LOW,0.0,0.4971387310394246,0,LOW,0.0
7394,1,20,LOW,0.0,0.9840240226926115,1,REVIEW,
7395,1,20,LOW,0.0,0.3747471845432112,0,LOW,0.0
7396,1,0,LOW,0.0,0.8732853791567446,1,REVIEW,
7397,1,0,LOW,0.0,0.4051104303685842,0,LOW,0.0
7398,1,10,LOW,0.0,0.13967576415665722,0,LOW,0.0
7399,1,45,MEDIUM,,0.9519233336856643,1,HIGH,1.0
7400,1,10,LOW,0.0,0.4140358021151138,0,LOW,0.0
7401,1,0,LOW,0.0,0.7235554855620908,1,REVIEW,
7402,1,0,LOW,0.0,0.2686392281823216,0,LOW,0.0
7403,1,30,MEDIUM,,0.24853788958076142,0,REVIEW,
7404,1,40,MEDIUM,,0.9515090269863304,1,HIGH,1.0
7405,1,30,MEDIUM,,0.1835580511509333,0,REVIEW,
7406,1,0,LOW,0.0,0.7336205420907914,1,REVIEW,
7407,1,0,LOW,0.0,0.6605179123140479,1,REVIEW,
7408,1,10,LOW,0.0,0.5440498927231774,1,REVIEW,
7409,1,30,MEDIUM,,0.9550586136421015,1,HIGH,1.0
7410,1,20,LOW,0.0,0.12226011280167526,0,LOW,0.0
7411,1,10,LOW,0.0,0.4478449440767366,0,LOW,0.0
7412,1,0,LOW,0.0,0.07355271697978509,0,LOW,0.0
7413,1,10,LOW,0.0,0.8895291290334867,1,REVIEW,
7414,1,35,MEDIUM,,0.974124448475096,1,HIGH,1.0
7415,1,20,LOW,0.0,0.04001818889293012,0,LOW,0.0
7416,1,0,LOW,0.0,0.4540068161893661,0,LOW,0.0
7417,1,5,LOW,0.0,0.8819002776607804,1,REVIEW,
7418,1,10,LOW,0.0,0.8347457138955505,1,REVIEW,
7419,1,40,MEDIUM,,0.9285543367744421,1,HIGH,1.0
7420,1,30,MEDIUM,,0.7823589768451983,1,HIGH,1.0
7421,1,0,LOW,0.0,0.4961210698651076,0,LOW,0.0
7422,1,0,LOW,0.0,0.6202276179085313,1,REVIEW,
7423,1,0,LOW,0.0,0.7088188361018706,1,REVIEW,
7424,1,30,MEDIUM,,0.9878626819426937,1,HIGH,1.0
7425,1,20,LOW,0.0,0.16454510067284298,0,LOW,0.0
7426,1,10,LOW,0.0,0.8004179731822855,1,REVIEW,
7427,1,10,LOW,0.0,0.7427130062018696,1,REVIEW,
7428,1,0,LOW,0.0,0.34686814380980396,0,LOW,0.0
7429,1,30,MEDIUM,,0.9689818185534672,1,HIGH,1.0
7430,1,20,LOW,0.0,0.5816511802628991,1,REVIEW,
7431,1,0,LOW,0.0,0.8841657338334373,1,REVIEW,
7432,1,0,LOW,0.0,0.012624250238310403,0,LOW,0.0
7433,1,10,LOW,0.0,0.07502068860043146,0,LOW,0.0
7434,1,30,MEDIUM,,0.9726574602539922,1,HIGH,1.0
7435,1,20,LOW,0.0,0.03584707236393607,0,LOW,0.0
7436,1,0,LOW,0.0,0.4742779696131955,0,LOW,0.0
7437,1,0,LOW,0.0,0.36435144203520353,0,LOW,0.0
7438,1,0,LOW,0.0,0.8737060220960499,1,REVIEW,
7439,1,20,LOW,0.0,0.9081162392545654,1,REVIEW,
7440,1,20,LOW,0.0,0.16543002714222754,0,LOW,0.0
7441,1,10,LOW,0.0,0.6637283063428341,1,REVIEW,
7442,1,10,LOW,0.0,0.28337660636235257,0,LOW,0.0
7443,1,10,LOW,0.0,0.4696132958992602,0,LOW,0.0
7444,1,45,MEDIUM,,0.9957703778979299,1,HIGH,1.0
7445,1,20,LOW,0.0,0.9079385256609356,1,REVIEW,
7446,1,10,LOW,0.0,0.7771208698922722,1,REVIEW,
7447,1,0,LOW,0.0,0.20293487130921245,0,LOW,0.0
7448,1,10,LOW,0.0,0.8343422263212998,1,REVIEW,
7449,1,35,MEDIUM,,0.7737991001758133,1,HIGH,1.0
7450,1,20,LOW,0.0,0.09392622426811865,0,LOW,0.0
7451,1,10,LOW,0.0,0.6581850072820422,1,REVIEW,
7452,1,10,LOW,0.0,0.7446937313704135,1,REVIEW,
7453,1,10,LOW,0.0,0.9144127862455107,1,REVIEW,
7454,1,35,MEDIUM,,0.9225521118733803,1,HIGH,1.0
7455,1,30,MEDIUM,,0.19804556443380975,0,REVIEW,
7456,1,0,LOW,0.0,0.6259774694481129,1,REVIEW,
7457,1,10,LOW,0.0,0.790028742307615,1,REVIEW,
7458,1,0,LOW,0.0,0.09446775412483041,0,LOW,0.0
7459,1,30,MEDIUM,,0.9852719163755427,1,HIGH,1.0
7460,1,25,LOW,0.0,0.6749694363629223,1,REVIEW,
7461,1,0,LOW,0.0,0.39366997538999754,0,LOW,0.0
7462,1,0,LOW,0.0,0.8139195965601682,1,REVIEW,
7463,1,30,MEDIUM,,0.4382785369176826,0,REVIEW,
7464,1,15,LOW,0.0,0.9576891838175495,1,REVIEW,
7465,1,20,LOW,0.0,0.882272537145734,1,REVIEW,
7466,1,0,LOW,0.0,0.07956842350292835,0,LOW,0.0
7467,1,0,LOW,0.0,0.6595224447388996,1,REVIEW,
7468,1,10,LOW,0.0,0.6148131927872639,1,REVIEW,
7469,1,35,MEDIUM,,0.9725622573580379,1,HIGH,1.0
7470,1,20,LOW,0.0,0.07944650742910048,0,LOW,0.0
7471,1,0,LOW,0.0,0.3823300165631356,0,LOW,0.0
7472,1,10,LOW,0.0,0.014896879659383296,0,LOW,0.0
7473,1,0,LOW,0.0,0.3435997772889841,0,LOW,0.0
7474,1,35,MEDIUM,,0.9738131999411928,1,HIGH,1.0
7475,1,30,MEDIUM,,0.5419107724729783,1,HIGH,1.0
7476,1,0,LOW,0.0,0.8037079077797787,1,REVIEW,
7477,1,0,LOW,0.0,0.1483599843805902,0,LOW,0.0
7478,1,0,LOW,0.0,0.613492373553352,1,REVIEW,
7479,1,40,MEDIUM,,0.9583778075667883,1,HIGH,1.0
7480,1,20,LOW,0.0,0.04290707642466485,0,LOW,0.0
7481,1,10,LOW,0.0,0.7096030597727261,1,REVIEW,
7482,1,0,LOW,0.0,0.18491013471127538,0,LOW,0.0
7483,1,10,LOW,0.0,0.18940223638406534,0,LOW,0.0
7484,1,35,MEDIUM,,0.9910598345870354,1,HIGH,1.0
7485,1,20,LOW,0.0,0.7764121657767501,1,REVIEW,
7486,1,5,LOW,0.0,0.9460129994690781,1,REVIEW,
7487,1,10,LOW,0.0,0.17092327593455556,0,LOW,0.0
7488,1,20,LOW,0.0,0.4239676822928043,0,LOW,0.0
7489,1,30,MEDIUM,,0.9866731114460355,1,HIGH,1.0
7490,1,20,LOW,0.0,0.2164886533946546,0,LOW,0.0
7491,1,0,LOW,0.0,0.4244835806719343,0,LOW,0.0
7492,1,10,LOW,0.0,0.5019266699799005,1,REVIEW,
7493,1,10,LOW,0.0,0.6800150790139778,1,REVIEW,
7494,1,30,MEDIUM,,0.9576939472995386,1,HIGH,1.0
7495,1,20,LOW,0.0,0.17893279258894376,0,LOW,0.0
7496,1,0,LOW,0.0,0.9343366709712028,1,REVIEW,
7497,1,10,LOW,0.0,0.13920357052693885,0,LOW,0.0
7498,1,0,LOW,0.0,0.8647390460539133,1,REVIEW,
7499,1,40,MEDIUM,,0.9917373736752083,1,HIGH,1.0
7500,1,10,LOW,0.0,0.04508760217706527,0,LOW,0.0
7501,1,0,LOW,0.0,0.5232738434002862,1,REVIEW,
7502,1,0,LOW,0.0,0.11124444552711649,0,LOW,0.0
7503,1,10,LOW,0.0,0.6027194890229091,1,REVIEW,
7504,1,40,MEDIUM,,0.9919596845344176,1,HIGH,1.0
7505,1,20,LOW,0.0,0.06583850021781508,0,LOW,0.0
7506,1,0,LOW,0.0,0.6221107374255954,1,REVIEW,
7507,1,10,LOW,0.0,0.3840004088391899,0,LOW,0.0
7508,1,0,LOW,0.0,0.0794654122438033,0,LOW,0.0
7509,1,30,MEDIUM,,0.8663174825278113,1,HIGH,1.0
7510,1,0,LOW,0.0,0.16615369201987912,0,LOW,0.0
7511,1,0,LOW,0.0,0.4887368305404126,0,LOW,0.0
7512,1,10,LOW,0.0,0.4882394790178155,0,LOW,0.0
7513,1,0,LOW,0.0,0.2676923419436651,0,LOW,0.0
7514,1,40,MEDIUM,,0.9402216615197668,1,HIGH,1.0
7515,1,30,MEDIUM,,0.09942334620798936,0,REVIEW,
7516,1,10,LOW,0.0,0.12454394190500477,0,LOW,0.0
7517,1,10,LOW,0.0,0.9344284042336348,1,REVIEW,
7518,1,20,LOW,0.0,0.5112239777477682,1,REVIEW,
7519,1,10,LOW,0.0,0.45236283198928817,0,LOW,0.0
7520,1,0,LOW,0.0,0.2790801707551745,0,LOW,0.0
7521,1,10,LOW,0.0,0.33205624969810166,0,LOW,0.0
7522,1,30,MEDIUM,,0.9910434338574393,1,HIGH,1.0
7523,1,0,LOW,0.0,0.21674000742561167,0,LOW,0.0
7524,1,0,LOW,0.0,0.4857748796140481,0,LOW,0.0
7525,1,20,LOW,0.0,0.6393010741988536,1,REVIEW,
7526,1,0,LOW,0.0,0.05017533112825265,0,LOW,0.0
7527,1,30,MEDIUM,,0.9355020224101732,1,HIGH,1.0
7528,1,0,LOW,0.0,0.1695337540736747,0,LOW,0.0
7529,1,0,LOW,0.0,0.5079395184989023,1,REVIEW,
7530,1,0,LOW,0.0,0.09413844091963404,0,LOW,0.0
7531,1,0,LOW,0.0,0.38062173737538446,0,LOW,0.0
7532,1,30,MEDIUM,,0.972183901818514,1,HIGH,1.0
7533,1,30,MEDIUM,,0.733556904331096,1,HIGH,1.0
7534,1,0,LOW,0.0,0.837557885314349,1,REVIEW,
7535,1,0,LOW,0.0,0.023429079827288552,0,LOW,0.0
7536,1,0,LOW,0.0,0.1682230191811262,0,LOW,0.0
7537,1,30,MEDIUM,,0.952636189352429,1,HIGH,1.0
7538,1,20,LOW,0.0,0.0045745721266188324,0,LOW,0.0
7539,1,0,LOW,0.0,0.37807504737706343,0,LOW,0.0
7540,1,10,LOW,0.0,0.31867784636507973,0,LOW,0.0
7541,1,0,LOW,0.0,0.041101964545353524,0,LOW,0.0
7542,1,15,LOW,0.0,0.9081932760269885,1,REVIEW,
7543,1,20,LOW,0.0,0.18424690759621248,0,LOW,0.0
7544,1,10,LOW,0.0,0.5315862163011589,1,REVIEW,
7545,1,0,LOW,0.0,0.17526374411179393,0,LOW,0.0
7546,1,0,LOW,0.0,0.556860651545947,1,REVIEW,
7547,1,20,LOW,0.0,0.7899755948222116,1,REVIEW,
7548,1,0,LOW,0.0,0.6011292201228063,1,REVIEW,
7549,1,0,LOW,0.0,0.3746326527961358,0,LOW,0.0
7550,1,10,LOW,0.0,0.7584741140537443,1,REVIEW,
7551,1,10,LOW,0.0,0.5246845137072002,1,REVIEW,
7552,1,30,MEDIUM,,0.9695319162975955,1,HIGH,1.0
7553,1,30,MEDIUM,,0.4280670425553406,0,REVIEW,
7554,1,0,LOW,0.0,0.8168696646388292,1,REVIEW,
7555,1,10,LOW,0.0,0.5791319285503351,1,REVIEW,
7556,1,0,LOW,0.0,0.6130526738855389,1,REVIEW,
7557,1,30,MEDIUM,,0.9843677602992434,1,HIGH,1.0
7558,1,20,LOW,0.0,0.016725075104577502,0,LOW,0.0
7559,1,10,LOW,0.0,0.12992057457003192,0,LOW,0.0
7560,1,0,LOW,0.0,0.8185582609258408,1,REVIEW,
7561,1,0,LOW,0.0,0.2686324302030195,0,LOW,0.0
7562,1,40,MEDIUM,,0.9694874492058807,1,HIGH,1.0
7563,1,20,LOW,0.0,0.3045357884461425,0,LOW,0.0
7564,1,10,LOW,0.0,0.6827654279362807,1,REVIEW,
7565,1,0,LOW,0.0,0.24866640818108304,0,LOW,0.0
7566,1,0,LOW,0.0,0.47922339743847386,0,LOW,0.0
7567,1,30,MEDIUM,,0.9830731899880925,1,HIGH,1.0
7568,1,30,MEDIUM,,0.8925545485242101,1,HIGH,1.0
7569,1,0,LOW,0.0,0.803217039228845,1,REVIEW,
7570,1,0,LOW,0.0,0.069234428062702,0,LOW,0.0
7571,1,0,LOW,0.0,0.8425259874759574,1,REVIEW,
7572,1,30,MEDIUM,,0.8636895208304879,1,HIGH,1.0
7573,1,20,LOW,0.0,0.05553589500990128,0,LOW,0.0
7574,1,20,LOW,0.0,0.883646928337326,1,REVIEW,
7575,1,0,LOW,0.0,0.2903161529663876,0,LOW,0.0
7576,1,10,LOW,0.0,0.9104749384697154,1,REVIEW,
7577,1,15,LOW,0.0,0.8181039776651626,1,REVIEW,
7578,1,20,LOW,0.0,0.44412143742758253,0,LOW,0.0
7579,1,0,LOW,0.0,0.32013683623337813,0,LOW,0.0
7580,1,0,LOW,0.0,0.5437846944848811,1,REVIEW,
7581,1,10,LOW,0.0,0.8775960775714,1,REVIEW,
7582,1,40,MEDIUM,,0.9773742708509955,1,HIGH,1.0
7583,1,20,LOW,0.0,0.34980827662907377,0,LOW,0.0
7584,1,0,LOW,0.0,0.7982576430920881,1,REVIEW,
7585,1,0,LOW,0.0,0.08882802866163426,0,LOW,0.0
7586,1,0,LOW,0.0,0.4260851725899633,0,LOW,0.0
7587,1,35,MEDIUM,,0.9823124879077516,1,HIGH,1.0
7588,1,20,LOW,0.0,0.011615477240986832,0,LOW,0.0
7589,1,0,LOW,0.0,0.8212856583667215,1,REVIEW,
7590,1,0,LOW,0.0,0.04251795506457349,0,LOW,0.0
7591,1,10,LOW,0.0,0.9207683188815236,1,REVIEW,
7592,1,35,MEDIUM,,0.9916941151711846,1,HIGH,1.0
7593,1,20,LOW,0.0,0.0034009186484011186,0,LOW,0.0
7594,1,10,LOW,0.0,0.6852631824090084,1,REVIEW,
7595,1,0,LOW,0.0,0.040644684661307995,0,LOW,0.0
7596,1,10,LOW,0.0,0.6026234303115011,1,REVIEW,
7597,1,40,MEDIUM,,0.9797180521897765,1,HIGH,1.0
7598,1,0,LOW,0.0,0.469652371598868,0,LOW,0.0
7599,1,0,LOW,0.0,0.23687902378832001,0,LOW,0.0
7600,1,0,LOW,0.0,0.7589626767242593,1,REVIEW,
7601,1,10,LOW,0.0,0.6927087621754325,1,REVIEW,
7602,1,30,MEDIUM,,0.9400242816866524,1,HIGH,1.0
7603,1,20,LOW,0.0,0.591667943801128,1,REVIEW,
7604,1,0,LOW,0.0,0.7567005778253535,1,REVIEW,
7605,1,0,LOW,0.0,0.4290497770957307,0,LOW,0.0
7606,1,10,LOW,0.0,0.5302074230887416,1,REVIEW,
7607,1,15,LOW,0.0,0.654455180795754,1,REVIEW,
7608,1,0,LOW,0.0,0.3702468720385517,0,LOW,0.0
7609,1,20,LOW,0.0,0.40935679583604556,0,LOW,0.0
7610,1,5,LOW,0.0,0.4944912966316409,0,LOW,0.0
7611,1,10,LOW,0.0,0.5167258405598204,1,REVIEW,
7612,1,10,LOW,0.0,0.9713165958021415,1,REVIEW,
7613,1,0,LOW,0.0,0.09664341238065441,0,LOW,0.0
7614,1,10,LOW,0.0,0.2863182947075527,0,LOW,0.0
7615,1,10,LOW,0.0,0.08101025959084918,0,LOW,0.0
7616,1,10,LOW,0.0,0.11686472008056108,0,LOW,0.0
7617,1,30,MEDIUM,,0.9432322866631887,1,HIGH,1.0
7618,1,20,LOW,0.0,0.07707152971577587,0,LOW,0.0
7619,1,0,LOW,0.0,0.3114017260409975,0,LOW,0.0
7620,1,0,LOW,0.0,0.025533292929842483,0,LOW,0.0
7621,1,0,LOW,0.0,0.6747694478942673,1,REVIEW,
7622,1,40,MEDIUM,,0.9932811998200347,1,HIGH,1.0
7623,1,20,LOW,0.0,0.24997162623652017,0,LOW,0.0
7624,1,5,LOW,0.0,0.8242317174653779,1,REVIEW,
7625,1,10,LOW,0.0,0.30975179036221445,0,LOW,0.0
7626,1,10,LOW,0.0,0.8601500695002925,1,REVIEW,
7627,1,40,MEDIUM,,0.9898845556286029,1,HIGH,1.0
7628,1,20,LOW,0.0,0.08766893262856888,0,LOW,0.0
7629,1,0,LOW,0.0,0.7789524416138076,1,REVIEW,
7630,1,10,LOW,0.0,0.10846151899407336,0,LOW,0.0
7631,1,0,LOW,0.0,0.3775315247834026,0,LOW,0.0
7632,1,30,MEDIUM,,0.9744354485727348,1,HIGH,1.0
7633,1,20,LOW,0.0,0.7705096219564047,1,REVIEW,
7634,1,10,LOW,0.0,0.9113710812061709,1,REVIEW,
7635,1,10,LOW,0.0,0.016405375138501238,0,LOW,0.0
7636,1,10,LOW,0.0,0.533973831627021,1,REVIEW,
7637,1,35,MEDIUM,,0.7827175421219533,1,HIGH,1.0
7638,1,30,MEDIUM,,0.7948683813546676,1,HIGH,1.0
7639,1,5,LOW,0.0,0.8573730112095852,1,REVIEW,
7640,1,0,LOW,0.0,0.2132875552020749,0,LOW,0.0
7641,1,10,LOW,0.0,0.2438559113742431,0,LOW,0.0
7642,1,30,MEDIUM,,0.9434605191401341,1,HIGH,1.0
7643,1,30,MEDIUM,,0.47996843521722743,0,REVIEW,
7644,1,0,LOW,0.0,0.6741054251269633,1,REVIEW,
7645,1,0,LOW,0.0,0.136664812521468,0,LOW,0.0
7646,1,10,LOW,0.0,0.32848078545680587,0,LOW,0.0
7647,1,45,MEDIUM,,0.9916611168090047,1,HIGH,1.0
7648,1,20,LOW,0.0,0.07691523504422841,0,LOW,0.0
7649,1,10,LOW,0.0,0.7148085697780269,1,REVIEW,
7650,1,0,LOW,0.0,0.2904144731268906,0,LOW,0.0
7651,1,0,LOW,0.0,0.2227230654718549,0,LOW,0.0
7652,1,35,MEDIUM,,0.8459289458141821,1,HIGH,1.0
7653,1,20,LOW,0.0,0.25100023448626013,0,LOW,0.0
7654,1,0,LOW,0.0,0.37227992288903855,0,LOW,0.0
7655,1,0,LOW,0.0,0.7160499256684671,1,REVIEW,
7656,1,10,LOW,0.0,0.2424504663092318,0,LOW,0.0
7657,1,10,LOW,0.0,0.967798193021897,1,REVIEW,
7658,1,20,LOW,0.0,0.6395208971287211,1,REVIEW,
7659,1,0,LOW,0.0,0.32946262300059703,0,LOW,0.0
7660,1,10,LOW,0.0,0.6975464293522803,1,REVIEW,
7661,1,10,LOW,0.0,0.8916419475609357,1,REVIEW,
7662,1,40,MEDIUM,,0.9598918075855241,1,HIGH,1.0
7663,1,20,LOW,0.0,0.8857077059697841,1,REVIEW,
7664,1,0,LOW,0.0,0.6745995556136001,1,REVIEW,
7665,1,0,LOW,0.0,0.3107404788418878,0,LOW,0.0
7666,1,10,LOW,0.0,0.6115947510973728,1,REVIEW,
7667,1,10,LOW,0.0,0.9271940763812693,1,REVIEW,
7668,1,20,LOW,0.0,0.1328622902094114,0,LOW,0.0
7669,1,10,LOW,0.0,0.7915723317288731,1,REVIEW,
7670,1,0,LOW,0.0,0.690485489402744,1,REVIEW,
7671,1,10,LOW,0.0,0.5429821715095092,1,REVIEW,
7672,1,30,MEDIUM,,0.9785790043015494,1,HIGH,1.0
7673,1,20,LOW,0.0,0.039504153282132276,0,LOW,0.0
7674,1,0,LOW,0.0,0.6932814850464066,1,REVIEW,
7675,1,10,LOW,0.0,0.17431721966583283,0,LOW,0.0
7676,1,10,LOW,0.0,0.8974535457097779,1,REVIEW,
7677,1,35,MEDIUM,,0.9556041718454895,1,HIGH,1.0
7678,1,20,LOW,0.0,0.1642759763882958,0,LOW,0.0
7679,1,0,LOW,0.0,0.3246005671764739,0,LOW,0.0
7680,1,0,LOW,0.0,0.13255452745317017,0,LOW,0.0
7681,1,10,LOW,0.0,0.8932309977508974,1,REVIEW,
7682,1,30,MEDIUM,,0.9804923491943198,1,HIGH,1.0
7683,1,20,LOW,0.0,0.6427640341362453,1,REVIEW,
7684,1,0,LOW,0.0,0.48596508849386577,0,LOW,0.0
7685,1,0,LOW,0.0,0.09519949798532468,0,LOW,0.0
7686,1,10,LOW,0.0,0.48746077773859275,0,LOW,0.0
7687,1,30,MEDIUM,,0.9776300246335842,1,HIGH,1.0
7688,1,25,LOW,0.0,0.7722077091776177,1,REVIEW,
7689,1,10,LOW,0.0,0.5919595127038365,1,REVIEW,
7690,1,10,LOW,0.0,0.08879744254333542,0,LOW,0.0
7691,1,0,LOW,0.0,0.251494513207502,0,LOW,0.0
7692,1,35,MEDIUM,,0.910618578775773,1,HIGH,1.0
7693,1,20,LOW,0.0,0.14241576717951068,0,LOW,0.0
7694,1,0,LOW,0.0,0.6608414940115521,1,REVIEW,
7695,1,0,LOW,0.0,0.5899764062593447,1,REVIEW,
7696,1,30,MEDIUM,,0.5369399342644788,1,HIGH,1.0
7697,1,10,LOW,0.0,0.9352183065124525,1,REVIEW,
7698,1,20,LOW,0.0,0.014730487957058174,0,LOW,0.0
7699,1,10,LOW,0.0,0.6878796495241247,1,REVIEW,
7700,1,0,LOW,0.0,0.14243483430137158,0,LOW,0.0
7701,1,30,MEDIUM,,0.8224217016255901,1,HIGH,1.0
7702,1,40,MEDIUM,,0.987243824404818,1,HIGH,1.0
7703,1,0,LOW,0.0,0.4296557373026971,0,LOW,0.0
7704,1,10,LOW,0.0,0.4613390084930985,0,LOW,0.0
7705,1,0,LOW,0.0,0.5993956685742429,1,REVIEW,
7706,1,0,LOW,0.0,0.25478350195751653,0,LOW,0.0
7707,1,30,MEDIUM,,0.9651773273073728,1,HIGH,1.0
7708,1,20,LOW,0.0,0.09166775614097598,0,LOW,0.0
7709,1,0,LOW,0.0,0.34966074635441236,0,LOW,0.0
7710,1,0,LOW,0.0,0.48054136869922437,0,LOW,0.0
7711,1,10,LOW,0.0,0.16574024737613277,0,LOW,0.0
7712,1,30,MEDIUM,,0.9818566649677394,1,HIGH,1.0
7713,1,0,LOW,0.0,0.0785465783522173,0,LOW,0.0
7714,1,0,LOW,0.0,0.6470769527135148,1,REVIEW,
7715,1,0,LOW,0.0,0.014956657995077045,0,LOW,0.0
7716,1,0,LOW,0.0,0.5001392071921914,1,REVIEW,
7717,1,30,MEDIUM,,0.8110586083781816,1,HIGH,1.0
7718,1,30,MEDIUM,,0.07941245677996199,0,REVIEW,
7719,1,0,LOW,0.0,0.672829770531498,1,REVIEW,
7720,1,0,LOW,0.0,0.2498423554851173,0,LOW,0.0
7721,1,0,LOW,0.0,0.5806639349260799,1,REVIEW,
7722,1,30,MEDIUM,,0.994316853298655,1,HIGH,1.0
7723,1,20,LOW,0.0,0.33714295548145934,0,LOW,0.0
7724,1,0,LOW,0.0,0.44091681967871954,0,LOW,0.0
7725,1,10,LOW,0.0,0.21061014466488628,0,LOW,0.0
7726,1,10,LOW,0.0,0.1920665094068636,0,LOW,0.0
7727,1,30,MEDIUM,,0.9861117869352569,1,HIGH,1.0
7728,1,0,LOW,0.0,0.03295189958670286,0,LOW,0.0
7729,1,5,LOW,0.0,0.6574676287809061,1,REVIEW,
7730,1,0,LOW,0.0,0.551613153455978,1,REVIEW,
7731,1,30,MEDIUM,,0.23906839726523324,0,REVIEW,
7732,1,30,MEDIUM,,0.975026296030489,1,HIGH,1.0
7733,1,20,LOW,0.0,0.10253212323556622,0,LOW,0.0
7734,1,0,LOW,0.0,0.5939566301737156,1,REVIEW,
7735,1,10,LOW,0.0,0.383732763425196,0,LOW,0.0
7736,1,0,LOW,0.0,0.48526132428161606,0,LOW,0.0
7737,1,30,MEDIUM,,0.9910181944276819,1,HIGH,1.0
7738,1,20,LOW,0.0,0.7578700742305976,1,REVIEW,
7739,1,0,LOW,0.0,0.831739402328174,1,REVIEW,
7740,1,0,LOW,0.0,0.10187299194549634,0,LOW,0.0
7741,1,30,MEDIUM,,0.6737245815268238,1,HIGH,1.0
7742,1,30,MEDIUM,,0.8754848429780879,1,HIGH,1.0
7743,1,0,LOW,0.0,0.4063270284997967,0,LOW,0.0
7744,1,0,LOW,0.0,0.3365807434981358,0,LOW,0.0
7745,1,10,LOW,0.0,0.35292507725380934,0,LOW,0.0
7746,1,10,LOW,0.0,0.2518445754933424,0,LOW,0.0
7747,1,30,MEDIUM,,0.9738000790611171,1,HIGH,1.0
7748,1,20,LOW,0.0,0.3353009418391413,0,LOW,0.0
7749,1,0,LOW,0.0,0.7126290102582677,1,REVIEW,
7750,1,10,LOW,0.0,0.19335472433590145,0,LOW,0.0
7751,1,30,MEDIUM,,0.906934059332148,1,HIGH,1.0
7752,1,35,MEDIUM,,0.993710765977673,1,HIGH,1.0
7753,1,20,LOW,0.0,0.9043090662008818,1,REVIEW,
7754,1,0,LOW,0.0,0.7673052392163237,1,REVIEW,
7755,1,0,LOW,0.0,0.5885390358159975,1,REVIEW,
7756,1,10,LOW,0.0,0.9295334640274101,1,REVIEW,
7757,1,35,MEDIUM,,0.9271831116620607,1,HIGH,1.0
7758,1,30,MEDIUM,,0.8669126893400909,1,HIGH,1.0
7759,1,0,LOW,0.0,0.6958488756719526,1,REVIEW,
7760,1,0,LOW,0.0,0.11630078474049124,0,LOW,0.0
7761,1,10,LOW,0.0,0.8051151279710457,1,REVIEW,
7762,1,5,LOW,0.0,0.9759490375337507,1,REVIEW,
7763,1,20,LOW,0.0,0.02288500597659306,0,LOW,0.0
7764,1,0,LOW,0.0,0.4986979196849349,0,LOW,0.0
7765,1,5,LOW,0.0,0.13105602213956832,0,LOW,0.0
7766,1,10,LOW,0.0,0.059600505636995864,0,LOW,0.0
7767,1,25,LOW,0.0,0.9869646153900073,1,REVIEW,
7768,1,20,LOW,0.0,0.034038002966881614,0,LOW,0.0
7769,1,10,LOW,0.0,0.47503460399142966,0,LOW,0.0
7770,1,0,LOW,0.0,0.1153652038135069,0,LOW,0.0
7771,1,10,LOW,0.0,0.31767323941022957,0,LOW,0.0
7772,1,35,MEDIUM,,0.9892211097118887,1,HIGH,1.0
7773,1,20,LOW,0.0,0.03688713885253627,0,LOW,0.0
7774,1,0,LOW,0.0,0.49794098907418605,0,LOW,0.0
7775,1,0,LOW,0.0,0.11127929302647481,0,LOW,0.0
7776,1,10,LOW,0.0,0.4191380114646838,0,LOW,0.0
7777,1,30,MEDIUM,,0.9607161323511503,1,HIGH,1.0
7778,1,20,LOW,0.0,0.08016094882754748,0,LOW,0.0
7779,1,0,LOW,0.0,0.3909576860684454,0,LOW,0.0
7780,1,0,LOW,0.0,0.4093951935139354,0,LOW,0.0
7781,1,0,LOW,0.0,0.3687864027200977,0,LOW,0.0
7782,1,40,MEDIUM,,0.9492508094943193,1,HIGH,1.0
7783,1,20,LOW,0.0,0.8422949314236643,1,REVIEW,
7784,1,10,LOW,0.0,0.5788329949594853,1,REVIEW,
7785,1,0,LOW,0.0,0.3572071806376556,0,LOW,0.0
7786,1,10,LOW,0.0,0.8136579788675795,1,REVIEW,
7787,1,45,MEDIUM,,0.9968753680057798,1,HIGH,1.0
7788,1,20,LOW,0.0,0.4901024537899806,0,LOW,0.0
7789,1,0,LOW,0.0,0.41428282937679617,0,LOW,0.0
7790,1,0,LOW,0.0,0.11566140893742363,0,LOW,0.0
7791,1,0,LOW,0.0,0.6253769391931164,1,REVIEW,
7792,1,30,MEDIUM,,0.9683011594324563,1,HIGH,1.0
7793,1,20,LOW,0.0,0.5143929265834942,1,REVIEW,
7794,1,0,LOW,0.0,0.2587360616027586,0,LOW,0.0
7795,1,0,LOW,0.0,0.23239361853375462,0,LOW,0.0
7796,1,10,LOW,0.0,0.7819364933132179,1,REVIEW,
7797,1,30,MEDIUM,,0.973292979176763,1,HIGH,1.0
7798,1,0,LOW,0.0,0.24671471122180308,0,LOW,0.0
7799,1,10,LOW,0.0,0.3030897963951987,0,LOW,0.0
7800,1,0,LOW,0.0,0.23594844403560775,0,LOW,0.0
7801,1,10,LOW,0.0,0.7464724490682131,1,REVIEW,
7802,1,40,MEDIUM,,0.9660595836326519,1,HIGH,1.0
7803,1,10,LOW,0.0,0.28346530497421,0,LOW,0.0
7804,1,0,LOW,0.0,0.8317528812336459,1,REVIEW,
7805,1,0,LOW,0.0,0.05862805962143461,0,LOW,0.0
7806,1,10,LOW,0.0,0.6119787667697992,1,REVIEW,
7807,1,40,MEDIUM,,0.9959684448688791,1,HIGH,1.0
7808,1,20,LOW,0.0,0.11603079112035919,0,LOW,0.0
7809,1,0,LOW,0.0,0.6836398835870894,1,REVIEW,
7810,1,0,LOW,0.0,0.5173663978476303,1,REVIEW,
7811,1,10,LOW,0.0,0.11394624820604668,0,LOW,0.0
7812,1,30,MEDIUM,,0.9453577710985626,1,HIGH,1.0
7813,1,20,LOW,0.0,0.760655438086384,1,REVIEW,
7814,1,5,LOW,0.0,0.7907607100371573,1,REVIEW,
7815,1,0,LOW,0.0,0.008659896714918795,0,LOW,0.0
7816,1,10,LOW,0.0,0.3386379032399774,0,LOW,0.0
7817,1,20,LOW,0.0,0.6517179601392372,1,REVIEW,
7818,1,20,LOW,0.0,0.10637563108538407,0,LOW,0.0
7819,1,10,LOW,0.0,0.4539635924546559,0,LOW,0.0
7820,1,0,LOW,0.0,0.16788815882929364,0,LOW,0.0
7821,1,0,LOW,0.0,0.5362005701968618,1,REVIEW,
7822,1,30,MEDIUM,,0.8358568347192267,1,HIGH,1.0
7823,1,20,LOW,0.0,0.30001265256726406,0,LOW,0.0
7824,1,0,LOW,0.0,0.7597056277390554,1,REVIEW,
7825,1,0,LOW,0.0,0.2376829637987723,0,LOW,0.0
7826,1,0,LOW,0.0,0.042234605327666874,0,LOW,0.0
7827,1,45,MEDIUM,,0.9860220501794404,1,HIGH,1.0
7828,1,20,LOW,0.0,0.23805783182111523,0,LOW,0.0
7829,1,0,LOW,0.0,0.7070216837893946,1,REVIEW,
7830,1,0,LOW,0.0,0.3461291224928698,0,LOW,0.0
7831,1,10,LOW,0.0,0.563970801832318,1,REVIEW,
7832,1,5,LOW,0.0,0.7950361741826727,1,REVIEW,
7833,1,25,LOW,0.0,0.9071662588134478,1,REVIEW,
7834,1,30,MEDIUM,,0.5451870793631863,1,HIGH,1.0
7835,1,0,LOW,0.0,0.7470082865291743,1,REVIEW,
7836,1,0,LOW,0.0,0.3018639891084637,0,LOW,0.0
7837,1,0,LOW,0.0,0.48721275767995714,0,LOW,0.0
7838,1,45,MEDIUM,,0.9922308251889188,1,HIGH,1.0
7839,1,20,LOW,0.0,0.03979957100265628,0,LOW,0.0
7840,1,0,LOW,0.0,0.6108922050989981,1,REVIEW,
7841,1,0,LOW,0.0,0.035980222255479186,0,LOW,0.0
7842,1,5,LOW,0.0,0.15299608688272498,0,LOW,0.0
7843,1,20,LOW,0.0,0.9039679469327119,1,REVIEW,
7844,1,20,LOW,0.0,0.4600007513771987,0,LOW,0.0
7845,1,0,LOW,0.0,0.4882274864375218,0,LOW,0.0
7846,1,10,LOW,0.0,0.18552992562243892,0,LOW,0.0
7847,1,0,LOW,0.0,0.18485809018000107,0,LOW,0.0
7848,1,30,MEDIUM,,0.9746354017588016,1,HIGH,1.0
7849,1,30,MEDIUM,,0.01395815139743084,0,REVIEW,
7850,1,10,LOW,0.0,0.6920498385515446,1,REVIEW,
7851,1,10,LOW,0.0,0.336607137713122,0,LOW,0.0
7852,1,30,MEDIUM,,0.6498645868400424,1,HIGH,1.0
7853,1,0,LOW,0.0,0.09703578023892773,0,LOW,0.0
7854,1,20,LOW,0.0,0.9105357318392538,1,REVIEW,
7855,1,20,LOW,0.0,0.9109555459731791,1,REVIEW,
7856,1,0,LOW,0.0,0.8902717867090958,1,REVIEW,
7857,1,0,LOW,0.0,0.10608320307831016,0,LOW,0.0
7858,1,10,LOW,0.0,0.26403923787768424,0,LOW,0.0
7859,1,30,MEDIUM,,0.6339834634615199,1,HIGH,1.0
7860,1,20,LOW,0.0,0.10841791044376976,0,LOW,0.0
7861,1,0,LOW,0.0,0.18688012053994177,0,LOW,0.0
7862,1,0,LOW,0.0,0.739519467228874,1,REVIEW,
7863,1,30,MEDIUM,,0.7707332399566007,1,HIGH,1.0
7864,1,35,MEDIUM,,0.9602191689652884,1,HIGH,1.0
7865,1,0,LOW,0.0,0.029405634702847617,0,LOW,0.0
7866,1,0,LOW,0.0,0.5129079655577997,1,REVIEW,
7867,1,10,LOW,0.0,0.22531757619986034,0,LOW,0.0
7868,1,0,LOW,0.0,0.47099812809551045,0,LOW,0.0
7869,1,30,MEDIUM,,0.9824191437182288,1,HIGH,1.0
7870,1,20,LOW,0.0,0.25554828119483936,0,LOW,0.0
7871,1,10,LOW,0.0,0.647261695623601,1,REVIEW,
7872,1,0,LOW,0.0,0.100633420348606,0,LOW,0.0
7873,1,10,LOW,0.0,0.3246806025385437,0,LOW,0.0
7874,1,30,MEDIUM,,0.9351026322856982,1,HIGH,1.0
7875,1,30,MEDIUM,,0.9455464232344928,1,HIGH,1.0
7876,1,0,LOW,0.0,0.7780389216259188,1,REVIEW,
7877,1,0,LOW,0.0,0.16271555217569433,0,LOW,0.0
7878,1,0,LOW,0.0,0.5865013331510549,1,REVIEW,
7879,1,30,MEDIUM,,0.9664401995317402,1,HIGH,1.0
7880,1,20,LOW,0.0,0.14565562287167702,0,LOW,0.0
7881,1,0,LOW,0.0,0.47697856755676854,0,LOW,0.0
7882,1,0,LOW,0.0,0.5162046880883735,1,REVIEW,
7883,1,0,LOW,0.0,0.3250000573287352,0,LOW,0.0
7884,1,40,MEDIUM,,0.9759645019569182,1,HIGH,1.0
7885,1,0,LOW,0.0,0.18377719682364285,0,LOW,0.0
7886,1,10,LOW,0.0,0.7362213091234376,1,REVIEW,
7887,1,0,LOW,0.0,0.2830713308729192,0,LOW,0.0
7888,1,0,LOW,0.0,0.7597521728015233,1,REVIEW,
7889,1,45,MEDIUM,,0.9868281762494348,1,HIGH,1.0
7890,1,20,LOW,0.0,0.5157235170919009,1,REVIEW,
7891,1,0,LOW,0.0,0.807528713439016,1,REVIEW,
7892,1,0,LOW,0.0,0.5824821946237448,1,REVIEW,
7893,1,10,LOW,0.0,0.44991105302161327,0,LOW,0.0
7894,1,35,MEDIUM,,0.9815024226849233,1,HIGH,1.0
7895,1,20,LOW,0.0,0.19532347547700982,0,LOW,0.0
7896,1,10,LOW,0.0,0.4235698621526587,0,LOW,0.0
7897,1,0,LOW,0.0,0.07156634825410836,0,LOW,0.0
7898,1,0,LOW,0.0,0.07310987613706317,0,LOW,0.0
7899,1,35,MEDIUM,,0.9194113797358452,1,HIGH,1.0
7900,1,10,LOW,0.0,0.05811362030241874,0,LOW,0.0
7901,1,0,LOW,0.0,0.7055007769169577,1,REVIEW,
7902,1,10,LOW,0.0,0.6542593471016935,1,REVIEW,
7903,1,10,LOW,0.0,0.4299852753765684,0,LOW,0.0
7904,1,40,MEDIUM,,0.9818947300063702,1,HIGH,1.0
7905,1,20,LOW,0.0,0.6852050730174969,1,REVIEW,
7906,1,0,LOW,0.0,0.8781819781943597,1,REVIEW,
7907,1,0,LOW,0.0,0.6640075425881985,1,REVIEW,
7908,1,0,LOW,0.0,0.5283273323391054,1,REVIEW,
7909,1,35,MEDIUM,,0.9293039047111016,1,HIGH,1.0
7910,1,20,LOW,0.0,0.2604804162282609,0,LOW,0.0
7911,1,10,LOW,0.0,0.6901686409701308,1,REVIEW,
7912,1,0,LOW,0.0,0.22443529786028474,0,LOW,0.0
7913,1,0,LOW,0.0,0.3963821572273702,0,LOW,0.0
7914,1,45,MEDIUM,,0.9767056377568532,1,HIGH,1.0
7915,1,30,MEDIUM,,0.4149319219629721,0,REVIEW,
7916,1,5,LOW,0.0,0.9426458013429304,1,REVIEW,
7917,1,0,LOW,0.0,0.4231059204698019,0,LOW,0.0
7918,1,0,LOW,0.0,0.17031893897996783,0,LOW,0.0
7919,1,30,MEDIUM,,0.8956650105419814,1,HIGH,1.0
7920,1,30,MEDIUM,,0.38140849726705134,0,REVIEW,
7921,1,10,LOW,0.0,0.9112484451136503,1,REVIEW,
7922,1,0,LOW,0.0,0.1394426511854309,0,LOW,0.0
7923,1,10,LOW,0.0,0.6913329196998196,1,REVIEW,
7924,1,30,MEDIUM,,0.929216078411736,1,HIGH,1.0
7925,1,25,LOW,0.0,0.89442734825021,1,REVIEW,
7926,1,10,LOW,0.0,0.46803230354881464,0,LOW,0.0
7927,1,0,LOW,0.0,0.49873863562265763,0,LOW,0.0
7928,1,0,LOW,0.0,0.6848651966793914,1,REVIEW,
7929,1,30,MEDIUM,,0.7638856654652356,1,HIGH,1.0
7930,1,20,LOW,0.0,0.27528593455259465,0,LOW,0.0
7931,1,0,LOW,0.0,0.5102106217817964,1,REVIEW,
7932,1,0,LOW,0.0,0.17524076810895317,0,LOW,0.0
7933,1,30,MEDIUM,,0.6038623574476901,1,HIGH,1.0
7934,1,20,LOW,0.0,0.9015847327555285,1,REVIEW,
7935,1,30,MEDIUM,,0.4311513980053952,0,REVIEW,
7936,1,0,LOW,0.0,0.44443727950631684,0,LOW,0.0
7937,1,0,LOW,0.0,0.06417177148331016,0,LOW,0.0
7938,1,10,LOW,0.0,0.17929435959460097,0,LOW,0.0
7939,1,30,MEDIUM,,0.9885969075312092,1,HIGH,1.0
7940,1,20,LOW,0.0,0.07718532891083488,0,LOW,0.0
7941,1,10,LOW,0.0,0.2961726629038283,0,LOW,0.0
7942,1,10,LOW,0.0,0.037312011933498965,0,LOW,0.0
7943,1,10,LOW,0.0,0.3548252033642242,0,LOW,0.0
7944,1,30,MEDIUM,,0.9736314732742268,1,HIGH,1.0
7945,1,20,LOW,0.0,0.47611353812036167,0,LOW,0.0
7946,1,5,LOW,0.0,0.5954964354935944,1,REVIEW,
7947,1,0,LOW,0.0,0.010317606535752588,0,LOW,0.0
7948,1,20,LOW,0.0,0.2589642556822222,0,LOW,0.0
7949,1,35,MEDIUM,,0.9820886666370513,1,HIGH,1.0
7950,1,20,LOW,0.0,0.4209884054227787,0,LOW,0.0
7951,1,0,LOW,0.0,0.7508116866906613,1,REVIEW,
7952,1,0,LOW,0.0,0.7400943642437952,1,REVIEW,
7953,1,10,LOW,0.0,0.12502797143181393,0,LOW,0.0
7954,1,40,MEDIUM,,0.9926414402298468,1,HIGH,1.0
7955,1,20,LOW,0.0,0.4144243909253774,0,LOW,0.0
7956,1,0,LOW,0.0,0.8512328574895932,1,REVIEW,
7957,1,0,LOW,0.0,0.354350451682847,0,LOW,0.0
7958,1,10,LOW,0.0,0.48767500090092936,0,LOW,0.0
7959,1,30,MEDIUM,,0.9911885769263662,1,HIGH,1.0
7960,1,0,LOW,0.0,0.4610885491702736,0,LOW,0.0
7961,1,10,LOW,0.0,0.7524900491816762,1,REVIEW,
7962,1,0,LOW,0.0,0.39316491307255386,0,LOW,0.0
7963,1,30,MEDIUM,,0.6957068592457388,1,HIGH,1.0
7964,1,15,LOW,0.0,0.8763086943126023,1,REVIEW,
7965,1,0,LOW,0.0,0.17112815610033458,0,LOW,0.0
7966,1,0,LOW,0.0,0.38712351397055733,0,LOW,0.0
7967,1,5,LOW,0.0,0.6825000135554942,1,REVIEW,
7968,1,10,LOW,0.0,0.10399513975851517,0,LOW,0.0
7969,1,35,MEDIUM,,0.9501019616583329,1,HIGH,1.0
7970,1,0,LOW,0.0,0.16718486930741033,0,LOW,0.0
7971,1,0,LOW,0.0,0.824648287541865,1,REVIEW,
7972,1,0,LOW,0.0,0.28507573959748594,0,LOW,0.0
7973,1,10,LOW,0.0,0.18391376136326293,0,LOW,0.0
7974,1,35,MEDIUM,,0.8383537201390606,1,HIGH,1.0
7975,1,30,MEDIUM,,0.4066070386774702,0,REVIEW,
7976,1,0,LOW,0.0,0.4476534848127596,0,LOW,0.0
7977,1,0,LOW,0.0,0.62754107391754,1,REVIEW,
7978,1,10,LOW,0.0,0.6604942254595245,1,REVIEW,
7979,1,30,MEDIUM,,0.985284087056189,1,HIGH,1.0
7980,1,10,LOW,0.0,0.3457808706899728,0,LOW,0.0
7981,1,0,LOW,0.0,0.3063435353793838,0,LOW,0.0
7982,1,30,MEDIUM,,0.8483071591981829,1,HIGH,1.0
7983,1,10,LOW,0.0,0.5896015321847521,1,REVIEW,
7984,1,35,MEDIUM,,0.963003680916568,1,HIGH,1.0
7985,1,30,MEDIUM,,0.6896994819583553,1,HIGH,1.0
7986,1,10,LOW,0.0,0.429552561033598,0,LOW,0.0
7987,1,0,LOW,0.0,0.10387960016784488,0,LOW,0.0
7988,1,30,MEDIUM,,0.866449151666686,1,HIGH,1.0
7989,1,20,LOW,0.0,0.6310460651276947,1,REVIEW,
7990,1,0,LOW,0.0,0.1990083134394917,0,LOW,0.0
7991,1,0,LOW,0.0,0.11230655095458013,0,LOW,0.0
7992,1,0,LOW,0.0,0.22551490288249953,0,LOW,0.0
7993,1,20,LOW,0.0,0.8952424815194145,1,REVIEW,
7994,1,30,MEDIUM,,0.9235575887541319,1,HIGH,1.0
7995,1,0,LOW,0.0,0.5315955238702683,1,REVIEW,
7996,1,5,LOW,0.0,0.2213709765798407,0,LOW,0.0
7997,1,10,LOW,0.0,0.41788430776670515,0,LOW,0.0
7998,1,30,MEDIUM,,0.9954465257073013,1,HIGH,1.0
7999,1,0,LOW,0.0,0.05789585896736042,0,LOW,0.0
8000,1,0,LOW,0.0,0.6145756120357159,1,REVIEW,
8001,1,0,LOW,0.0,0.5679559243351949,1,REVIEW,
8002,1,10,LOW,0.0,0.45766905563557164,0,LOW,0.0
8003,1,35,MEDIUM,,0.9888146721614186,1,HIGH,1.0
8004,1,20,LOW,0.0,0.1992135895382451,0,LOW,0.0
8005,1,5,LOW,0.0,0.5970583961205376,1,REVIEW,
8006,1,10,LOW,0.0,0.031813106378910334,0,LOW,0.0
8007,1,10,LOW,0.0,0.8417238429163024,1,REVIEW,
8008,1,40,MEDIUM,,0.9347399423893666,1,HIGH,1.0
8009,1,30,MEDIUM,,0.46713407881430097,0,REVIEW,
8010,1,0,LOW,0.0,0.5557501762270123,1,REVIEW,
8011,1,0,LOW,0.0,0.1654383882928604,0,LOW,0.0
8012,1,0,LOW,0.0,0.1639157064866777,0,LOW,0.0
8013,1,30,MEDIUM,,0.9814059496820517,1,HIGH,1.0
8014,1,20,LOW,0.0,0.16867916305620034,0,LOW,0.0
8015,1,0,LOW,0.0,0.48951777520318923,0,LOW,0.0
8016,1,0,LOW,0.0,0.04967107568337315,0,LOW,0.0
8017,1,30,MEDIUM,,0.8839041941277821,1,HIGH,1.0
8018,1,30,MEDIUM,,0.8724017147456612,1,HIGH,1.0
8019,1,0,LOW,0.0,0.011925098139002112,0,LOW,0.0
8020,1,20,LOW,0.0,0.7198722263738412,1,REVIEW,
8021,1,0,LOW,0.0,0.5081960274855591,1,REVIEW,
8022,1,10,LOW,0.0,0.4378681838802471,0,LOW,0.0
8023,1,30,MEDIUM,,0.968205347368041,1,HIGH,1.0
8024,1,20,LOW,0.0,0.19494761399279942,0,LOW,0.0
8025,1,0,LOW,0.0,0.3354385429288675,0,LOW,0.0
8026,1,0,LOW,0.0,0.4544673084541872,0,LOW,0.0
8027,1,0,LOW,0.0,0.38527209129028683,0,LOW,0.0
8028,1,35,MEDIUM,,0.987342563102623,1,HIGH,1.0
8029,1,20,LOW,0.0,0.3139176532915357,0,LOW,0.0
8030,1,10,LOW,0.0,0.5166081134770456,1,REVIEW,
8031,1,10,LOW,0.0,0.12408860698780669,0,LOW,0.0
8032,1,10,LOW,0.0,0.7519628653212324,1,REVIEW,
8033,1,30,MEDIUM,,0.8736174828422257,1,HIGH,1.0
8034,1,0,LOW,0.0,0.17988242980209024,0,LOW,0.0
8035,1,10,LOW,0.0,0.9073901767845265,1,REVIEW,
8036,1,0,LOW,0.0,0.11895816923475859,0,LOW,0.0
8037,1,30,MEDIUM,,0.808118632640396,1,HIGH,1.0
8038,1,35,MEDIUM,,0.9682935533146657,1,HIGH,1.0
8039,1,0,LOW,0.0,0.29440719690283407,0,LOW,0.0
8040,1,10,LOW,0.0,0.6690736797542255,1,REVIEW,
8041,1,0,LOW,0.0,0.017718060334181236,0,LOW,0.0
8042,1,0,LOW,0.0,0.5205633908773021,1,REVIEW,
8043,1,30,MEDIUM,,0.9773097468095385,1,HIGH,1.0
8044,1,0,LOW,0.0,0.10376034527114528,0,LOW,0.0
8045,1,0,LOW,0.0,0.9534214027047148,1,REVIEW,
8046,1,10,LOW,0.0,0.6129180443164294,1,REVIEW,
8047,1,0,LOW,0.0,0.1633281468673399,0,LOW,0.0
8048,1,30,MEDIUM,,0.8514489954793261,1,HIGH,1.0
8049,1,20,LOW,0.0,0.9475598814795627,1,REVIEW,
8050,1,10,LOW,0.0,0.3133623639985362,0,LOW,0.0
8051,1,0,LOW,0.0,0.031564933677778545,0,LOW,0.0
8052,1,0,LOW,0.0,0.242416287909347,0,LOW,0.0
8053,1,30,MEDIUM,,0.9422321807331375,1,HIGH,1.0
8054,1,0,LOW,0.0,0.3275118433744592,0,LOW,0.0
8055,1,5,LOW,0.0,0.3266977628827643,0,LOW,0.0
8056,1,0,LOW,0.0,0.6575655883118223,1,REVIEW,
8057,1,10,LOW,0.0,0.6238326314934183,1,REVIEW,
8058,1,30,MEDIUM,,0.847918072187937,1,HIGH,1.0
8059,1,20,LOW,0.0,0.5198727868875348,1,REVIEW,
8060,1,10,LOW,0.0,0.6192089704803827,1,REVIEW,
8061,1,0,LOW,0.0,0.5287211000846084,1,REVIEW,
8062,1,0,LOW,0.0,0.9222349620695574,1,REVIEW,
8063,1,30,MEDIUM,,0.9893267142070303,1,HIGH,1.0
8064,1,0,LOW,0.0,0.20855217884539257,0,LOW,0.0
8065,1,0,LOW,0.0,0.46634658440248244,0,LOW,0.0
8066,1,0,LOW,0.0,0.48502611315947625,0,LOW,0.0
8067,1,10,LOW,0.0,0.8894985748646485,1,REVIEW,
8068,1,40,MEDIUM,,0.9841588804730463,1,HIGH,1.0
8069,1,20,LOW,0.0,0.8487206489287927,1,REVIEW,
8070,1,0,LOW,0.0,0.7571314887015875,1,REVIEW,
8071,1,0,LOW,0.0,0.722476120320127,1,REVIEW,
8072,1,0,LOW,0.0,0.2627839083436633,0,LOW,0.0
8073,1,30,MEDIUM,,0.9925200138456043,1,HIGH,1.0
8074,1,0,LOW,0.0,0.17635375971343084,0,LOW,0.0
8075,1,5,LOW,0.0,0.8438400338497503,1,REVIEW,
8076,1,0,LOW,0.0,0.15333427461927193,0,LOW,0.0
8077,1,0,LOW,0.0,0.11193305092651683,0,LOW,0.0
8078,1,45,MEDIUM,,0.9660976688153075,1,HIGH,1.0
8079,1,10,LOW,0.0,0.5013034123441348,1,REVIEW,
8080,1,0,LOW,0.0,0.4395317331221751,0,LOW,0.0
8081,1,0,LOW,0.0,0.06189929763168401,0,LOW,0.0
8082,1,0,LOW,0.0,0.24242580474909584,0,LOW,0.0
8083,1,10,LOW,0.0,0.9667230405341624,1,REVIEW,
8084,1,20,LOW,0.0,0.27734224955454556,0,LOW,0.0
8085,1,0,LOW,0.0,0.8398742988555921,1,REVIEW,
8086,1,0,LOW,0.0,0.025963144608050447,0,LOW,0.0
8087,1,10,LOW,0.0,0.1375099791443,0,LOW,0.0
8088,1,20,LOW,0.0,0.9474413972932193,1,REVIEW,
8089,1,0,LOW,0.0,0.04604457319193253,0,LOW,0.0
8090,1,20,LOW,0.0,0.8165620051016451,1,REVIEW,
8091,1,0,LOW,0.0,0.3917947464908653,0,LOW,0.0
8092,1,30,MEDIUM,,0.7402353472269911,1,HIGH,1.0
8093,1,40,MEDIUM,,0.8662870821178568,1,HIGH,1.0
8094,1,0,LOW,0.0,0.4530697136134369,0,LOW,0.0
8095,1,5,LOW,0.0,0.9353214947851081,1,REVIEW,
8096,1,10,LOW,0.0,0.20706421903510094,0,LOW,0.0
8097,1,10,LOW,0.0,0.3246165771243757,0,LOW,0.0
8098,1,40,MEDIUM,,0.8886916597413365,1,HIGH,1.0
8099,1,20,LOW,0.0,0.09219721731381156,0,LOW,0.0
8100,1,5,LOW,0.0,0.9765241897644467,1,REVIEW,
8101,1,0,LOW,0.0,0.5766346283674956,1,REVIEW,
8102,1,10,LOW,0.0,0.8694268617883729,1,REVIEW,
8103,1,45,MEDIUM,,0.9912568193812853,1,HIGH,1.0
8104,1,0,LOW,0.0,0.03632557992854014,0,LOW,0.0
8105,1,0,LOW,0.0,0.5744298258863391,1,REVIEW,
8106,1,0,LOW,0.0,0.3853806545043499,0,LOW,0.0
8107,1,10,LOW,0.0,0.6904902118636763,1,REVIEW,
8108,1,45,MEDIUM,,0.9814163129260844,1,HIGH,1.0
8109,1,20,LOW,0.0,0.12015435133517387,0,LOW,0.0
8110,1,0,LOW,0.0,0.8844049527963994,1,REVIEW,
8111,1,0,LOW,0.0,0.052956775096084534,0,LOW,0.0
8112,1,10,LOW,0.0,0.880867056184675,1,REVIEW,
8113,1,40,MEDIUM,,0.967807422957658,1,HIGH,1.0
8114,1,30,MEDIUM,,0.2561264000017118,0,REVIEW,
8115,1,10,LOW,0.0,0.7711025006841931,1,REVIEW,
8116,1,0,LOW,0.0,0.19588665187409382,0,LOW,0.0
8117,1,0,LOW,0.0,0.46716899979424364,0,LOW,0.0
8118,1,20,LOW,0.0,0.93902493852879,1,REVIEW,
8119,1,0,LOW,0.0,0.041723812092518374,0,LOW,0.0
8120,1,0,LOW,0.0,0.6748026318860727,1,REVIEW,
8121,1,0,LOW,0.0,0.24410991680279498,0,LOW,0.0
8122,1,10,LOW,0.0,0.2299925649911753,0,LOW,0.0
8123,1,5,LOW,0.0,0.98964735665771,1,REVIEW,
8124,1,25,LOW,0.0,0.8080625103146525,1,REVIEW,
8125,1,0,LOW,0.0,0.7818105142397741,1,REVIEW,
8126,1,0,LOW,0.0,0.8129165202629871,1,REVIEW,
8127,1,10,LOW,0.0,0.30088229292587215,0,LOW,0.0
8128,1,30,MEDIUM,,0.9754214433474916,1,HIGH,1.0
8129,1,20,LOW,0.0,0.6680851482979088,1,REVIEW,
8130,1,10,LOW,0.0,0.2670867555706126,0,LOW,0.0
8131,1,5,LOW,0.0,0.9583621409160614,1,REVIEW,
8132,1,0,LOW,0.0,0.33060128544499645,0,LOW,0.0
8133,1,10,LOW,0.0,0.9729824950280768,1,REVIEW,
8134,1,20,LOW,0.0,0.48649693165730457,0,LOW,0.0
8135,1,0,LOW,0.0,0.9270551490047966,1,REVIEW,
8136,1,0,LOW,0.0,0.6303654202740412,1,REVIEW,
8137,1,0,LOW,0.0,0.6663508583527209,1,REVIEW,
8138,1,20,LOW,0.0,0.8939661063801184,1,REVIEW,
8139,1,20,LOW,0.0,0.09581120753980242,0,LOW,0.0
8140,1,10,LOW,0.0,0.8106697394165291,1,REVIEW,
8141,1,0,LOW,0.0,0.14593320265354204,0,LOW,0.0
8142,1,20,LOW,0.0,0.1509115768038406,0,LOW,0.0
8143,1,35,MEDIUM,,0.9942687052903699,1,HIGH,1.0
8144,1,25,LOW,0.0,0.39477374587733904,0,LOW,0.0
8145,1,0,LOW,0.0,0.4800676677687959,0,LOW,0.0
8146,1,0,LOW,0.0,0.1642887839303644,0,LOW,0.0
8147,1,0,LOW,0.0,0.6635047993777209,1,REVIEW,
8148,1,30,MEDIUM,,0.8063866606991306,1,HIGH,1.0
8149,1,0,LOW,0.0,0.6594900252186755,1,REVIEW,
8150,1,0,LOW,0.0,0.03688348192880279,0,LOW,0.0
8151,1,10,LOW,0.0,0.5849554669766225,1,REVIEW,
8152,1,0,LOW,0.0,0.05643349128056358,0,LOW,0.0
8153,1,30,MEDIUM,,0.9746378935941945,1,HIGH,1.0
8154,1,30,MEDIUM,,0.014370612296551098,0,REVIEW,
8155,1,0,LOW,0.0,0.4744361066230397,0,LOW,0.0
8156,1,10,LOW,0.0,0.16021699493210287,0,LOW,0.0
8157,1,10,LOW,0.0,0.8441471208458616,1,REVIEW,
8158,1,30,MEDIUM,,0.9861982851900126,1,HIGH,1.0
8159,1,30,MEDIUM,,0.7821485301858693,1,HIGH,1.0
8160,1,10,LOW,0.0,0.5691456851058645,1,REVIEW,
8161,1,0,LOW,0.0,0.10274931160408156,0,LOW,0.0
8162,1,10,LOW,0.0,0.6597263212765387,1,REVIEW,
8163,1,30,MEDIUM,,0.9335824070521723,1,HIGH,1.0
8164,1,35,MEDIUM,,0.4224511626323125,0,REVIEW,
8165,1,0,LOW,0.0,0.704516371909249,1,REVIEW,
8166,1,10,LOW,0.0,0.2940847898180706,0,LOW,0.0
8167,1,10,LOW,0.0,0.23640836297848478,0,LOW,0.0
8168,1,15,LOW,0.0,0.9683552628951433,1,REVIEW,
8169,1,0,LOW,0.0,0.2818037376295399,0,LOW,0.0
8170,1,15,LOW,0.0,0.8454068626156015,1,REVIEW,
8171,1,0,LOW,0.0,0.5000836404043641,1,REVIEW,
8172,1,10,LOW,0.0,0.26649539904840513,0,LOW,0.0
8173,1,10,LOW,0.0,0.3410047523524762,0,LOW,0.0
8174,1,30,MEDIUM,,0.6653203985939249,1,HIGH,1.0
8175,1,0,LOW,0.0,0.20584485659275648,0,LOW,0.0
8176,1,10,LOW,0.0,0.18547514365919598,0,LOW,0.0
8177,1,0,LOW,0.0,0.25765601475894234,0,LOW,0.0
8178,1,30,MEDIUM,,0.6403119567701727,1,HIGH,1.0
8179,1,35,MEDIUM,,0.9678869786133333,1,HIGH,1.0
8180,1,10,LOW,0.0,0.2902751547256581,0,LOW,0.0
8181,1,0,LOW,0.0,0.5541980993462785,1,REVIEW,
8182,1,0,LOW,0.0,0.16757992526762516,0,LOW,0.0
8183,1,0,LOW,0.0,0.07976657184387495,0,LOW,0.0
8184,1,20,LOW,0.0,0.9917592982415756,1,REVIEW,
8185,1,30,MEDIUM,,0.6380832401435371,1,HIGH,1.0
8186,1,0,LOW,0.0,0.5260494055689063,1,REVIEW,
8187,1,0,LOW,0.0,0.5196530660148453,1,REVIEW,
8188,1,0,LOW,0.0,0.7977938086610629,1,REVIEW,
8189,1,35,MEDIUM,,0.9865121740862731,1,HIGH,1.0
8190,1,20,LOW,0.0,0.13007928167413013,0,LOW,0.0
8191,1,15,LOW,0.0,0.5960394823438312,1,REVIEW,
8192,1,10,LOW,0.0,0.5603350890377212,1,REVIEW,
8193,1,0,LOW,0.0,0.8176892036887208,1,REVIEW,
8194,1,45,MEDIUM,,0.9876584543479322,1,HIGH,1.0
8195,1,30,MEDIUM,,0.7934705518763313,1,HIGH,1.0
8196,1,10,LOW,0.0,0.36718279488772493,0,LOW,0.0
8197,1,15,LOW,0.0,0.18685714517898291,0,LOW,0.0
8198,1,10,LOW,0.0,0.6765799240639782,1,REVIEW,
8199,1,35,MEDIUM,,0.9860453577333125,1,HIGH,1.0
8200,1,0,LOW,0.0,0.14415533729006383,0,LOW,0.0
8201,1,0,LOW,0.0,0.45705954370200513,0,LOW,0.0
8202,1,10,LOW,0.0,0.03941008365534543,0,LOW,0.0
8203,1,0,LOW,0.0,0.3985339021193677,0,LOW,0.0
8204,1,30,MEDIUM,,0.9672913025038933,1,HIGH,1.0
8205,1,0,LOW,0.0,0.030339692809913173,0,LOW,0.0
8206,1,0,LOW,0.0,0.8583043007249863,1,REVIEW,
8207,1,10,LOW,0.0,0.8394919746518419,1,REVIEW,
8208,1,10,LOW,0.0,0.08226688282889762,0,LOW,0.0
8209,1,30,MEDIUM,,0.9763972231175719,1,HIGH,1.0
8210,1,30,MEDIUM,,0.19359002609010673,0,REVIEW,
8211,1,0,LOW,0.0,0.15261117719420647,0,LOW,0.0
8212,1,10,LOW,0.0,0.764970873094752,1,REVIEW,
8213,1,0,LOW,0.0,0.0597696820162732,0,LOW,0.0
8214,1,30,MEDIUM,,0.9748505865076517,1,HIGH,1.0
8215,1,20,LOW,0.0,0.16087864240591976,0,LOW,0.0
8216,1,15,LOW,0.0,0.5484754064519725,1,REVIEW,
8217,1,0,LOW,0.0,0.011642440750309853,0,LOW,0.0
8218,1,0,LOW,0.0,0.16867588716530993,0,LOW,0.0
8219,1,30,MEDIUM,,0.9581370537845959,1,HIGH,1.0
8220,1,30,MEDIUM,,0.3463022472830258,0,REVIEW,
8221,1,0,LOW,0.0,0.7762462755392409,1,REVIEW,
8222,1,0,LOW,0.0,0.1594436151880909,0,LOW,0.0
8223,1,30,MEDIUM,,0.7644854983698438,1,HIGH,1.0
8224,1,10,LOW,0.0,0.9522709455661365,1,REVIEW,
8225,1,0,LOW,0.0,0.06910817296221967,0,LOW,0.0
8226,1,10,LOW,0.0,0.7301900891983372,1,REVIEW,
8227,1,15,LOW,0.0,0.8785683221828965,1,REVIEW,
8228,1,0,LOW,0.0,0.28560477409008644,0,LOW,0.0
8229,1,30,MEDIUM,,0.9727485844174554,1,HIGH,1.0
8230,1,10,LOW,0.0,0.037765417605861114,0,LOW,0.0
8231,1,0,LOW,0.0,0.6885120266623576,1,REVIEW,
8232,1,0,LOW,0.0,0.5635645588712287,1,REVIEW,
8233,1,10,LOW,0.0,0.3337137059168085,0,LOW,0.0
8234,1,40,MEDIUM,,0.9216992403981876,1,HIGH,1.0
8235,1,15,LOW,0.0,0.18490505495523465,0,LOW,0.0
8236,1,0,LOW,0.0,0.6854769740083186,1,REVIEW,
8237,1,0,LOW,0.0,0.11143569530180344,0,LOW,0.0
8238,1,10,LOW,0.0,0.3767864570764532,0,LOW,0.0
8239,1,40,MEDIUM,,0.9259174948485719,1,HIGH,1.0
8240,1,20,LOW,0.0,0.7445576784322837,1,REVIEW,
8241,1,0,LOW,0.0,0.756440128438183,1,REVIEW,
8242,1,10,LOW,0.0,0.47967778463234584,0,LOW,0.0
8243,1,0,LOW,0.0,0.08737045472454127,0,LOW,0.0
8244,1,30,MEDIUM,,0.9886396530175545,1,HIGH,1.0
8245,1,20,LOW,0.0,0.3365830209949201,0,LOW,0.0
8246,1,10,LOW,0.0,0.5257478233271025,1,REVIEW,
8247,1,0,LOW,0.0,0.12471423286074935,0,LOW,0.0
8248,1,10,LOW,0.0,0.8041198342280361,1,REVIEW,
8249,1,35,MEDIUM,,0.9940899309253093,1,HIGH,1.0
8250,1,20,LOW,0.0,0.013321024695737003,0,LOW,0.0
8251,1,0,LOW,0.0,0.409369008144691,0,LOW,0.0
8252,1,10,LOW,0.0,0.22189884555030587,0,LOW,0.0
8253,1,0,LOW,0.0,0.7750301209289475,1,REVIEW,
8254,1,35,MEDIUM,,0.9357070271559198,1,HIGH,1.0
8255,1,30,MEDIUM,,0.5713178979644948,1,HIGH,1.0
8256,1,10,LOW,0.0,0.8891340695967661,1,REVIEW,
8257,1,10,LOW,0.0,0.33277582156105084,0,LOW,0.0
8258,1,0,LOW,0.0,0.7181869437028091,1,REVIEW,
8259,1,30,MEDIUM,,0.9926151977853053,1,HIGH,1.0
8260,1,20,LOW,0.0,0.7270000544448635,1,REVIEW,
8261,1,5,LOW,0.0,0.18418017880211396,0,LOW,0.0
8262,1,0,LOW,0.0,0.03737177147256151,0,LOW,0.0
8263,1,10,LOW,0.0,0.18310122045298804,0,LOW,0.0
8264,1,35,MEDIUM,,0.9931957420513394,1,HIGH,1.0
8265,1,30,MEDIUM,,0.053465596178531805,0,REVIEW,
8266,1,0,LOW,0.0,0.8144728576344553,1,REVIEW,
8267,1,0,LOW,0.0,0.18997629209501454,0,LOW,0.0
8268,1,30,MEDIUM,,0.904038552823812,1,HIGH,1.0
8269,1,35,MEDIUM,,0.9797996065630149,1,HIGH,1.0
8270,1,20,LOW,0.0,0.2104343684894753,0,LOW,0.0
8271,1,0,LOW,0.0,0.9195629975812365,1,REVIEW,
8272,1,10,LOW,0.0,0.6467079267997683,1,REVIEW,
8273,1,0,LOW,0.0,0.5990985132976088,1,REVIEW,
8274,1,40,MEDIUM,,0.9901366300478746,1,HIGH,1.0
8275,1,20,LOW,0.0,0.16620628017802874,0,LOW,0.0
8276,1,0,LOW,0.0,0.8449530385491426,1,REVIEW,
8277,1,0,LOW,0.0,0.4984537240336287,0,LOW,0.0
8278,1,0,LOW,0.0,0.20595999053790462,0,LOW,0.0
8279,1,35,MEDIUM,,0.9870434930642273,1,HIGH,1.0
8280,1,20,LOW,0.0,0.7947516519244,1,REVIEW,
8281,1,0,LOW,0.0,0.48966648313572675,0,LOW,0.0
8282,1,0,LOW,0.0,0.024597814315462492,0,LOW,0.0
8283,1,0,LOW,0.0,0.3221409339552163,0,LOW,0.0
8284,1,40,MEDIUM,,0.9577041606982214,1,HIGH,1.0
8285,1,20,LOW,0.0,0.2955400647416701,0,LOW,0.0
8286,1,10,LOW,0.0,0.8101377016789191,1,REVIEW,
8287,1,0,LOW,0.0,0.11354829859662335,0,LOW,0.0
8288,1,30,MEDIUM,,0.8325033190241462,1,HIGH,1.0
8289,1,10,LOW,0.0,0.875531243010636,1,REVIEW,
8290,1,20,LOW,0.0,0.12317162357045541,0,LOW,0.0
8291,1,0,LOW,0.0,0.9387672918768971,1,REVIEW,
8292,1,0,LOW,0.0,0.5062912541703395,1,REVIEW,
8293,1,0,LOW,0.0,0.3428758932175121,0,LOW,0.0
8294,1,30,MEDIUM,,0.9625736397847979,1,HIGH,1.0
8295,1,35,MEDIUM,,0.03903553536535541,0,REVIEW,
8296,1,0,LOW,0.0,0.15214639318922568,0,LOW,0.0
8297,1,0,LOW,0.0,0.2891841762501016,0,LOW,0.0
8298,1,10,LOW,0.0,0.7212403635717204,1,REVIEW,
8299,1,25,LOW,0.0,0.9833287834043489,1,REVIEW,
8300,1,0,LOW,0.0,0.10889000429088531,0,LOW,0.0
8301,1,10,LOW,0.0,0.7552657843454951,1,REVIEW,
8302,1,0,LOW,0.0,0.19208288060403245,0,LOW,0.0
8303,1,10,LOW,0.0,0.7373558176125065,1,REVIEW,
8304,1,40,MEDIUM,,0.9623371216788902,1,HIGH,1.0
8305,1,0,LOW,0.0,0.26763273101725665,0,LOW,0.0
8306,1,10,LOW,0.0,0.8688257269483324,1,REVIEW,
8307,1,0,LOW,0.0,0.2487048713616603,0,LOW,0.0
8308,1,10,LOW,0.0,0.7825193267142202,1,REVIEW,
8309,1,30,MEDIUM,,0.9961466707588892,1,HIGH,1.0
8310,1,0,LOW,0.0,0.2569161865379145,0,LOW,0.0
8311,1,0,LOW,0.0,0.19289941749356557,0,LOW,0.0
8312,1,0,LOW,0.0,0.03914037321863115,0,LOW,0.0
8313,1,10,LOW,0.0,0.9519388878701316,1,REVIEW,
8314,1,30,MEDIUM,,0.9722819372319133,1,HIGH,1.0
8315,1,30,MEDIUM,,0.15097266930189474,0,REVIEW,
8316,1,15,LOW,0.0,0.5956679053098187,1,REVIEW,
8317,1,10,LOW,0.0,0.3730019999538739,0,LOW,0.0
8318,1,0,LOW,0.0,0.1562015729961241,0,LOW,0.0
8319,1,30,MEDIUM,,0.9795353616717823,1,HIGH,1.0
8320,1,20,LOW,0.0,0.20807059982539436,0,LOW,0.0
8321,1,0,LOW,0.0,0.47082450303553874,0,LOW,0.0
8322,1,10,LOW,0.0,0.036111992880509695,0,LOW,0.0
8323,1,10,LOW,0.0,0.3792016804767926,0,LOW,0.0
8324,1,35,MEDIUM,,0.9941956669037797,1,HIGH,1.0
8325,1,30,MEDIUM,,0.43201569476363577,0,REVIEW,
8326,1,10,LOW,0.0,0.6173299700953966,1,REVIEW,
8327,1,0,LOW,0.0,0.02569164001226638,0,LOW,0.0
8328,1,0,LOW,0.0,0.8779533577486118,1,REVIEW,
8329,1,15,LOW,0.0,0.991840800695967,1,REVIEW,
8330,1,25,LOW,0.0,0.6409074700626671,1,REVIEW,
8331,1,0,LOW,0.0,0.35894123274693196,0,LOW,0.0
8332,1,15,LOW,0.0,0.8123748387543452,1,REVIEW,
8333,1,10,LOW,0.0,0.8515547753092735,1,REVIEW,
8334,1,30,MEDIUM,,0.9194810294302326,1,HIGH,1.0
8335,1,35,MEDIUM,,0.9170437139906684,1,HIGH,1.0
8336,1,0,LOW,0.0,0.1243420831917344,0,LOW,0.0
8337,1,0,LOW,0.0,0.0179115471409345,0,LOW,0.0
8338,1,0,LOW,0.0,0.4928790367697214,0,LOW,0.0
8339,1,40,MEDIUM,,0.9908801954683312,1,HIGH,1.0
8340,1,30,MEDIUM,,0.11479323882046792,0,REVIEW,
8341,1,0,LOW,0.0,0.9155141292953513,1,REVIEW,
8342,1,10,LOW,0.0,0.5672875730852631,1,REVIEW,
8343,1,30,MEDIUM,,0.9530411617263721,1,HIGH,1.0
8344,1,30,MEDIUM,,0.9868827663926711,1,HIGH,1.0
8345,1,20,LOW,0.0,0.02954121469665161,0,LOW,0.0
8346,1,0,LOW,0.0,0.4536306257442658,0,LOW,0.0
8347,1,10,LOW,0.0,0.3655900407672701,0,LOW,0.0
8348,1,10,LOW,0.0,0.40317102082539685,0,LOW,0.0
8349,1,30,MEDIUM,,0.9729611169293996,1,HIGH,1.0
8350,1,20,LOW,0.0,0.34084033099737554,0,LOW,0.0
8351,1,0,LOW,0.0,0.3397611623046654,0,LOW,0.0
8352,1,0,LOW,0.0,0.18220287598095122,0,LOW,0.0
8353,1,10,LOW,0.0,0.6709278192954629,1,REVIEW,
8354,1,40,MEDIUM,,0.9533333983906,1,HIGH,1.0
8355,1,25,LOW,0.0,0.6820540836438456,1,REVIEW,
8356,1,0,LOW,0.0,0.7383150424049975,1,REVIEW,
8357,1,0,LOW,0.0,0.63801109873217,1,REVIEW,
8358,1,10,LOW,0.0,0.4181675711739316,0,LOW,0.0
8359,1,30,MEDIUM,,0.9222702005936224,1,HIGH,1.0
8360,1,20,LOW,0.0,0.8791611181556777,1,REVIEW,
8361,1,15,LOW,0.0,0.24989530518662378,0,LOW,0.0
8362,1,0,LOW,0.0,0.2206123264087816,0,LOW,0.0
8363,1,10,LOW,0.0,0.2580018902718714,0,LOW,0.0
8364,1,45,MEDIUM,,0.9948847023401142,1,HIGH,1.0
8365,1,20,LOW,0.0,0.13043780807610755,0,LOW,0.0
8366,1,0,LOW,0.0,0.9833052646010034,1,REVIEW,
8367,1,0,LOW,0.0,0.5226383396090588,1,REVIEW,
8368,1,10,LOW,0.0,0.875735977018395,1,REVIEW,
8369,1,30,MEDIUM,,0.895719689749823,1,HIGH,1.0
8370,1,5,LOW,0.0,0.2576901980412203,0,LOW,0.0
8371,1,0,LOW,0.0,0.9188039536693036,1,REVIEW,
8372,1,0,LOW,0.0,0.011106442403137275,0,LOW,0.0
8373,1,10,LOW,0.0,0.6155191628466165,1,REVIEW,
8374,1,5,LOW,0.0,0.5840118417855465,1,REVIEW,
8375,1,40,MEDIUM,,0.9928974852448818,1,HIGH,1.0
8376,1,20,LOW,0.0,0.17236775601768262,0,LOW,0.0
8377,1,0,LOW,0.0,0.52468145487706,1,REVIEW,
8378,1,10,LOW,0.0,0.29912135996748346,0,LOW,0.0
8379,1,10,LOW,0.0,0.12066350066581383,0,LOW,0.0
8380,1,30,MEDIUM,,0.9726757229647208,1,HIGH,1.0
8381,1,30,MEDIUM,,0.7583688275220785,1,HIGH,1.0
8382,1,0,LOW,0.0,0.8108516338156351,1,REVIEW,
8383,1,0,LOW,0.0,0.18678633537718234,0,LOW,0.0
8384,1,30,MEDIUM,,0.6918872149541216,1,HIGH,1.0
8385,1,35,MEDIUM,,0.9300892791534189,1,HIGH,1.0
8386,1,20,LOW,0.0,0.2554556344271873,0,LOW,0.0
8387,1,0,LOW,0.0,0.684626487310729,1,REVIEW,
8388,1,0,LOW,0.0,0.06012717078403705,0,LOW,0.0
8389,1,10,LOW,0.0,0.708095132833455,1,REVIEW,
8390,1,40,MEDIUM,,0.9380155836512499,1,HIGH,1.0
8391,1,0,LOW,0.0,0.5212215309107429,1,REVIEW,
8392,1,0,LOW,0.0,0.3950098249115947,0,LOW,0.0
8393,1,0,LOW,0.0,0.46637869397088644,0,LOW,0.0
8394,1,0,LOW,0.0,0.1186869081185491,0,LOW,0.0
8395,1,30,MEDIUM,,0.9726113116199643,1,HIGH,1.0
8396,1,0,LOW,0.0,0.08459311484540316,0,LOW,0.0
8397,1,0,LOW,0.0,0.8421536786212932,1,REVIEW,
8398,1,0,LOW,0.0,0.05676060158932718,0,LOW,0.0
8399,1,10,LOW,0.0,0.43762345262325003,0,LOW,0.0
8400,1,40,MEDIUM,,0.995540754254213,1,HIGH,1.0
8401,1,30,MEDIUM,,0.4608110025576865,0,REVIEW,
8402,1,5,LOW,0.0,0.12966659291309832,0,LOW,0.0
8403,1,15,LOW,0.0,0.04936382945652366,0,LOW,0.0
8404,1,10,LOW,0.0,0.8183543656346524,1,REVIEW,
8405,1,35,MEDIUM,,0.9959204998244859,1,HIGH,1.0
8406,1,0,LOW,0.0,0.2712644148373164,0,LOW,0.0
8407,1,0,LOW,0.0,0.1414383755302336,0,LOW,0.0
8408,1,0,LOW,0.0,0.4383544431798144,0,LOW,0.0
8409,1,0,LOW,0.0,0.06261265669722803,0,LOW,0.0
8410,1,30,MEDIUM,,0.981135345885198,1,HIGH,1.0
8411,1,20,LOW,0.0,0.3114655827274488,0,LOW,0.0
8412,1,0,LOW,0.0,0.35854045509398436,0,LOW,0.0
8413,1,0,LOW,0.0,0.09899433072084343,0,LOW,0.0
8414,1,10,LOW,0.0,0.5376771843373931,1,REVIEW,
8415,1,30,MEDIUM,,0.9815483879856111,1,HIGH,1.0
8416,1,20,LOW,0.0,0.03575002485272907,0,LOW,0.0
8417,1,10,LOW,0.0,0.40579828603671264,0,LOW,0.0
8418,1,0,LOW,0.0,0.17871937760122178,0,LOW,0.0
8419,1,10,LOW,0.0,0.5894948634823608,1,REVIEW,
8420,1,0,LOW,0.0,0.30287243692470467,0,LOW,0.0
8421,1,30,MEDIUM,,0.9900060424256374,1,HIGH,1.0
8422,1,20,LOW,0.0,0.2540975469948516,0,LOW,0.0
8423,1,10,LOW,0.0,0.7702636316553155,1,REVIEW,
8424,1,10,LOW,0.0,0.08539700519519766,0,LOW,0.0
8425,1,0,LOW,0.0,0.13493384494950936,0,LOW,0.0
8426,1,40,MEDIUM,,0.9268978055863208,1,HIGH,1.0
8427,1,30,MEDIUM,,0.9391754256723606,1,HIGH,1.0
8428,1,0,LOW,0.0,0.23913424645382106,0,LOW,0.0
8429,1,0,LOW,0.0,0.047617830227239574,0,LOW,0.0
8430,1,10,LOW,0.0,0.5293527622236763,1,REVIEW,
8431,1,30,MEDIUM,,0.9936685240584019,1,HIGH,1.0
8432,1,30,MEDIUM,,0.11296189879350493,0,REVIEW,
8433,1,0,LOW,0.0,0.9225953134156599,1,REVIEW,
8434,1,0,LOW,0.0,0.09768438268069426,0,LOW,0.0
8435,1,0,LOW,0.0,0.4528364631656084,0,LOW,0.0
8436,1,20,LOW,0.0,0.8170484789386748,1,REVIEW,
8437,1,0,LOW,0.0,0.11677072206153666,0,LOW,0.0
8438,1,0,LOW,0.0,0.7550167519578835,1,REVIEW,
8439,1,0,LOW,0.0,0.296344781179025,0,LOW,0.0
8440,1,0,LOW,0.0,0.6806203892462036,1,REVIEW,
8441,1,35,MEDIUM,,0.9758414131712347,1,HIGH,1.0
8442,1,0,LOW,0.0,0.2692321624834314,0,LOW,0.0
8443,1,15,LOW,0.0,0.964271243429049,1,REVIEW,
8444,1,0,LOW,0.0,0.524827637811427,1,REVIEW,
8445,1,10,LOW,0.0,0.4223358113823385,0,LOW,0.0
8446,1,10,LOW,0.0,0.938257057253549,1,REVIEW,
8447,1,20,LOW,0.0,0.9617839882585859,1,REVIEW,
8448,1,0,LOW,0.0,0.8719299492459456,1,REVIEW,
8449,1,10,LOW,0.0,0.3224480279556428,0,LOW,0.0
8450,1,30,MEDIUM,,0.8554145120380453,1,HIGH,1.0
8451,1,30,MEDIUM,,0.979687792171858,1,HIGH,1.0
8452,1,20,LOW,0.0,0.009745150505097484,0,LOW,0.0
8453,1,10,LOW,0.0,0.4900910461026145,0,LOW,0.0
8454,1,0,LOW,0.0,0.8760380666265624,1,REVIEW,
8455,1,10,LOW,0.0,0.5876539074851634,1,REVIEW,
8456,1,20,LOW,0.0,0.895687620463164,1,REVIEW,
8457,1,30,MEDIUM,,0.734552851317769,1,HIGH,1.0
8458,1,0,LOW,0.0,0.05328888515927111,0,LOW,0.0
8459,1,0,LOW,0.0,0.40932573873741107,0,LOW,0.0
8460,1,30,MEDIUM,,0.7576203860770605,1,HIGH,1.0
8461,1,30,MEDIUM,,0.9861408236772791,1,HIGH,1.0
8462,1,20,LOW,0.0,0.5257217736395169,1,REVIEW,
8463,1,0,LOW,0.0,0.31476852713894193,0,LOW,0.0
8464,1,0,LOW,0.0,0.23730127434348192,0,LOW,0.0
8465,1,30,MEDIUM,,0.7791399772407495,1,HIGH,1.0
8466,1,40,MEDIUM,,0.9859214651487594,1,HIGH,1.0
8467,1,30,MEDIUM,,0.2896528187043425,0,REVIEW,
8468,1,15,LOW,0.0,0.9237232129646712,1,REVIEW,
8469,1,0,LOW,0.0,0.2836042421457629,0,LOW,0.0
8470,1,10,LOW,0.0,0.40365593791368665,0,LOW,0.0
8471,1,35,MEDIUM,,0.9030978117578692,1,HIGH,1.0
8472,1,20,LOW,0.0,0.3716455045124921,0,LOW,0.0
8473,1,0,LOW,0.0,0.6942609550515741,1,REVIEW,
8474,1,0,LOW,0.0,0.8175164536316996,1,REVIEW,
8475,1,10,LOW,0.0,0.8419733267886145,1,REVIEW,
8476,1,0,LOW,0.0,0.7026545670187739,1,REVIEW,
8477,1,30,MEDIUM,,0.985494165251756,1,HIGH,1.0
8478,1,30,MEDIUM,,0.050541410013586474,0,REVIEW,
8479,1,0,LOW,0.0,0.3630741522991287,0,LOW,0.0
8480,1,15,LOW,0.0,0.725505769740041,1,REVIEW,
8481,1,0,LOW,0.0,0.2016861539594918,0,LOW,0.0
8482,1,30,MEDIUM,,0.9560751237782188,1,HIGH,1.0
8483,1,35,MEDIUM,,0.9302702537165315,1,HIGH,1.0
8484,1,5,LOW,0.0,0.9349275292370127,1,REVIEW,
8485,1,0,LOW,0.0,0.1633958626268634,0,LOW,0.0
8486,1,10,LOW,0.0,0.7992966352499733,1,REVIEW,
8487,1,20,LOW,0.0,0.976697174109693,1,REVIEW,
8488,1,30,MEDIUM,,0.8143279115423242,1,HIGH,1.0
8489,1,10,LOW,0.0,0.4357163263789823,0,LOW,0.0
8490,1,0,LOW,0.0,0.42272134404698963,0,LOW,0.0
8491,1,10,LOW,0.0,0.5092072666467022,1,REVIEW,
8492,1,10,LOW,0.0,0.9236961878938903,1,REVIEW,
8493,1,30,MEDIUM,,0.7167251672820774,1,HIGH,1.0
8494,1,0,LOW,0.0,0.11376311295781354,0,LOW,0.0
8495,1,0,LOW,0.0,0.21106601913114154,0,LOW,0.0
8496,1,0,LOW,0.0,0.5161848835833146,1,REVIEW,
8497,1,45,MEDIUM,,0.9978808873417384,1,HIGH,1.0
8498,1,20,LOW,0.0,0.015050245780949547,0,LOW,0.0
8499,1,10,LOW,0.0,0.2966000381500986,0,LOW,0.0
8500,1,10,LOW,0.0,0.7379814874905246,1,REVIEW,
8501,1,30,MEDIUM,,0.7980318616668962,1,HIGH,1.0
8502,1,35,MEDIUM,,0.984154197660417,1,HIGH,1.0
8503,1,0,LOW,0.0,0.039286148959143896,0,LOW,0.0
8504,1,10,LOW,0.0,0.411130860729559,0,LOW,0.0
8505,1,0,LOW,0.0,0.7969464465166495,1,REVIEW,
8506,1,10,LOW,0.0,0.5579327773604162,1,REVIEW,
8507,1,40,MEDIUM,,0.974137540168613,1,HIGH,1.0
8508,1,0,LOW,0.0,0.11888000117807228,0,LOW,0.0
8509,1,0,LOW,0.0,0.10646551915012707,0,LOW,0.0
8510,1,0,LOW,0.0,0.13858856034068986,0,LOW,0.0
8511,1,0,LOW,0.0,0.7465756031566083,1,REVIEW,
8512,1,35,MEDIUM,,0.9728684883895253,1,HIGH,1.0
8513,1,30,MEDIUM,,0.3722290944621257,0,REVIEW,
8514,1,0,LOW,0.0,0.7251454789688223,1,REVIEW,
8515,1,0,LOW,0.0,0.2638421564799721,0,LOW,0.0
8516,1,20,LOW,0.0,0.7481826863364515,1,REVIEW,
8517,1,35,MEDIUM,,0.9754048959278249,1,HIGH,1.0
8518,1,25,LOW,0.0,0.9557782796239298,1,REVIEW,
8519,1,0,LOW,0.0,0.10574394571575309,0,LOW,0.0
8520,1,0,LOW,0.0,0.41016005856883475,0,LOW,0.0
8521,1,30,MEDIUM,,0.7976668736485794,1,HIGH,1.0
8522,1,30,MEDIUM,,0.9198340064441435,1,HIGH,1.0
8523,1,20,LOW,0.0,0.5323413447617106,1,REVIEW,
8524,1,0,LOW,0.0,0.2800279941206589,0,LOW,0.0
8525,1,10,LOW,0.0,0.7551312230504852,1,REVIEW,
8526,1,10,LOW,0.0,0.8120857553522061,1,REVIEW,
8527,1,30,MEDIUM,,0.9654505523497002,1,HIGH,1.0
8528,1,0,LOW,0.0,0.02751132845355509,0,LOW,0.0
8529,1,0,LOW,0.0,0.3838765518672379,0,LOW,0.0
8530,1,10,LOW,0.0,0.3180678122894405,0,LOW,0.0
8531,1,0,LOW,0.0,0.34444936513970165,0,LOW,0.0
8532,1,30,MEDIUM,,0.9879420079112003,1,HIGH,1.0
8533,1,20,LOW,0.0,0.7220460384162789,1,REVIEW,
8534,1,0,LOW,0.0,0.26480057426769404,0,LOW,0.0
8535,1,10,LOW,0.0,0.2639654677009404,0,LOW,0.0
8536,1,0,LOW,0.0,0.5061774477195158,1,REVIEW,
8537,1,30,MEDIUM,,0.9796674892174844,1,HIGH,1.0
8538,1,0,LOW,0.0,0.2979560343455671,0,LOW,0.0
8539,1,5,LOW,0.0,0.6112433416140323,1,REVIEW,
8540,1,0,LOW,0.0,0.4268402952076595,0,LOW,0.0
8541,1,0,LOW,0.0,0.27751215183466277,0,LOW,0.0
8542,1,20,LOW,0.0,0.9773141662760312,1,REVIEW,
8543,1,20,LOW,0.0,0.03551085806148252,0,LOW,0.0
8544,1,30,MEDIUM,,0.627704451815221,1,HIGH,1.0
8545,1,10,LOW,0.0,0.4036287859739034,0,LOW,0.0
8546,1,10,LOW,0.0,0.8917604097268537,1,REVIEW,
8547,1,40,MEDIUM,,0.9946535381652266,1,HIGH,1.0
8548,1,20,LOW,0.0,0.20483551273034575,0,LOW,0.0
8549,1,0,LOW,0.0,0.49340653028036563,0,LOW,0.0
8550,1,0,LOW,0.0,0.481292160386884,0,LOW,0.0
8551,1,10,LOW,0.0,0.2697294557246633,0,LOW,0.0
8552,1,0,LOW,0.0,0.9549643309862128,1,REVIEW,
8553,1,10,LOW,0.0,0.6189984014551635,1,REVIEW,
8554,1,0,LOW,0.0,0.2851052971209946,0,LOW,0.0
8555,1,10,LOW,0.0,0.5118260389307449,1,REVIEW,
8556,1,0,LOW,0.0,0.7583318819219459,1,REVIEW,
8557,1,30,MEDIUM,,0.9660201491122733,1,HIGH,1.0
8558,1,10,LOW,0.0,0.7217328258757144,1,REVIEW,
8559,1,0,LOW,0.0,0.6288806715123786,1,REVIEW,
8560,1,0,LOW,0.0,0.030360112491975073,0,LOW,0.0
8561,1,0,LOW,0.0,0.5528453484709753,1,REVIEW,
8562,1,35,MEDIUM,,0.965721419273889,1,HIGH,1.0
8563,1,20,LOW,0.0,0.2774748700094086,0,LOW,0.0
8564,1,0,LOW,0.0,0.8312416841047221,1,REVIEW,
8565,1,15,LOW,0.0,0.6992887593256786,1,REVIEW,
8566,1,10,LOW,0.0,0.8609500193280667,1,REVIEW,
8567,1,30,MEDIUM,,0.950882908314926,1,HIGH,1.0
8568,1,30,MEDIUM,,0.49825503682002986,0,REVIEW,
8569,1,0,LOW,0.0,0.8132591873119034,1,REVIEW,
8570,1,10,LOW,0.0,0.01579210287896622,0,LOW,0.0
8571,1,0,LOW,0.0,0.2011398075406191,0,LOW,0.0
8572,1,40,MEDIUM,,0.9877159636346311,1,HIGH,1.0
8573,1,20,LOW,0.0,0.37363419943937803,0,LOW,0.0
8574,1,10,LOW,0.0,0.7778256169424005,1,REVIEW,
8575,1,10,LOW,0.0,0.029683824809702747,0,LOW,0.0
8576,1,10,LOW,0.0,0.37432947704121167,0,LOW,0.0
8577,1,35,MEDIUM,,0.7382819929195177,1,HIGH,1.0
8578,1,0,LOW,0.0,0.3926730623321536,0,LOW,0.0
8579,1,0,LOW,0.0,0.8737453792608949,1,REVIEW,
8580,1,10,LOW,0.0,0.2499043218938951,0,LOW,0.0
8581,1,0,LOW,0.0,0.06377295538959869,0,LOW,0.0
8582,1,30,MEDIUM,,0.9745271277931381,1,HIGH,1.0
8583,1,20,LOW,0.0,0.03183475039752252,0,LOW,0.0
8584,1,10,LOW,0.0,0.6426287864702295,1,REVIEW,
8585,1,0,LOW,0.0,0.1797377124744767,0,LOW,0.0
8586,1,10,LOW,0.0,0.2435476230762149,0,LOW,0.0
8587,1,35,MEDIUM,,0.9219440579433337,1,HIGH,1.0
8588,1,0,LOW,0.0,0.2907856989139238,0,LOW,0.0
8589,1,0,LOW,0.0,0.21638977995901226,0,LOW,0.0
8590,1,10,LOW,0.0,0.26203197150502416,0,LOW,0.0
8591,1,0,LOW,0.0,0.30817092696146436,0,LOW,0.0
8592,1,15,LOW,0.0,0.9810460755207095,1,REVIEW,
8593,1,10,LOW,0.0,0.03793059822618833,0,LOW,0.0
8594,1,0,LOW,0.0,0.4703141444516169,0,LOW,0.0
8595,1,0,LOW,0.0,0.13927131708103196,0,LOW,0.0
8596,1,0,LOW,0.0,0.5550160285286047,1,REVIEW,
8597,1,25,LOW,0.0,0.9872824609090192,1,REVIEW,
8598,1,30,MEDIUM,,0.9309682039820459,1,HIGH,1.0
8599,1,0,LOW,0.0,0.4645187968738927,0,LOW,0.0
8600,1,10,LOW,0.0,0.17550366605551518,0,LOW,0.0
8601,1,10,LOW,0.0,0.6920154869429408,1,REVIEW,
8602,1,30,MEDIUM,,0.9839032998181213,1,HIGH,1.0
8603,1,20,LOW,0.0,0.19235085022853335,0,LOW,0.0
8604,1,20,LOW,0.0,0.7566193314384407,1,REVIEW,
8605,1,0,LOW,0.0,0.4550595973905979,0,LOW,0.0
8606,1,10,LOW,0.0,0.4956409744513293,0,LOW,0.0
8607,1,40,MEDIUM,,0.9853387059044736,1,HIGH,1.0
8608,1,35,MEDIUM,,0.8366459016358334,1,HIGH,1.0
8609,1,0,LOW,0.0,0.6836186969173843,1,REVIEW,
8610,1,0,LOW,0.0,0.07087976750468904,0,LOW,0.0
8611,1,0,LOW,0.0,0.3672755693130108,0,LOW,0.0
8612,1,35,MEDIUM,,0.9841208241927115,1,HIGH,1.0
8613,1,30,MEDIUM,,0.5236813565127698,1,HIGH,1.0
8614,1,0,LOW,0.0,0.46003325589227173,0,LOW,0.0
8615,1,0,LOW,0.0,0.1903642229122499,0,LOW,0.0
8616,1,0,LOW,0.0,0.15247386684633796,0,LOW,0.0
8617,1,30,MEDIUM,,0.9888112174855804,1,HIGH,1.0
8618,1,20,LOW,0.0,0.2851957332046034,0,LOW,0.0
8619,1,0,LOW,0.0,0.6551044076003092,1,REVIEW,
8620,1,5,LOW,0.0,0.04571463872417456,0,LOW,0.0
8621,1,30,MEDIUM,,0.9491401989361243,1,HIGH,1.0
8622,1,20,LOW,0.0,0.36080940540950357,0,LOW,0.0
8623,1,40,MEDIUM,,0.9838112357388686,1,HIGH,1.0
8624,1,10,LOW,0.0,0.30526856461735297,0,LOW,0.0
8625,1,15,LOW,0.0,0.9287960816308324,1,REVIEW,
8626,1,0,LOW,0.0,0.04782252311552338,0,LOW,0.0
8627,1,10,LOW,0.0,0.6676611925583535,1,REVIEW,
8628,1,30,MEDIUM,,0.9702446196674882,1,HIGH,1.0
8629,1,30,MEDIUM,,0.8615802520616884,1,HIGH,1.0
8630,1,10,LOW,0.0,0.9269226799999924,1,REVIEW,
8631,1,10,LOW,0.0,0.8118625314897009,1,REVIEW,
8632,1,10,LOW,0.0,0.7906084560334684,1,REVIEW,
8633,1,15,LOW,0.0,0.9920290362405012,1,REVIEW,
8634,1,20,LOW,0.0,0.29022504606452904,0,LOW,0.0
8635,1,10,LOW,0.0,0.7465173560763889,1,REVIEW,
8636,1,5,LOW,0.0,0.7298432590482474,1,REVIEW,
8637,1,0,LOW,0.0,0.07245065551451285,0,LOW,0.0
8638,1,30,MEDIUM,,0.9937598755717089,1,HIGH,1.0
8639,1,30,MEDIUM,,0.7851619200638195,1,HIGH,1.0
8640,1,0,LOW,0.0,0.36258854971139676,0,LOW,0.0
8641,1,0,LOW,0.0,0.0944206208771329,0,LOW,0.0
8642,1,0,LOW,0.0,0.4349829915382622,0,LOW,0.0
8643,1,10,LOW,0.0,0.8654405337931955,1,REVIEW,
8644,1,20,LOW,0.0,0.015131812333637935,0,LOW,0.0
8645,1,10,LOW,0.0,0.6277030731987263,1,REVIEW,
8646,1,0,LOW,0.0,0.575807500302587,1,REVIEW,
8647,1,10,LOW,0.0,0.17579673597296297,0,LOW,0.0
8648,1,10,LOW,0.0,0.9684597178705316,1,REVIEW,
8649,1,20,LOW,0.0,0.49083650082110303,0,LOW,0.0
8650,1,10,LOW,0.0,0.7435419763619218,1,REVIEW,
8651,1,0,LOW,0.0,0.047697831817013085,0,LOW,0.0
8652,1,0,LOW,0.0,0.729257743225457,1,REVIEW,
8653,1,30,MEDIUM,,0.8959731595270757,1,HIGH,1.0
8654,1,20,LOW,0.0,0.5840942481771871,1,REVIEW,
8655,1,5,LOW,0.0,0.8636002652528442,1,REVIEW,
8656,1,0,LOW,0.0,0.15652796254045065,0,LOW,0.0
8657,1,30,MEDIUM,,0.6669552395890113,1,HIGH,1.0
8658,1,30,MEDIUM,,0.9836615077708865,1,HIGH,1.0
8659,1,20,LOW,0.0,0.7097764828352487,1,REVIEW,
8660,1,0,LOW,0.0,0.466706114004178,0,LOW,0.0
8661,1,0,LOW,0.0,0.0301352414201232,0,LOW,0.0
8662,1,10,LOW,0.0,0.3234335701972328,0,LOW,0.0
8663,1,45,MEDIUM,,0.9974601915701297,1,HIGH,1.0
8664,1,30,MEDIUM,,0.5709161958789166,1,HIGH,1.0
8665,1,0,LOW,0.0,0.29576362965618297,0,LOW,0.0
8666,1,0,LOW,0.0,0.09768842684540105,0,LOW,0.0
8667,1,0,LOW,0.0,0.44035599060646025,0,LOW,0.0
8668,1,10,LOW,0.0,0.9896766130524092,1,REVIEW,
8669,1,0,LOW,0.0,0.19739709983444628,0,LOW,0.0
8670,1,0,LOW,0.0,0.6786161664182131,1,REVIEW,
8671,1,0,LOW,0.0,0.08070301079934085,0,LOW,0.0
8672,1,10,LOW,0.0,0.6575224954643907,1,REVIEW,
8673,1,35,MEDIUM,,0.9924146322611085,1,HIGH,1.0
8674,1,35,MEDIUM,,0.22620418052374058,0,REVIEW,
8675,1,0,LOW,0.0,0.31117248228935307,0,LOW,0.0
8676,1,10,LOW,0.0,0.18564832134602932,0,LOW,0.0
8677,1,0,LOW,0.0,0.38772174845855617,0,LOW,0.0
8678,1,20,LOW,0.0,0.9830318911243333,1,REVIEW,
8679,1,20,LOW,0.0,0.27086628748349384,0,LOW,0.0
8680,1,0,LOW,0.0,0.9825700909046523,1,REVIEW,
8681,1,0,LOW,0.0,0.5656740794724597,1,REVIEW,
8682,1,10,LOW,0.0,0.2437603292399313,0,LOW,0.0
8683,1,40,MEDIUM,,0.9824997973384396,1,HIGH,1.0
8684,1,30,MEDIUM,,0.1420095216525377,0,REVIEW,
8685,1,10,LOW,0.0,0.24752419401922165,0,LOW,0.0
8686,1,5,LOW,0.0,0.5799855748738822,1,REVIEW,
8687,1,10,LOW,0.0,0.8000627015195467,1,REVIEW,
8688,1,30,MEDIUM,,0.9757322794577454,1,HIGH,1.0
8689,1,30,MEDIUM,,0.7196662664947222,1,HIGH,1.0
8690,1,10,LOW,0.0,0.5221657988084436,1,REVIEW,
8691,1,0,LOW,0.0,0.25670426397593477,0,LOW,0.0
8692,1,10,LOW,0.0,0.4458946489027066,0,LOW,0.0
8693,1,15,LOW,0.0,0.6209178969930212,1,REVIEW,
8694,1,0,LOW,0.0,0.3261861901565404,0,LOW,0.0
8695,1,10,LOW,0.0,0.8966947759600254,1,REVIEW,
8696,1,0,LOW,0.0,0.03614336096709659,0,LOW,0.0
8697,1,10,LOW,0.0,0.09786502417896822,0,LOW,0.0
8698,1,45,MEDIUM,,0.9913404892044728,1,HIGH,1.0
8699,1,20,LOW,0.0,0.5925662662023241,1,REVIEW,
8700,1,0,LOW,0.0,0.6946287477779256,1,REVIEW,
8701,1,10,LOW,0.0,0.4049770548875472,0,LOW,0.0
8702,1,0,LOW,0.0,0.4675738894116088,0,LOW,0.0
8703,1,30,MEDIUM,,0.9643791292833341,1,HIGH,1.0
8704,1,20,LOW,0.0,0.7386081336755261,1,REVIEW,
8705,1,0,LOW,0.0,0.7586969861791034,1,REVIEW,
8706,1,0,LOW,0.0,0.5322237224605461,1,REVIEW,
8707,1,10,LOW,0.0,0.28192456418397405,0,LOW,0.0
8708,1,35,MEDIUM,,0.9951702969420462,1,HIGH,1.0
8709,1,10,LOW,0.0,0.07141575933868662,0,LOW,0.0
8710,1,10,LOW,0.0,0.6287430430681072,1,REVIEW,
8711,1,0,LOW,0.0,0.7352436525297465,1,REVIEW,
8712,1,0,LOW,0.0,0.22281655846253506,0,LOW,0.0
8713,1,45,MEDIUM,,0.9834490430823725,1,HIGH,1.0
8714,1,30,MEDIUM,,0.18456142890044155,0,REVIEW,
8715,1,15,LOW,0.0,0.8934805501833342,1,REVIEW,
8716,1,0,LOW,0.0,0.012704184781853449,0,LOW,0.0
8717,1,20,LOW,0.0,0.27283734091722595,0,LOW,0.0
8718,1,30,MEDIUM,,0.9856130797880989,1,HIGH,1.0
8719,1,0,LOW,0.0,0.30099489126960893,0,LOW,0.0
8720,1,0,LOW,0.0,0.5945363048681276,1,REVIEW,
8721,1,10,LOW,0.0,0.9507591177466092,1,REVIEW,
8722,1,30,MEDIUM,,0.4108075628190607,0,REVIEW,
8723,1,30,MEDIUM,,0.9210363624546019,1,HIGH,1.0
8724,1,20,LOW,0.0,0.3995532545809341,0,LOW,0.0
8725,1,0,LOW,0.0,0.3456713992334473,0,LOW,0.0
8726,1,10,LOW,0.0,0.2829208908219093,0,LOW,0.0
8727,1,10,LOW,0.0,0.45444851163164235,0,LOW,0.0
8728,1,30,MEDIUM,,0.920508170869675,1,HIGH,1.0
8729,1,20,LOW,0.0,0.1658433712155167,0,LOW,0.0
8730,1,10,LOW,0.0,0.8459674891935762,1,REVIEW,
8731,1,0,LOW,0.0,0.322085585622078,0,LOW,0.0
8732,1,30,MEDIUM,,0.5137218826472314,1,HIGH,1.0
8733,1,35,MEDIUM,,0.9867211721869225,1,HIGH,1.0
8734,1,0,LOW,0.0,0.11317747205746775,0,LOW,0.0
8735,1,0,LOW,0.0,0.28837200500179666,0,LOW,0.0
8736,1,0,LOW,0.0,0.7590525650714055,1,REVIEW,
8737,1,10,LOW,0.0,0.4214427552339026,0,LOW,0.0
8738,1,15,LOW,0.0,0.9348713374706515,1,REVIEW,
8739,1,20,LOW,0.0,0.7306493096163207,1,REVIEW,
8740,1,10,LOW,0.0,0.5663152887054672,1,REVIEW,
8741,1,0,LOW,0.0,0.10233280101720019,0,LOW,0.0
8742,1,0,LOW,0.0,0.8609430391560079,1,REVIEW,
8743,1,25,LOW,0.0,0.9984989390427019,1,REVIEW,
8744,1,10,LOW,0.0,0.767602806990839,1,REVIEW,
8745,1,0,LOW,0.0,0.17836838931996493,0,LOW,0.0
8746,1,0,LOW,0.0,0.07006217799513943,0,LOW,0.0
8747,1,30,MEDIUM,,0.6180219571896156,1,HIGH,1.0
8748,1,20,LOW,0.0,0.681448409436274,1,REVIEW,
8749,1,30,MEDIUM,,0.9481403733705388,1,HIGH,1.0
8750,1,20,LOW,0.0,0.1753616692071127,0,LOW,0.0
8751,1,0,LOW,0.0,0.4928472260133813,0,LOW,0.0
8752,1,10,LOW,0.0,0.3782583419078217,0,LOW,0.0
8753,1,10,LOW,0.0,0.536027165995747,1,REVIEW,
8754,1,40,MEDIUM,,0.9695778495560198,1,HIGH,1.0
8755,1,0,LOW,0.0,0.1714327002329376,0,LOW,0.0
8756,1,0,LOW,0.0,0.34535326994154597,0,LOW,0.0
8757,1,10,LOW,0.0,0.5527841837583007,1,REVIEW,
8758,1,0,LOW,0.0,0.12232797373275087,0,LOW,0.0
8759,1,45,MEDIUM,,0.9958481839709374,1,HIGH,1.0
8760,1,0,LOW,0.0,0.4435093613738471,0,LOW,0.0
8761,1,0,LOW,0.0,0.6033954023712834,1,REVIEW,
8762,1,10,LOW,0.0,0.3103940659480756,0,LOW,0.0
8763,1,10,LOW,0.0,0.7056243651282068,1,REVIEW,
8764,1,30,MEDIUM,,0.9958987816068663,1,HIGH,1.0
8765,1,20,LOW,0.0,0.287746338559762,0,LOW,0.0
8766,1,0,LOW,0.0,0.9526073526739646,1,REVIEW,
8767,1,0,LOW,0.0,0.1953492370917267,0,LOW,0.0
8768,1,0,LOW,0.0,0.6876418124578753,1,REVIEW,
8769,1,40,MEDIUM,,0.9832549167487924,1,HIGH,1.0
8770,1,0,LOW,0.0,0.3785743026686597,0,LOW,0.0
8771,1,10,LOW,0.0,0.2982386561744922,0,LOW,0.0
8772,1,0,LOW,0.0,0.768769928936923,1,REVIEW,
8773,1,10,LOW,0.0,0.834833084936077,1,REVIEW,
8774,1,35,MEDIUM,,0.9686413354871751,1,HIGH,1.0
8775,1,10,LOW,0.0,0.14213256575143643,0,LOW,0.0
8776,1,0,LOW,0.0,0.8557503484846282,1,REVIEW,
8777,1,0,LOW,0.0,0.02495190078824147,0,LOW,0.0
8778,1,0,LOW,0.0,0.7725168503963983,1,REVIEW,
8779,1,40,MEDIUM,,0.8551686725487425,1,HIGH,1.0
8780,1,30,MEDIUM,,0.02170051687432346,0,REVIEW,
8781,1,0,LOW,0.0,0.9230392117045716,1,REVIEW,
8782,1,10,LOW,0.0,0.024133655511591884,0,LOW,0.0
8783,1,30,MEDIUM,,0.7791615045730483,1,HIGH,1.0
8784,1,0,LOW,0.0,0.22551154073748036,0,LOW,0.0
8785,1,45,MEDIUM,,0.9861277163848825,1,HIGH,1.0
8786,1,20,LOW,0.0,0.20900995846338377,0,LOW,0.0
8787,1,10,LOW,0.0,0.43854691635948817,0,LOW,0.0
8788,1,0,LOW,0.0,0.7651495351478637,1,REVIEW,
8789,1,0,LOW,0.0,0.33636650757728864,0,LOW,0.0
8790,1,40,MEDIUM,,0.9724638448134405,1,HIGH,1.0
8791,1,20,LOW,0.0,0.3949629441411747,0,LOW,0.0
8792,1,0,LOW,0.0,0.6970652275907184,1,REVIEW,
8793,1,0,LOW,0.0,0.17458316789364087,0,LOW,0.0
8794,1,10,LOW,0.0,0.8692292051788848,1,REVIEW,
8795,1,45,MEDIUM,,0.9936866037231092,1,HIGH,1.0
8796,1,0,LOW,0.0,0.10818421690836712,0,LOW,0.0
8797,1,0,LOW,0.0,0.6679368281412904,1,REVIEW,
8798,1,0,LOW,0.0,0.33606433991918483,0,LOW,0.0
8799,1,10,LOW,0.0,0.47115341711648,0,LOW,0.0
8800,1,20,LOW,0.0,0.9885711853247082,1,REVIEW,
8801,1,30,MEDIUM,,0.4492287077196972,0,REVIEW,
8802,1,0,LOW,0.0,0.651457918602565,1,REVIEW,
8803,1,10,LOW,0.0,0.1603937352320069,0,LOW,0.0
8804,1,10,LOW,0.0,0.18156744426464516,0,LOW,0.0
8805,1,30,MEDIUM,,0.9809172363678055,1,HIGH,1.0
8806,1,20,LOW,0.0,0.2598809812072884,0,LOW,0.0
8807,1,0,LOW,0.0,0.4067720370447732,0,LOW,0.0
8808,1,10,LOW,0.0,0.11896891110823776,0,LOW,0.0
8809,1,30,MEDIUM,,0.8326911190437737,1,HIGH,1.0
8810,1,45,MEDIUM,,0.9927963724206329,1,HIGH,1.0
8811,1,0,LOW,0.0,0.06330885819211877,0,LOW,0.0
8812,1,0,LOW,0.0,0.6159794229190995,1,REVIEW,
8813,1,10,LOW,0.0,0.3464884862464625,0,LOW,0.0
8814,1,10,LOW,0.0,0.916829518185431,1,REVIEW,
8815,1,30,MEDIUM,,0.9803894173636866,1,HIGH,1.0
8816,1,20,LOW,0.0,0.048256145343804756,0,LOW,0.0
8817,1,15,LOW,0.0,0.8058285040579761,1,REVIEW,
8818,1,0,LOW,0.0,0.28617316934968207,0,LOW,0.0
8819,1,10,LOW,0.0,0.2595832250964122,0,LOW,0.0
8820,1,35,MEDIUM,,0.9868755783506782,1,HIGH,1.0
8821,1,30,MEDIUM,,0.8260927170303435,1,HIGH,1.0
8822,1,0,LOW,0.0,0.6830257703158332,1,REVIEW,
8823,1,0,LOW,0.0,0.4601660090674875,0,LOW,0.0
8824,1,0,LOW,0.0,0.7982942602430793,1,REVIEW,
8825,1,40,MEDIUM,,0.9874906037945631,1,HIGH,1.0
8826,1,10,LOW,0.0,0.12195599440369786,0,LOW,0.0
8827,1,10,LOW,0.0,0.5985794794856715,1,REVIEW,
8828,1,0,LOW,0.0,0.16084989639544567,0,LOW,0.0
8829,1,10,LOW,0.0,0.700401263127893,1,REVIEW,
8830,1,35,MEDIUM,,0.9982802411375353,1,HIGH,1.0
8831,1,20,LOW,0.0,0.2899179455474741,0,LOW,0.0
8832,1,10,LOW,0.0,0.6498124186170409,1,REVIEW,
8833,1,0,LOW,0.0,0.4954471030837251,0,LOW,0.0
8834,1,0,LOW,0.0,0.49926378573429214,0,LOW,0.0
8835,1,25,LOW,0.0,0.9943298114920662,1,REVIEW,
8836,1,20,LOW,0.0,0.08934008278855947,0,LOW,0.0
8837,1,0,LOW,0.0,0.5732744696068428,1,REVIEW,
8838,1,0,LOW,0.0,0.08384533874412956,0,LOW,0.0
8839,1,10,LOW,0.0,0.7282305483517756,1,REVIEW,
8840,1,10,LOW,0.0,0.9686493228676661,1,REVIEW,
8841,1,25,LOW,0.0,0.20002221306083326,0,LOW,0.0
8842,1,5,LOW,0.0,0.9072932732937641,1,REVIEW,
8843,1,10,LOW,0.0,0.3245028057629355,0,LOW,0.0
8844,1,0,LOW,0.0,0.6748745363467469,1,REVIEW,
8845,1,40,MEDIUM,,0.972425536991123,1,HIGH,1.0
8846,1,20,LOW,0.0,0.139417076806574,0,LOW,0.0
8847,1,0,LOW,0.0,0.5131948571231449,1,REVIEW,
8848,1,0,LOW,0.0,0.20343531864776818,0,LOW,0.0
8849,1,10,LOW,0.0,0.4241457496445525,0,LOW,0.0
8850,1,45,MEDIUM,,0.9971629874363825,1,HIGH,1.0
8851,1,10,LOW,0.0,0.27734740330643837,0,LOW,0.0
8852,1,10,LOW,0.0,0.6246592751401799,1,REVIEW,
8853,1,0,LOW,0.0,0.12945810272012975,0,LOW,0.0
8854,1,30,MEDIUM,,0.903613649537313,1,HIGH,1.0
8855,1,10,LOW,0.0,0.20308667576046951,0,LOW,0.0
8856,1,35,MEDIUM,,0.9905839787775367,1,HIGH,1.0
8857,1,0,LOW,0.0,0.07227810981800802,0,LOW,0.0
8858,1,10,LOW,0.0,0.7378570324795494,1,REVIEW,
8859,1,15,LOW,0.0,0.611789756148207,1,REVIEW,
8860,1,10,LOW,0.0,0.8241333901423911,1,REVIEW,
8861,1,40,MEDIUM,,0.9876718172091072,1,HIGH,1.0
8862,1,0,LOW,0.0,0.12965195093397772,0,LOW,0.0
8863,1,0,LOW,0.0,0.3445750553735427,0,LOW,0.0
8864,1,10,LOW,0.0,0.6108984242686114,1,REVIEW,
8865,1,10,LOW,0.0,0.7310982587286154,1,REVIEW,
8866,1,35,MEDIUM,,0.9446862811481713,1,HIGH,1.0
8867,1,20,LOW,0.0,0.8700482860462682,1,REVIEW,
8868,1,10,LOW,0.0,0.43501528999196004,0,LOW,0.0
8869,1,0,LOW,0.0,0.10856551596745986,0,LOW,0.0
8870,1,10,LOW,0.0,0.5420518953597616,1,REVIEW,
8871,1,40,MEDIUM,,0.9714202254397328,1,HIGH,1.0
8872,1,20,LOW,0.0,0.9453823156510931,1,REVIEW,
8873,1,0,LOW,0.0,0.9172990021308189,1,REVIEW,
8874,1,0,LOW,0.0,0.08544925977232846,0,LOW,0.0
8875,1,10,LOW,0.0,0.9000997773667575,1,REVIEW,
8876,1,30,MEDIUM,,0.9768262740937311,1,HIGH,1.0
8877,1,20,LOW,0.0,0.2926747970635816,0,LOW,0.0
8878,1,10,LOW,0.0,0.4762634897556913,0,LOW,0.0
8879,1,0,LOW,0.0,0.32672427651715064,0,LOW,0.0
8880,1,10,LOW,0.0,0.24111623861004347,0,LOW,0.0
8881,1,0,LOW,0.0,0.9647844774219623,1,REVIEW,
8882,1,0,LOW,0.0,0.8539628004911981,1,REVIEW,
8883,1,10,LOW,0.0,0.9557245597901115,1,REVIEW,
8884,1,0,LOW,0.0,0.7736998462437376,1,REVIEW,
8885,1,0,LOW,0.0,0.8665871139944192,1,REVIEW,
8886,1,15,LOW,0.0,0.9557641678737857,1,REVIEW,
8887,1,30,MEDIUM,,0.16364463703120882,0,REVIEW,
8888,1,0,LOW,0.0,0.20458070029479047,0,LOW,0.0
8889,1,0,LOW,0.0,0.6770934748472793,1,REVIEW,
8890,1,0,LOW,0.0,0.11613940038544948,0,LOW,0.0
8891,1,45,MEDIUM,,0.9232602803014424,1,HIGH,1.0
8892,1,0,LOW,0.0,0.03778817077956355,0,LOW,0.0
8893,1,5,LOW,0.0,0.8883036378552616,1,REVIEW,
8894,1,0,LOW,0.0,0.3890174658700972,0,LOW,0.0
8895,1,10,LOW,0.0,0.3979371109340505,0,LOW,0.0
8896,1,35,MEDIUM,,0.9284148196318827,1,HIGH,1.0
8897,1,30,MEDIUM,,0.2154566410963261,0,REVIEW,
8898,1,0,LOW,0.0,0.435210282458151,0,LOW,0.0
8899,1,0,LOW,0.0,0.15186467090496628,0,LOW,0.0
8900,1,10,LOW,0.0,0.08113488332617819,0,LOW,0.0
8901,1,20,LOW,0.0,0.7735230156917736,1,REVIEW,
8902,1,20,LOW,0.0,0.5888177984990038,1,REVIEW,
8903,1,0,LOW,0.0,0.5251969355007206,1,REVIEW,
8904,1,0,LOW,0.0,0.8577147990213801,1,REVIEW,
8905,1,0,LOW,0.0,0.1610404819475164,0,LOW,0.0
8906,1,45,MEDIUM,,0.996181199144149,1,HIGH,1.0
8907,1,20,LOW,0.0,0.16504138347199288,0,LOW,0.0
8908,1,10,LOW,0.0,0.8519439232859056,1,REVIEW,
8909,1,0,LOW,0.0,0.9497671883744675,1,REVIEW,
8910,1,10,LOW,0.0,0.5574986247590386,1,REVIEW,
8911,1,40,MEDIUM,,0.9654996534940513,1,HIGH,1.0
8912,1,20,LOW,0.0,0.14252126675240753,0,LOW,0.0
8913,1,10,LOW,0.0,0.7779680624145603,1,REVIEW,
8914,1,15,LOW,0.0,0.457125033170412,0,LOW,0.0
8915,1,0,LOW,0.0,0.7021020738640608,1,REVIEW,
8916,1,20,LOW,0.0,0.9848622221228561,1,REVIEW,
8917,1,20,LOW,0.0,0.3724760069550859,0,LOW,0.0
8918,1,0,LOW,0.0,0.5998805285865614,1,REVIEW,
8919,1,0,LOW,0.0,0.12762621980284652,0,LOW,0.0
8920,1,10,LOW,0.0,0.603815611997962,1,REVIEW,
8921,1,45,MEDIUM,,0.9835916638175797,1,HIGH,1.0
8922,1,20,LOW,0.0,0.267538241156544,0,LOW,0.0
8923,1,0,LOW,0.0,0.9519021717203745,1,REVIEW,
8924,1,10,LOW,0.0,0.49746878440128145,0,LOW,0.0
8925,1,0,LOW,0.0,0.3477551589758409,0,LOW,0.0
8926,1,40,MEDIUM,,0.9671433682928996,1,HIGH,1.0
8927,1,0,LOW,0.0,0.2038607461858348,0,LOW,0.0
8928,1,0,LOW,0.0,0.8707493158933065,1,REVIEW,
8929,1,0,LOW,0.0,0.36044649937154294,0,LOW,0.0
8930,1,10,LOW,0.0,0.5685442925156764,1,REVIEW,
8931,1,30,MEDIUM,,0.993573767433418,1,HIGH,1.0
8932,1,20,LOW,0.0,0.8040409787322681,1,REVIEW,
8933,1,10,LOW,0.0,0.8759596491233415,1,REVIEW,
8934,1,0,LOW,0.0,0.13464456856260865,0,LOW,0.0
8935,1,10,LOW,0.0,0.660014435866816,1,REVIEW,
8936,1,30,MEDIUM,,0.9577949618759073,1,HIGH,1.0
8937,1,30,MEDIUM,,0.369145714863422,0,REVIEW,
8938,1,10,LOW,0.0,0.40414007075191777,0,LOW,0.0
8939,1,5,LOW,0.0,0.7324275926271495,1,REVIEW,
8940,1,10,LOW,0.0,0.8190289868376288,1,REVIEW,
8941,1,30,MEDIUM,,0.9872560103129895,1,HIGH,1.0
8942,1,30,MEDIUM,,0.6602905126021782,1,HIGH,1.0
8943,1,5,LOW,0.0,0.15164009135702156,0,LOW,0.0
8944,1,0,LOW,0.0,0.03830023157684175,0,LOW,0.0
8945,1,20,LOW,0.0,0.8363423568115005,1,REVIEW,
8946,1,30,MEDIUM,,0.5791166197837309,1,HIGH,1.0
8947,1,0,LOW,0.0,0.6448262477175318,1,REVIEW,
8948,1,0,LOW,0.0,0.653683693201807,1,REVIEW,
8949,1,0,LOW,0.0,0.020182279908228472,0,LOW,0.0
8950,1,0,LOW,0.0,0.4464190081337525,0,LOW,0.0
8951,1,30,MEDIUM,,0.952340689199834,1,HIGH,1.0
8952,1,0,LOW,0.0,0.13314417672694323,0,LOW,0.0
8953,1,10,LOW,0.0,0.7429915146864442,1,REVIEW,
8954,1,0,LOW,0.0,0.5210602985452383,1,REVIEW,
8955,1,10,LOW,0.0,0.2900282655902025,0,LOW,0.0
8956,1,30,MEDIUM,,0.9812976123421046,1,HIGH,1.0
8957,1,30,MEDIUM,,0.3266067064854066,0,REVIEW,
8958,1,0,LOW,0.0,0.7714030371906204,1,REVIEW,
8959,1,10,LOW,0.0,0.4969212656375293,0,LOW,0.0
8960,1,0,LOW,0.0,0.4917674419903022,0,LOW,0.0
8961,1,30,MEDIUM,,0.41262373376666234,0,REVIEW,
8962,1,40,MEDIUM,,0.9838995283749541,1,HIGH,1.0
8963,1,20,LOW,0.0,0.031652009978526734,0,LOW,0.0
8964,1,0,LOW,0.0,0.6632324115538138,1,REVIEW,
8965,1,10,LOW,0.0,0.4577191597671391,0,LOW,0.0
8966,1,10,LOW,0.0,0.8025466166264774,1,REVIEW,
8967,1,45,MEDIUM,,0.9806098139859459,1,HIGH,1.0
8968,1,20,LOW,0.0,0.552658178469408,1,REVIEW,
8969,1,10,LOW,0.0,0.8043065072058037,1,REVIEW,
8970,1,10,LOW,0.0,0.3226976060399627,0,LOW,0.0
8971,1,0,LOW,0.0,0.1657768881864539,0,LOW,0.0
8972,1,25,LOW,0.0,0.988680524825805,1,REVIEW,
8973,1,30,MEDIUM,,0.4667025266617009,0,REVIEW,
8974,1,10,LOW,0.0,0.2666332099938542,0,LOW,0.0
8975,1,0,LOW,0.0,0.1474136403752312,0,LOW,0.0
8976,1,10,LOW,0.0,0.5384503106523783,1,REVIEW,
8977,1,35,MEDIUM,,0.9885194683498226,1,HIGH,1.0
8978,1,0,LOW,0.0,0.14952392471336473,0,LOW,0.0
8979,1,0,LOW,0.0,0.1187779503693678,0,LOW,0.0
8980,1,10,LOW,0.0,0.03720319776657153,0,LOW,0.0
8981,1,0,LOW,0.0,0.4601115679002648,0,LOW,0.0
8982,1,35,MEDIUM,,0.9364850566145149,1,HIGH,1.0
8983,1,20,LOW,0.0,0.15162510580827349,0,LOW,0.0
8984,1,10,LOW,0.0,0.2778630775363553,0,LOW,0.0
8985,1,0,LOW,0.0,0.06250049503639765,0,LOW,0.0
8986,1,10,LOW,0.0,0.7674937315182498,1,REVIEW,
8987,1,15,LOW,0.0,0.930765876913256,1,REVIEW,
8988,1,0,LOW,0.0,0.052462969532128485,0,LOW,0.0
8989,1,0,LOW,0.0,0.2719690774353331,0,LOW,0.0
8990,1,0,LOW,0.0,0.5702149434781912,1,REVIEW,
8991,1,10,LOW,0.0,0.32346760047719436,0,LOW,0.0
8992,1,45,MEDIUM,,0.9720668392564933,1,HIGH,1.0
8993,1,0,LOW,0.0,0.09033675405330263,0,LOW,0.0
8994,1,0,LOW,0.0,0.740965431856174,1,REVIEW,
8995,1,30,MEDIUM,,0.5252369423320787,1,HIGH,1.0
8996,1,10,LOW,0.0,0.5566344918574655,1,REVIEW,
8997,1,30,MEDIUM,,0.9927340682520301,1,HIGH,1.0
8998,1,20,LOW,0.0,0.05908056748054345,0,LOW,0.0
8999,1,10,LOW,0.0,0.7260906974559421,1,REVIEW,
9000,1,0,LOW,0.0,0.15310558181408893,0,LOW,0.0
9001,1,10,LOW,0.0,0.18989284990294106,0,LOW,0.0
9002,1,45,MEDIUM,,0.9893478022749349,1,HIGH,1.0
9003,1,20,LOW,0.0,0.08615913803843034,0,LOW,0.0
9004,1,0,LOW,0.0,0.42309726999865194,0,LOW,0.0
9005,1,10,LOW,0.0,0.4526110650402878,0,LOW,0.0
9006,1,0,LOW,0.0,0.320691546323079,0,LOW,0.0
9007,1,25,LOW,0.0,0.8864754469745857,1,REVIEW,
9008,1,20,LOW,0.0,0.36213151348579,0,LOW,0.0
9009,1,0,LOW,0.0,0.9424910170561204,1,REVIEW,
9010,1,0,LOW,0.0,0.02423973220710363,0,LOW,0.0
9011,1,10,LOW,0.0,0.4525001227600818,0,LOW,0.0
9012,1,30,MEDIUM,,0.9943716361242956,1,HIGH,1.0
9013,1,0,LOW,0.0,0.043685546237732784,0,LOW,0.0
9014,1,0,LOW,0.0,0.256937231843239,0,LOW,0.0
9015,1,0,LOW,0.0,0.6429876498705855,1,REVIEW,
9016,1,10,LOW,0.0,0.4084580974773053,0,LOW,0.0
9017,1,35,MEDIUM,,0.935243222219935,1,HIGH,1.0
9018,1,20,LOW,0.0,0.28152591474562183,0,LOW,0.0
9019,1,10,LOW,0.0,0.7205813480308078,1,REVIEW,
9020,1,0,LOW,0.0,0.12862163803173463,0,LOW,0.0
9021,1,20,LOW,0.0,0.859092304715144,1,REVIEW,
9022,1,40,MEDIUM,,0.9904244401340743,1,HIGH,1.0
9023,1,20,LOW,0.0,0.02094750928775125,0,LOW,0.0
9024,1,0,LOW,0.0,0.9468979587078437,1,REVIEW,
9025,1,0,LOW,0.0,0.48492249138088994,0,LOW,0.0
9026,1,0,LOW,0.0,0.6138630027044364,1,REVIEW,
9027,1,35,MEDIUM,,0.9881675769143283,1,HIGH,1.0
9028,1,20,LOW,0.0,0.2570543128101267,0,LOW,0.0
9029,1,0,LOW,0.0,0.8172300986902987,1,REVIEW,
9030,1,5,LOW,0.0,0.9857667118562372,1,REVIEW,
9031,1,0,LOW,0.0,0.18138484790701498,0,LOW,0.0
9032,1,30,MEDIUM,,0.9809712855321134,1,HIGH,1.0
9033,1,20,LOW,0.0,0.11038160854642257,0,LOW,0.0
9034,1,0,LOW,0.0,0.28340646196593333,0,LOW,0.0
9035,1,0,LOW,0.0,0.9237047041480362,1,REVIEW,
9036,1,15,LOW,0.0,0.9456661656647652,1,REVIEW,
9037,1,35,MEDIUM,,0.9917054029997808,1,HIGH,1.0
9038,1,20,LOW,0.0,0.0632345168431701,0,LOW,0.0
9039,1,0,LOW,0.0,0.3014870784561146,0,LOW,0.0
9040,1,0,LOW,0.0,0.2090869893419288,0,LOW,0.0
9041,1,0,LOW,0.0,0.08648089213262429,0,LOW,0.0
9042,1,40,MEDIUM,,0.9725214927251693,1,HIGH,1.0
9043,1,0,LOW,0.0,0.5683744099740963,1,REVIEW,
9044,1,0,LOW,0.0,0.07824294372626893,0,LOW,0.0
9045,1,0,LOW,0.0,0.4617563512507134,0,LOW,0.0
9046,1,30,MEDIUM,,0.8143008757380354,1,HIGH,1.0
9047,1,35,MEDIUM,,0.9846208488388518,1,HIGH,1.0
9048,1,20,LOW,0.0,0.8969043503063483,1,REVIEW,
9049,1,0,LOW,0.0,0.7701569893228789,1,REVIEW,
9050,1,0,LOW,0.0,0.450936698064266,0,LOW,0.0
9051,1,0,LOW,0.0,0.6000481350305148,1,REVIEW,
9052,1,0,LOW,0.0,0.8867555654765144,1,REVIEW,
9053,1,0,LOW,0.0,0.3010714259515978,0,LOW,0.0
9054,1,10,LOW,0.0,0.39313036467641643,0,LOW,0.0
9055,1,0,LOW,0.0,0.6548598792929524,1,REVIEW,
9056,1,0,LOW,0.0,0.10293205222737066,0,LOW,0.0
9057,1,35,MEDIUM,,0.9813524477610623,1,HIGH,1.0
9058,1,30,MEDIUM,,0.5820008127275622,1,HIGH,1.0
9059,1,5,LOW,0.0,0.7520627156091408,1,REVIEW,
9060,1,10,LOW,0.0,0.006856298287436642,0,LOW,0.0
9061,1,10,LOW,0.0,0.5650463927310194,1,REVIEW,
9062,1,30,MEDIUM,,0.9584401234458171,1,HIGH,1.0
9063,1,30,MEDIUM,,0.5429224527755827,1,HIGH,1.0
9064,1,0,LOW,0.0,0.7884281664708923,1,REVIEW,
9065,1,0,LOW,0.0,0.27159965210257303,0,LOW,0.0
9066,1,0,LOW,0.0,0.8912065474748058,1,REVIEW,
9067,1,25,LOW,0.0,0.9931090764694702,1,REVIEW,
9068,1,20,LOW,0.0,0.0611027632229403,0,LOW,0.0
9069,1,10,LOW,0.0,0.49550774887402527,0,LOW,0.0
9070,1,10,LOW,0.0,0.06703047572708097,0,LOW,0.0
9071,1,0,LOW,0.0,0.10968095147324228,0,LOW,0.0
9072,1,30,MEDIUM,,0.9615466806478311,1,HIGH,1.0
9073,1,20,LOW,0.0,0.3647039068158049,0,LOW,0.0
9074,1,0,LOW,0.0,0.32375081135426154,0,LOW,0.0
9075,1,0,LOW,0.0,0.18476413588202156,0,LOW,0.0
9076,1,0,LOW,0.0,0.6235899220912346,1,REVIEW,
9077,1,20,LOW,0.0,0.3064088723843952,0,LOW,0.0
9078,1,15,LOW,0.0,0.9662904164135371,1,REVIEW,
9079,1,0,LOW,0.0,0.5476722800949069,1,REVIEW,
9080,1,0,LOW,0.0,0.8918164274840059,1,REVIEW,
9081,1,10,LOW,0.0,0.4104191240993506,0,LOW,0.0
9082,1,0,LOW,0.0,0.6361904308253382,1,REVIEW,
9083,1,25,LOW,0.0,0.8885755155489544,1,REVIEW,
9084,1,30,MEDIUM,,0.8824041045898984,1,HIGH,1.0
9085,1,0,LOW,0.0,0.49442081603479243,0,LOW,0.0
9086,1,0,LOW,0.0,0.048470604827782704,0,LOW,0.0
9087,1,0,LOW,0.0,0.52073703037393,1,REVIEW,
9088,1,30,MEDIUM,,0.9899037153354815,1,HIGH,1.0
9089,1,20,LOW,0.0,0.4194146411393965,0,LOW,0.0
9090,1,0,LOW,0.0,0.7665961350565437,1,REVIEW,
9091,1,10,LOW,0.0,0.19802639725402765,0,LOW,0.0
9092,1,10,LOW,0.0,0.5545352773824348,1,REVIEW,
9093,1,40,MEDIUM,,0.9786997389138768,1,HIGH,1.0
9094,1,20,LOW,0.0,0.41091860015872383,0,LOW,0.0
9095,1,0,LOW,0.0,0.8655256863379487,1,REVIEW,
9096,1,0,LOW,0.0,0.15498620544863767,0,LOW,0.0
9097,1,10,LOW,0.0,0.5495143616071677,1,REVIEW,
9098,1,0,LOW,0.0,0.9532740928970846,1,REVIEW,
9099,1,10,LOW,0.0,0.00405953813963193,0,LOW,0.0
9100,1,0,LOW,0.0,0.9835943847364931,1,REVIEW,
9101,1,10,LOW,0.0,0.11774455069200122,0,LOW,0.0
9102,1,30,MEDIUM,,0.8300269103240924,1,HIGH,1.0
9103,1,30,MEDIUM,,0.9189164914227904,1,HIGH,1.0
9104,1,20,LOW,0.0,0.8459720619363756,1,REVIEW,
9105,1,0,LOW,0.0,0.8438569776480741,1,REVIEW,
9106,1,0,LOW,0.0,0.24380817985860062,0,LOW,0.0
9107,1,0,LOW,0.0,0.23126274594236335,0,LOW,0.0
9108,1,10,LOW,0.0,0.9902410981681887,1,REVIEW,
9109,1,0,LOW,0.0,0.35209456385558674,0,LOW,0.0
9110,1,0,LOW,0.0,0.8855007634657077,1,REVIEW,
9111,1,10,LOW,0.0,0.23234248771799101,0,LOW,0.0
9112,1,30,MEDIUM,,0.6618306575625582,1,HIGH,1.0
9113,1,30,MEDIUM,,0.9754807620886179,1,HIGH,1.0
9114,1,20,LOW,0.0,0.41522703941540334,0,LOW,0.0
9115,1,0,LOW,0.0,0.7612594439675354,1,REVIEW,
9116,1,10,LOW,0.0,0.5893549037138447,1,REVIEW,
9117,1,30,MEDIUM,,0.5857210427154919,1,HIGH,1.0
9118,1,25,LOW,0.0,0.9220729525895031,1,REVIEW,
9119,1,20,LOW,0.0,0.3137235889195444,0,LOW,0.0
9120,1,0,LOW,0.0,0.7686078651543017,1,REVIEW,
9121,1,5,LOW,0.0,0.15040835271691122,0,LOW,0.0
9122,1,10,LOW,0.0,0.49453134620795797,0,LOW,0.0
9123,1,30,MEDIUM,,0.9959169875035688,1,HIGH,1.0
9124,1,20,LOW,0.0,0.8022713242461966,1,REVIEW,
9125,1,0,LOW,0.0,0.19605776967064842,0,LOW,0.0
9126,1,10,LOW,0.0,0.1619377749243841,0,LOW,0.0
9127,1,10,LOW,0.0,0.7922329577782946,1,REVIEW,
9128,1,35,MEDIUM,,0.9905477882895867,1,HIGH,1.0
9129,1,20,LOW,0.0,0.046216922584712834,0,LOW,0.0
9130,1,0,LOW,0.0,0.8877912685680182,1,REVIEW,
9131,1,0,LOW,0.0,0.39279194041852133,0,LOW,0.0
9132,1,0,LOW,0.0,0.45361428120205627,0,LOW,0.0
9133,1,40,MEDIUM,,0.9949550770034317,1,HIGH,1.0
9134,1,5,LOW,0.0,0.6723132774155274,1,REVIEW,
9135,1,0,LOW,0.0,0.39225018707580267,0,LOW,0.0
9136,1,10,LOW,0.0,0.04464439359670991,0,LOW,0.0
9137,1,0,LOW,0.0,0.10611971594685779,0,LOW,0.0
9138,1,35,MEDIUM,,0.9814003230928585,1,HIGH,1.0
9139,1,20,LOW,0.0,0.6987307619172204,1,REVIEW,
9140,1,0,LOW,0.0,0.969096500337273,1,REVIEW,
9141,1,10,LOW,0.0,0.53780961353357,1,REVIEW,
9142,1,0,LOW,0.0,0.4771648498845992,0,LOW,0.0
9143,1,30,MEDIUM,,0.9608849905540555,1,HIGH,1.0
9144,1,0,LOW,0.0,0.16663913153639373,0,LOW,0.0
9145,1,5,LOW,0.0,0.9127230135858546,1,REVIEW,
9146,1,10,LOW,0.0,0.10744395550532154,0,LOW,0.0
9147,1,0,LOW,0.0,0.22676447175183814,0,LOW,0.0
9148,1,35,MEDIUM,,0.9815742014408023,1,HIGH,1.0
9149,1,20,LOW,0.0,0.21153453514389567,0,LOW,0.0
9150,1,10,LOW,0.0,0.7457302100969567,1,REVIEW,
9151,1,10,LOW,0.0,0.45870390873040573,0,LOW,0.0
9152,1,0,LOW,0.0,0.41398002910402915,0,LOW,0.0
9153,1,10,LOW,0.0,0.9953623406699544,1,REVIEW,
9154,1,0,LOW,0.0,0.04674915325659676,0,LOW,0.0
9155,1,10,LOW,0.0,0.8117993715014095,1,REVIEW,
9156,1,0,LOW,0.0,0.6241691619430271,1,REVIEW,
9157,1,0,LOW,0.0,0.47695053772331725,0,LOW,0.0
9158,1,40,MEDIUM,,0.9827234718651467,1,HIGH,1.0
9159,1,0,LOW,0.0,0.014031407457255417,0,LOW,0.0
9160,1,5,LOW,0.0,0.47629179442460384,0,LOW,0.0
9161,1,10,LOW,0.0,0.1700169864094056,0,LOW,0.0
9162,1,0,LOW,0.0,0.37495094327745454,0,LOW,0.0
9163,1,30,MEDIUM,,0.979408531052651,1,HIGH,1.0
9164,1,0,LOW,0.0,0.046100644859171924,0,LOW,0.0
9165,1,0,LOW,0.0,0.47476158231719806,0,LOW,0.0
9166,1,0,LOW,0.0,0.3652645635344094,0,LOW,0.0
9167,1,0,LOW,0.0,0.44285171868637835,0,LOW,0.0
9168,1,45,MEDIUM,,0.9961743556302716,1,HIGH,1.0
9169,1,0,LOW,0.0,0.5890896613734131,1,REVIEW,
9170,1,0,LOW,0.0,0.1610645211451989,0,LOW,0.0
9171,1,0,LOW,0.0,0.03593015678119583,0,LOW,0.0
9172,1,10,LOW,0.0,0.6943444393265065,1,REVIEW,
9173,1,40,MEDIUM,,0.9889053803304959,1,HIGH,1.0
9174,1,10,LOW,0.0,0.12602700678635453,0,LOW,0.0
9175,1,0,LOW,0.0,0.6992255174141456,1,REVIEW,
9176,1,0,LOW,0.0,0.10543476546091102,0,LOW,0.0
9177,1,0,LOW,0.0,0.39825657542616544,0,LOW,0.0
9178,1,15,LOW,0.0,0.9647491245027414,1,REVIEW,
9179,1,20,LOW,0.0,0.2076127946951923,0,LOW,0.0
9180,1,0,LOW,0.0,0.431750377015231,0,LOW,0.0
9181,1,10,LOW,0.0,0.7014991244999893,1,REVIEW,
9182,1,0,LOW,0.0,0.28034755088720587,0,LOW,0.0
9183,1,20,LOW,0.0,0.9562437696965689,1,REVIEW,
9184,1,25,LOW,0.0,0.9014822172567245,1,REVIEW,
9185,1,5,LOW,0.0,0.9163706660434933,1,REVIEW,
9186,1,0,LOW,0.0,0.15377811863222995,0,LOW,0.0
9187,1,0,LOW,0.0,0.27794364877023015,0,LOW,0.0
9188,1,40,MEDIUM,,0.957715125424545,1,HIGH,1.0
9189,1,30,MEDIUM,,0.17977946032398343,0,REVIEW,
9190,1,10,LOW,0.0,0.539634434722972,1,REVIEW,
9191,1,0,LOW,0.0,0.2663797943387792,0,LOW,0.0
9192,1,10,LOW,0.0,0.5253363514641252,1,REVIEW,
9193,1,20,LOW,0.0,0.8912197673592607,1,REVIEW,
9194,1,30,MEDIUM,,0.23628922166640137,0,REVIEW,
9195,1,0,LOW,0.0,0.8171539021719039,1,REVIEW,
9196,1,5,LOW,0.0,0.154725767142573,0,LOW,0.0
9197,1,0,LOW,0.0,0.4625336883362777,0,LOW,0.0
9198,1,20,LOW,0.0,0.926399409161013,1,REVIEW,
9199,1,20,LOW,0.0,0.2282086565964026,0,LOW,0.0
9200,1,0,LOW,0.0,0.8133776682438756,1,REVIEW,
9201,1,0,LOW,0.0,0.19122852960512904,0,LOW,0.0
9202,1,0,LOW,0.0,0.21468256420127096,0,LOW,0.0
9203,1,20,LOW,0.0,0.9556818568284963,1,REVIEW,
9204,1,10,LOW,0.0,0.15355413777266452,0,LOW,0.0
9205,1,0,LOW,0.0,0.7153150929232892,1,REVIEW,
9206,1,0,LOW,0.0,0.9343139410188197,1,REVIEW,
9207,1,30,MEDIUM,,0.47608213641508845,0,REVIEW,
9208,1,30,MEDIUM,,0.9873981138295502,1,HIGH,1.0
9209,1,20,LOW,0.0,0.3744623440864519,0,LOW,0.0
9210,1,10,LOW,0.0,0.2643674500768987,0,LOW,0.0
9211,1,0,LOW,0.0,0.7831546322868416,1,REVIEW,
9212,1,10,LOW,0.0,0.5624880343942626,1,REVIEW,
9213,1,30,MEDIUM,,0.9712493854580767,1,HIGH,1.0
9214,1,20,LOW,0.0,0.32239084079654573,0,LOW,0.0
9215,1,0,LOW,0.0,0.6955112003297965,1,REVIEW,
9216,1,0,LOW,0.0,0.03616794038573585,0,LOW,0.0
9217,1,30,MEDIUM,,0.9042370311232825,1,HIGH,1.0
9218,1,40,MEDIUM,,0.955613300213001,1,HIGH,1.0
9219,1,30,MEDIUM,,0.8317427252780055,1,HIGH,1.0
9220,1,10,LOW,0.0,0.5247417663139041,1,REVIEW,
9221,1,0,LOW,0.0,0.04190521121976767,0,LOW,0.0
9222,1,10,LOW,0.0,0.7162865030280438,1,REVIEW,
9223,1,30,MEDIUM,,0.8357215514852624,1,HIGH,1.0
9224,1,10,LOW,0.0,0.2970444858269908,0,LOW,0.0
9225,1,0,LOW,0.0,0.6299042041135383,1,REVIEW,
9226,1,10,LOW,0.0,0.6989294428472372,1,REVIEW,
9227,1,0,LOW,0.0,0.2726706100672145,0,LOW,0.0
9228,1,30,MEDIUM,,0.9081464077361303,1,HIGH,1.0
9229,1,20,LOW,0.0,0.29045908584267904,0,LOW,0.0
9230,1,5,LOW,0.0,0.840822814218355,1,REVIEW,
9231,1,10,LOW,0.0,0.6670920911868607,1,REVIEW,
9232,1,10,LOW,0.0,0.27494676792327494,0,LOW,0.0
9233,1,30,MEDIUM,,0.9596320961729635,1,HIGH,1.0
9234,1,30,MEDIUM,,0.38581283281499595,0,REVIEW,
9235,1,0,LOW,0.0,0.7110157035047012,1,REVIEW,
9236,1,0,LOW,0.0,0.07747494431976973,0,LOW,0.0
9237,1,30,MEDIUM,,0.601063849875973,1,HIGH,1.0
9238,1,30,MEDIUM,,0.9797938069965868,1,HIGH,1.0
9239,1,20,LOW,0.0,0.03615658352721956,0,LOW,0.0
9240,1,0,LOW,0.0,0.13454646614907934,0,LOW,0.0
9241,1,5,LOW,0.0,0.7404109446052108,1,REVIEW,
9242,1,0,LOW,0.0,0.3412480482656019,0,LOW,0.0
9243,1,30,MEDIUM,,0.9770894109753933,1,HIGH,1.0
9244,1,30,MEDIUM,,0.9396964796807442,1,HIGH,1.0
9245,1,0,LOW,0.0,0.6054742535214847,1,REVIEW,
9246,1,0,LOW,0.0,0.009353102691522314,0,LOW,0.0
9247,1,0,LOW,0.0,0.40090473630609713,0,LOW,0.0
9248,1,35,MEDIUM,,0.9873270308770912,1,HIGH,1.0
9249,1,25,LOW,0.0,0.12846489724510915,0,LOW,0.0
9250,1,10,LOW,0.0,0.5221921499002337,1,REVIEW,
9251,1,0,LOW,0.0,0.2943449282150889,0,LOW,0.0
9252,1,0,LOW,0.0,0.30776479764319464,0,LOW,0.0
9253,1,35,MEDIUM,,0.9937742567381442,1,HIGH,1.0
9254,1,10,LOW,0.0,0.5319423540414301,1,REVIEW,
9255,1,0,LOW,0.0,0.5797955265260217,1,REVIEW,
9256,1,0,LOW,0.0,0.4300260050065656,0,LOW,0.0
9257,1,10,LOW,0.0,0.5621406438055789,1,REVIEW,
9258,1,20,LOW,0.0,0.8671262336925825,1,REVIEW,
9259,1,30,MEDIUM,,0.24304670990288954,0,REVIEW,
9260,1,0,LOW,0.0,0.643911603375922,1,REVIEW,
9261,1,0,LOW,0.0,0.35333061660593784,0,LOW,0.0
9262,1,10,LOW,0.0,0.5616062925495459,1,REVIEW,
9263,1,30,MEDIUM,,0.9958178718112832,1,HIGH,1.0
9264,1,20,LOW,0.0,0.04577462736182307,0,LOW,0.0
9265,1,0,LOW,0.0,0.5937421691950784,1,REVIEW,
9266,1,0,LOW,0.0,0.14573548537227782,0,LOW,0.0
9267,1,0,LOW,0.0,0.2050296170812567,0,LOW,0.0
9268,1,30,MEDIUM,,0.98138195872699,1,HIGH,1.0
9269,1,20,LOW,0.0,0.3082861004325874,0,LOW,0.0
9270,1,0,LOW,0.0,0.7355698986222231,1,REVIEW,
9271,1,10,LOW,0.0,0.29254963594131933,0,LOW,0.0
9272,1,0,LOW,0.0,0.09637386143223386,0,LOW,0.0
9273,1,40,MEDIUM,,0.9793641448697368,1,HIGH,1.0
9274,1,20,LOW,0.0,0.5898186962820353,1,REVIEW,
9275,1,10,LOW,0.0,0.5654064521332546,1,REVIEW,
9276,1,5,LOW,0.0,0.7786711225913138,1,REVIEW,
9277,1,10,LOW,0.0,0.3627386558513141,0,LOW,0.0
9278,1,30,MEDIUM,,0.9572006686191927,1,HIGH,1.0
9279,1,20,LOW,0.0,0.05174184160609639,0,LOW,0.0
9280,1,0,LOW,0.0,0.9044432808200871,1,REVIEW,
9281,1,10,LOW,0.0,0.7318409892881632,1,REVIEW,
9282,1,10,LOW,0.0,0.70753169189481,1,REVIEW,
9283,1,45,MEDIUM,,0.9603835681776067,1,HIGH,1.0
9284,1,20,LOW,0.0,0.10028593165747242,0,LOW,0.0
9285,1,0,LOW,0.0,0.8941110469433312,1,REVIEW,
9286,1,10,LOW,0.0,0.09507802508624377,0,LOW,0.0
9287,1,0,LOW,0.0,0.48138158704831047,0,LOW,0.0
9288,1,40,MEDIUM,,0.98101144901873,1,HIGH,1.0
9289,1,20,LOW,0.0,0.23785716622753145,0,LOW,0.0
9290,1,0,LOW,0.0,0.2419850278005744,0,LOW,0.0
9291,1,10,LOW,0.0,0.08972121615157921,0,LOW,0.0
9292,1,0,LOW,0.0,0.7508311029546253,1,REVIEW,
9293,1,35,MEDIUM,,0.994682094296704,1,HIGH,1.0
9294,1,20,LOW,0.0,0.8839163452717197,1,REVIEW,
9295,1,0,LOW,0.0,0.8422512161685883,1,REVIEW,
9296,1,0,LOW,0.0,0.022201536340318868,0,LOW,0.0
9297,1,20,LOW,0.0,0.3968194318693161,0,LOW,0.0
9298,1,35,MEDIUM,,0.9945893420371348,1,HIGH,1.0
9299,1,20,LOW,0.0,0.2961399415086401,0,LOW,0.0
9300,1,0,LOW,0.0,0.3347686960688774,0,LOW,0.0
9301,1,0,LOW,0.0,0.37638397020770303,0,LOW,0.0
9302,1,30,MEDIUM,,0.5984379956896675,1,HIGH,1.0
9303,1,40,MEDIUM,,0.6116375714403068,1,HIGH,1.0
9304,1,20,LOW,0.0,0.7992287827812329,1,REVIEW,
9305,1,0,LOW,0.0,0.5721508320227464,1,REVIEW,
9306,1,0,LOW,0.0,0.31477805269394077,0,LOW,0.0
9307,1,10,LOW,0.0,0.699459560809836,1,REVIEW,
9308,1,30,MEDIUM,,0.9708022257674181,1,HIGH,1.0
9309,1,20,LOW,0.0,0.2718814929558697,0,LOW,0.0
9310,1,0,LOW,0.0,0.7341947356310627,1,REVIEW,
9311,1,10,LOW,0.0,0.05895508747280281,0,LOW,0.0
9312,1,30,MEDIUM,,0.2700463147334222,0,REVIEW,
9313,1,35,MEDIUM,,0.9581993911961361,1,HIGH,1.0
9314,1,20,LOW,0.0,0.04310042717875865,0,LOW,0.0
9315,1,0,LOW,0.0,0.7618802734588547,1,REVIEW,
9316,1,10,LOW,0.0,0.753966095449093,1,REVIEW,
9317,1,0,LOW,0.0,0.4611541860578412,0,LOW,0.0
9318,1,40,MEDIUM,,0.9849989032855121,1,HIGH,1.0
9319,1,0,LOW,0.0,0.15588406142915912,0,LOW,0.0
9320,1,0,LOW,0.0,0.7214217065281868,1,REVIEW,
9321,1,0,LOW,0.0,0.18165680344740787,0,LOW,0.0
9322,1,10,LOW,0.0,0.8889870765093019,1,REVIEW,
9323,1,10,LOW,0.0,0.8005253231158018,1,REVIEW,
9324,1,0,LOW,0.0,0.11930227241092395,0,LOW,0.0
9325,1,0,LOW,0.0,0.9369584412769861,1,REVIEW,
9326,1,0,LOW,0.0,0.8654014388348877,1,REVIEW,
9327,1,10,LOW,0.0,0.9614706404287584,1,REVIEW,
9328,1,35,MEDIUM,,0.941905013818136,1,HIGH,1.0
9329,1,0,LOW,0.0,0.003961188675797594,0,LOW,0.0
9330,1,0,LOW,0.0,0.3827775404745891,0,LOW,0.0
9331,1,10,LOW,0.0,0.16427829587987566,0,LOW,0.0
9332,1,0,LOW,0.0,0.38614766257301525,0,LOW,0.0
9333,1,35,MEDIUM,,0.9838863529319275,1,HIGH,1.0
9334,1,10,LOW,0.0,0.866602976452149,1,REVIEW,
9335,1,0,LOW,0.0,0.2726066880326443,0,LOW,0.0
9336,1,0,LOW,0.0,0.27353454366351676,0,LOW,0.0
9337,1,10,LOW,0.0,0.46406883364428897,0,LOW,0.0
9338,1,20,LOW,0.0,0.9255437601313342,1,REVIEW,
9339,1,20,LOW,0.0,0.8116908601776556,1,REVIEW,
9340,1,10,LOW,0.0,0.8382870207552845,1,REVIEW,
9341,1,10,LOW,0.0,0.03699876114961476,0,LOW,0.0
9342,1,0,LOW,0.0,0.41982582722169864,0,LOW,0.0
9343,1,30,MEDIUM,,0.9658604340740017,1,HIGH,1.0
9344,1,20,LOW,0.0,0.8140183681633131,1,REVIEW,
9345,1,10,LOW,0.0,0.8587428192209835,1,REVIEW,
9346,1,0,LOW,0.0,0.07168604863176396,0,LOW,0.0
9347,1,0,LOW,0.0,0.5230928830919879,1,REVIEW,
9348,1,20,LOW,0.0,0.8535752280130336,1,REVIEW,
9349,1,30,MEDIUM,,0.789953989352852,1,HIGH,1.0
9350,1,0,LOW,0.0,0.47931437138786526,0,LOW,0.0
9351,1,10,LOW,0.0,0.1892385811562509,0,LOW,0.0
9352,1,0,LOW,0.0,0.35372939685424865,0,LOW,0.0
9353,1,20,LOW,0.0,0.9623864960926355,1,REVIEW,
9354,1,20,LOW,0.0,0.3224213878145815,0,LOW,0.0
9355,1,0,LOW,0.0,0.6616015637638947,1,REVIEW,
9356,1,10,LOW,0.0,0.5233321977752321,1,REVIEW,
9357,1,20,LOW,0.0,0.694551677313386,1,REVIEW,
9358,1,10,LOW,0.0,0.8990692801005548,1,REVIEW,
9359,1,20,LOW,0.0,0.03271050527548727,0,LOW,0.0
9360,1,10,LOW,0.0,0.3164908675540368,0,LOW,0.0
9361,1,10,LOW,0.0,0.3261796895914047,0,LOW,0.0
9362,1,30,MEDIUM,,0.6895666519865437,1,HIGH,1.0
9363,1,30,MEDIUM,,0.9838877223224336,1,HIGH,1.0
9364,1,20,LOW,0.0,0.017487044383309194,0,LOW,0.0
9365,1,10,LOW,0.0,0.6917077753667896,1,REVIEW,
9366,1,0,LOW,0.0,0.04821406207016244,0,LOW,0.0
9367,1,10,LOW,0.0,0.7422532211678924,1,REVIEW,
9368,1,20,LOW,0.0,0.9839768555754613,1,REVIEW,
9369,1,20,LOW,0.0,0.6857519955486765,1,REVIEW,
9370,1,15,LOW,0.0,0.8624509308833521,1,REVIEW,
9371,1,15,LOW,0.0,0.5390135364745796,1,REVIEW,
9372,1,10,LOW,0.0,0.7292586132441738,1,REVIEW,
9373,1,35,MEDIUM,,0.9386038590937487,1,HIGH,1.0
9374,1,20,LOW,0.0,0.08550999435398791,0,LOW,0.0
9375,1,10,LOW,0.0,0.41492957114148515,0,LOW,0.0
9376,1,10,LOW,0.0,0.6466620467003616,1,REVIEW,
9377,1,0,LOW,0.0,0.27489624667581586,0,LOW,0.0
9378,1,35,MEDIUM,,0.9932926691379187,1,HIGH,1.0
9379,1,35,MEDIUM,,0.60131509880738,1,HIGH,1.0
9380,1,10,LOW,0.0,0.7130845321777588,1,REVIEW,
9381,1,0,LOW,0.0,0.35898685630400917,0,LOW,0.0
9382,1,10,LOW,0.0,0.32565058859353596,0,LOW,0.0
9383,1,30,MEDIUM,,0.9808375487531851,1,HIGH,1.0
9384,1,20,LOW,0.0,0.1435031355530767,0,LOW,0.0
9385,1,0,LOW,0.0,0.0859247913009478,0,LOW,0.0
9386,1,10,LOW,0.0,0.6549979874953689,1,REVIEW,
9387,1,30,MEDIUM,,0.7331516680704447,1,HIGH,1.0
9388,1,40,MEDIUM,,0.9810602995205294,1,HIGH,1.0
9389,1,20,LOW,0.0,0.05021259009118135,0,LOW,0.0
9390,1,10,LOW,0.0,0.4456912426356459,0,LOW,0.0
9391,1,10,LOW,0.0,0.15746631179508075,0,LOW,0.0
9392,1,0,LOW,0.0,0.8302689583025427,1,REVIEW,
9393,1,30,MEDIUM,,0.9740414793565398,1,HIGH,1.0
9394,1,20,LOW,0.0,0.08344296299426357,0,LOW,0.0
9395,1,0,LOW,0.0,0.904349948113896,1,REVIEW,
9396,1,5,LOW,0.0,0.6544375508895859,1,REVIEW,
9397,1,10,LOW,0.0,0.3730311690137439,0,LOW,0.0
9398,1,30,MEDIUM,,0.9807690186634967,1,HIGH,1.0
9399,1,20,LOW,0.0,0.31129030724051443,0,LOW,0.0
9400,1,0,LOW,0.0,0.7028038452123474,1,REVIEW,
9401,1,0,LOW,0.0,0.2907652147562774,0,LOW,0.0
9402,1,30,MEDIUM,,0.8263214002575767,1,HIGH,1.0
9403,1,30,MEDIUM,,0.9960454925423601,1,HIGH,1.0
9404,1,10,LOW,0.0,0.30944506523301085,0,LOW,0.0
9405,1,10,LOW,0.0,0.6767233664919441,1,REVIEW,
9406,1,0,LOW,0.0,0.709513039516713,1,REVIEW,
9407,1,20,LOW,0.0,0.8799456618993604,1,REVIEW,
9408,1,30,MEDIUM,,0.9902575244494253,1,HIGH,1.0
9409,1,20,LOW,0.0,0.1573707537754997,0,LOW,0.0
9410,1,0,LOW,0.0,0.7043730530858664,1,REVIEW,
9411,1,0,LOW,0.0,0.13768996826443886,0,LOW,0.0
9412,1,10,LOW,0.0,0.3829163308462116,0,LOW,0.0
9413,1,35,MEDIUM,,0.9613528041425294,1,HIGH,1.0
9414,1,0,LOW,0.0,0.2259667367113955,0,LOW,0.0
9415,1,10,LOW,0.0,0.6205760035335063,1,REVIEW,
9416,1,0,LOW,0.0,0.49691946361263617,0,LOW,0.0
9417,1,0,LOW,0.0,0.2918768457704778,0,LOW,0.0
9418,1,40,MEDIUM,,0.9867743578254236,1,HIGH,1.0
9419,1,30,MEDIUM,,0.39302875818445265,0,REVIEW,
9420,1,0,LOW,0.0,0.2860103065876583,0,LOW,0.0
9421,1,0,LOW,0.0,0.03463493102480714,0,LOW,0.0
9422,1,0,LOW,0.0,0.3561872417082466,0,LOW,0.0
9423,1,30,MEDIUM,,0.8671937892200142,1,HIGH,1.0
9424,1,20,LOW,0.0,0.35044251301985363,0,LOW,0.0
9425,1,10,LOW,0.0,0.6562300673134818,1,REVIEW,
9426,1,0,LOW,0.0,0.12413264397116883,0,LOW,0.0
9427,1,20,LOW,0.0,0.8089761634531452,1,REVIEW,
9428,1,40,MEDIUM,,0.9061125252133788,1,HIGH,1.0
9429,1,5,LOW,0.0,0.5556948852431027,1,REVIEW,
9430,1,0,LOW,0.0,0.4579011867759501,0,LOW,0.0
9431,1,0,LOW,0.0,0.3417626265426418,0,LOW,0.0
9432,1,10,LOW,0.0,0.20880098332367605,0,LOW,0.0
9433,1,40,MEDIUM,,0.9742102307720184,1,HIGH,1.0
9434,1,30,MEDIUM,,0.4727440193830797,0,REVIEW,
9435,1,0,LOW,0.0,0.8989036467566681,1,REVIEW,
9436,1,10,LOW,0.0,0.6746850591640337,1,REVIEW,
9437,1,0,LOW,0.0,0.26763520631678767,0,LOW,0.0
9438,1,10,LOW,0.0,0.9110603684997027,1,REVIEW,
9439,1,0,LOW,0.0,0.11282001115235463,0,LOW,0.0
9440,1,0,LOW,0.0,0.5119887064669846,1,REVIEW,
9441,1,0,LOW,0.0,0.22454148632062573,0,LOW,0.0
9442,1,10,LOW,0.0,0.20364391136167087,0,LOW,0.0
9443,1,35,MEDIUM,,0.9877013641478185,1,HIGH,1.0
9444,1,20,LOW,0.0,0.6202151911348822,1,REVIEW,
9445,1,0,LOW,0.0,0.9793029355655564,1,REVIEW,
9446,1,10,LOW,0.0,0.6510332399110905,1,REVIEW,
9447,1,0,LOW,0.0,0.2909478436073214,0,LOW,0.0
9448,1,20,LOW,0.0,0.9325350104077387,1,REVIEW,
9449,1,0,LOW,0.0,0.5618094076976884,1,REVIEW,
9450,1,20,LOW,0.0,0.8040800662304546,1,REVIEW,
9451,1,0,LOW,0.0,0.18483965205017291,0,LOW,0.0
9452,1,0,LOW,0.0,0.3736067470412656,0,LOW,0.0
9453,1,10,LOW,0.0,0.9426847331133906,1,REVIEW,
9454,1,20,LOW,0.0,0.6951353970097695,1,REVIEW,
9455,1,10,LOW,0.0,0.6131037717905795,1,REVIEW,
9456,1,10,LOW,0.0,0.7742197071910267,1,REVIEW,
9457,1,20,LOW,0.0,0.37170140222914705,0,LOW,0.0
9458,1,30,MEDIUM,,0.9547084289524607,1,HIGH,1.0
9459,1,20,LOW,0.0,0.8871980193993394,1,REVIEW,
9460,1,0,LOW,0.0,0.6183480019283961,1,REVIEW,
9461,1,0,LOW,0.0,0.5395042066466413,1,REVIEW,
9462,1,10,LOW,0.0,0.8738085340875905,1,REVIEW,
9463,1,35,MEDIUM,,0.9257754658189419,1,HIGH,1.0
9464,1,0,LOW,0.0,0.17873841899026446,0,LOW,0.0
9465,1,0,LOW,0.0,0.5104807484127271,1,REVIEW,
9466,1,10,LOW,0.0,0.18376909281677742,0,LOW,0.0
9467,1,10,LOW,0.0,0.8045448527410026,1,REVIEW,
9468,1,30,MEDIUM,,0.9138292985709775,1,HIGH,1.0
9469,1,20,LOW,0.0,0.021800500321653114,0,LOW,0.0
9470,1,0,LOW,0.0,0.8697068463489589,1,REVIEW,
9471,1,0,LOW,0.0,0.3074187636410533,0,LOW,0.0
9472,1,10,LOW,0.0,0.8105479041205575,1,REVIEW,
9473,1,0,LOW,0.0,0.08008370548766959,0,LOW,0.0
9474,1,35,MEDIUM,,0.9803290994516777,1,HIGH,1.0
9475,1,0,LOW,0.0,0.19797107716332993,0,LOW,0.0
9476,1,0,LOW,0.0,0.4427831918027543,0,LOW,0.0
9477,1,10,LOW,0.0,0.06360721981522488,0,LOW,0.0
9478,1,0,LOW,0.0,0.6495226469594162,1,REVIEW,
9479,1,0,LOW,0.0,0.6733269768911291,1,REVIEW,
9480,1,40,MEDIUM,,0.9565600365974828,1,HIGH,1.0
9481,1,0,LOW,0.0,0.3579776823481844,0,LOW,0.0
9482,1,0,LOW,0.0,0.9415779067228339,1,REVIEW,
9483,1,0,LOW,0.0,0.11673543976883191,0,LOW,0.0
9484,1,10,LOW,0.0,0.03968117911431903,0,LOW,0.0
9485,1,30,MEDIUM,,0.9732870563238678,1,HIGH,1.0
9486,1,0,LOW,0.0,0.0973119691559426,0,LOW,0.0
9487,1,0,LOW,0.0,0.7913570349038113,1,REVIEW,
9488,1,0,LOW,0.0,0.39440001734512686,0,LOW,0.0
9489,1,10,LOW,0.0,0.4887142848366379,0,LOW,0.0
9490,1,40,MEDIUM,,0.9776672028942086,1,HIGH,1.0
9491,1,30,MEDIUM,,0.6664621263580156,1,HIGH,1.0
9492,1,0,LOW,0.0,0.5224786716386887,1,REVIEW,
9493,1,0,LOW,0.0,0.08597139725271813,0,LOW,0.0
9494,1,20,LOW,0.0,0.5533682540818616,1,REVIEW,
9495,1,20,LOW,0.0,0.9357171545168553,1,REVIEW,
9496,1,20,LOW,0.0,0.5632313135198354,1,REVIEW,
9497,1,10,LOW,0.0,0.5896979649378385,1,REVIEW,
9498,1,0,LOW,0.0,0.3006223318729502,0,LOW,0.0
9499,1,0,LOW,0.0,0.33152025581913763,0,LOW,0.0
9500,1,35,MEDIUM,,0.9860841327557266,1,HIGH,1.0
9501,1,0,LOW,0.0,0.1002605791061101,0,LOW,0.0
9502,1,10,LOW,0.0,0.7137504077564301,1,REVIEW,
9503,1,0,LOW,0.0,0.1329709865837064,0,LOW,0.0
9504,1,0,LOW,0.0,0.3079776337040925,0,LOW,0.0
9505,1,35,MEDIUM,,0.9857260497561778,1,HIGH,1.0
9506,1,0,LOW,0.0,0.3188041924598216,0,LOW,0.0
9507,1,0,LOW,0.0,0.08779894929518198,0,LOW,0.0
9508,1,10,LOW,0.0,0.08740200683449807,0,LOW,0.0
9509,1,10,LOW,0.0,0.6993721309794201,1,REVIEW,
9510,1,30,MEDIUM,,0.9816773647773311,1,HIGH,1.0
9511,1,20,LOW,0.0,0.22489727942083382,0,LOW,0.0
9512,1,0,LOW,0.0,0.8839271112939521,1,REVIEW,
9513,1,0,LOW,0.0,0.13004098024639904,0,LOW,0.0
9514,1,30,MEDIUM,,0.7192740930312514,1,HIGH,1.0
9515,1,20,LOW,0.0,0.9748768042765319,1,REVIEW,
9516,1,20,LOW,0.0,0.2666788005849108,0,LOW,0.0
9517,1,0,LOW,0.0,0.6579712175034942,1,REVIEW,
9518,1,0,LOW,0.0,0.3528755606889089,0,LOW,0.0
9519,1,10,LOW,0.0,0.5931378984347456,1,REVIEW,
9520,1,30,MEDIUM,,0.9567188890769803,1,HIGH,1.0
9521,1,0,LOW,0.0,0.22169734531840077,0,LOW,0.0
9522,1,5,LOW,0.0,0.6898347077679493,1,REVIEW,
9523,1,10,LOW,0.0,0.4315253419670605,0,LOW,0.0
9524,1,0,LOW,0.0,0.8404687829092418,1,REVIEW,
9525,1,20,LOW,0.0,0.6820240239994575,1,REVIEW,
9526,1,10,LOW,0.0,0.45886420761077856,0,LOW,0.0
9527,1,0,LOW,0.0,0.8852667937427211,1,REVIEW,
9528,1,0,LOW,0.0,0.014373709741765687,0,LOW,0.0
9529,1,0,LOW,0.0,0.35393701103827513,0,LOW,0.0
9530,1,40,MEDIUM,,0.983650294019463,1,HIGH,1.0
9531,1,30,MEDIUM,,0.5060813520683964,1,HIGH,1.0
9532,1,0,LOW,0.0,0.2388455082802464,0,LOW,0.0
9533,1,0,LOW,0.0,0.11652022916633616,0,LOW,0.0
9534,1,0,LOW,0.0,0.621994211630996,1,REVIEW,
9535,1,35,MEDIUM,,0.9402416569308331,1,HIGH,1.0
9536,1,10,LOW,0.0,0.21471286365393366,0,LOW,0.0
9537,1,0,LOW,0.0,0.743253426445406,1,REVIEW,
9538,1,0,LOW,0.0,0.11965197851926469,0,LOW,0.0
9539,1,30,MEDIUM,,0.4397558591744525,0,REVIEW,
9540,1,35,MEDIUM,,0.9733053072165688,1,HIGH,1.0
9541,1,20,LOW,0.0,0.02230635364772848,0,LOW,0.0
9542,1,0,LOW,0.0,0.5946189197224976,1,REVIEW,
9543,1,0,LOW,0.0,0.6344598020742444,1,REVIEW,
9544,1,30,MEDIUM,,0.33933853302954553,0,REVIEW,
9545,1,40,MEDIUM,,0.9824114570916833,1,HIGH,1.0
9546,1,0,LOW,0.0,0.46020435695294165,0,LOW,0.0
9547,1,0,LOW,0.0,0.8351405860562499,1,REVIEW,
9548,1,0,LOW,0.0,0.18602475460187637,0,LOW,0.0
9549,1,10,LOW,0.0,0.8373332452055843,1,REVIEW,
9550,1,30,MEDIUM,,0.9790840103758457,1,HIGH,1.0
9551,1,20,LOW,0.0,0.6122612722953115,1,REVIEW,
9552,1,0,LOW,0.0,0.2134641128334519,0,LOW,0.0
9553,1,0,LOW,0.0,0.21751345860908797,0,LOW,0.0
9554,1,20,LOW,0.0,0.27814875860464905,0,LOW,0.0
9555,1,35,MEDIUM,,0.9889997218606107,1,HIGH,1.0
9556,1,20,LOW,0.0,0.13005270838540828,0,LOW,0.0
9557,1,20,LOW,0.0,0.8692724380473976,1,REVIEW,
9558,1,0,LOW,0.0,0.16187441064009167,0,LOW,0.0
9559,1,10,LOW,0.0,0.7613138937656997,1,REVIEW,
9560,1,30,MEDIUM,,0.8427340638658743,1,HIGH,1.0
9561,1,20,LOW,0.0,0.5663910633469155,1,REVIEW,
9562,1,0,LOW,0.0,0.8018830187051789,1,REVIEW,
9563,1,10,LOW,0.0,0.49092383211309193,0,LOW,0.0
9564,1,30,MEDIUM,,0.49925846141127034,0,REVIEW,
9565,1,30,MEDIUM,,0.9412998783578466,1,HIGH,1.0
9566,1,20,LOW,0.0,0.3592796497270817,0,LOW,0.0
9567,1,5,LOW,0.0,0.7614885119241429,1,REVIEW,
9568,1,0,LOW,0.0,0.48740949420457835,0,LOW,0.0
9569,1,10,LOW,0.0,0.2178285499596271,0,LOW,0.0
9570,1,30,MEDIUM,,0.9909481969760241,1,HIGH,1.0
9571,1,20,LOW,0.0,0.06723077575385293,0,LOW,0.0
9572,1,10,LOW,0.0,0.2754334960319271,0,LOW,0.0
9573,1,0,LOW,0.0,0.4758778371507952,0,LOW,0.0
9574,1,0,LOW,0.0,0.355391670460782,0,LOW,0.0
9575,1,30,MEDIUM,,0.9901465359249427,1,HIGH,1.0
9576,1,20,LOW,0.0,0.690131256270559,1,REVIEW,
9577,1,0,LOW,0.0,0.15883551700035176,0,LOW,0.0
9578,1,10,LOW,0.0,0.43896341287988566,0,LOW,0.0
9579,1,0,LOW,0.0,0.07335615333059527,0,LOW,0.0
9580,1,20,LOW,0.0,0.9013378553672338,1,REVIEW,
9581,1,20,LOW,0.0,0.6158678076081817,1,REVIEW,
9582,1,5,LOW,0.0,0.5098201379464835,1,REVIEW,
9583,1,0,LOW,0.0,0.5527937108781105,1,REVIEW,
9584,1,10,LOW,0.0,0.5043743604340818,1,REVIEW,
9585,1,45,MEDIUM,,0.9944658686363071,1,HIGH,1.0
9586,1,20,LOW,0.0,0.5310229029797542,1,REVIEW,
9587,1,10,LOW,0.0,0.7164741599319336,1,REVIEW,
9588,1,5,LOW,0.0,0.6912421421035543,1,REVIEW,
9589,1,10,LOW,0.0,0.2722967095179074,0,LOW,0.0
9590,1,30,MEDIUM,,0.9892114477894043,1,HIGH,1.0
9591,1,20,LOW,0.0,0.5777604423628588,1,REVIEW,
9592,1,10,LOW,0.0,0.6869412719937448,1,REVIEW,
9593,1,0,LOW,0.0,0.2470708907569224,0,LOW,0.0
9594,1,0,LOW,0.0,0.7295395285119224,1,REVIEW,
9595,1,40,MEDIUM,,0.9923044942712059,1,HIGH,1.0
9596,1,20,LOW,0.0,0.7464139426379316,1,REVIEW,
9597,1,0,LOW,0.0,0.9541894795469876,1,REVIEW,
9598,1,10,LOW,0.0,0.04246828671172699,0,LOW,0.0
9599,1,10,LOW,0.0,0.8780998028231602,1,REVIEW,
9600,1,30,MEDIUM,,0.9563489331500916,1,HIGH,1.0
9601,1,20,LOW,0.0,0.04138564941279348,0,LOW,0.0
9602,1,0,LOW,0.0,0.33883179881989617,0,LOW,0.0
9603,1,0,LOW,0.0,0.8370400750767805,1,REVIEW,
9604,1,0,LOW,0.0,0.28874411119492566,0,LOW,0.0
9605,1,30,MEDIUM,,0.9185123532473036,1,HIGH,1.0
9606,1,0,LOW,0.0,0.04741229407209386,0,LOW,0.0
9607,1,0,LOW,0.0,0.5913020594733122,1,REVIEW,
9608,1,0,LOW,0.0,0.21335725538194078,0,LOW,0.0
9609,1,30,MEDIUM,,0.9463560340873478,1,HIGH,1.0
9610,1,30,MEDIUM,,0.9893534944000645,1,HIGH,1.0
9611,1,20,LOW,0.0,0.5883048967532942,1,REVIEW,
9612,1,0,LOW,0.0,0.3811114508929133,0,LOW,0.0
9613,1,5,LOW,0.0,0.9665528504634333,1,REVIEW,
9614,1,10,LOW,0.0,0.8488383867813333,1,REVIEW,
9615,1,35,MEDIUM,,0.9562657241094579,1,HIGH,1.0
9616,1,20,LOW,0.0,0.04030351678926469,0,LOW,0.0
9617,1,0,LOW,0.0,0.7204923242151052,1,REVIEW,
9618,1,0,LOW,0.0,0.8375460152642622,1,REVIEW,
9619,1,0,LOW,0.0,0.3316404610138386,0,LOW,0.0
9620,1,15,LOW,0.0,0.9686273008679944,1,REVIEW,
9621,1,0,LOW,0.0,0.06040243568029153,0,LOW,0.0
9622,1,0,LOW,0.0,0.5697352728688344,1,REVIEW,
9623,1,0,LOW,0.0,0.28463063436518593,0,LOW,0.0
9624,1,10,LOW,0.0,0.8829535384050732,1,REVIEW,
9625,1,40,MEDIUM,,0.9087084016230818,1,HIGH,1.0
9626,1,5,LOW,0.0,0.016833620964888343,0,LOW,0.0
9627,1,10,LOW,0.0,0.8207122258206087,1,REVIEW,
9628,1,0,LOW,0.0,0.39245146128687197,0,LOW,0.0
9629,1,10,LOW,0.0,0.40763178374941816,0,LOW,0.0
9630,1,20,LOW,0.0,0.9365609032640873,1,REVIEW,
9631,1,20,LOW,0.0,0.036651232200663963,0,LOW,0.0
9632,1,15,LOW,0.0,0.8115602836000652,1,REVIEW,
9633,1,0,LOW,0.0,0.7883415906468906,1,REVIEW,
9634,1,10,LOW,0.0,0.9559682022429218,1,REVIEW,
9635,1,35,MEDIUM,,0.9949201210062546,1,HIGH,1.0
9636,1,0,LOW,0.0,0.7475884521661056,1,REVIEW,
9637,1,10,LOW,0.0,0.48240894802885315,0,LOW,0.0
9638,1,0,LOW,0.0,0.10989147920610179,0,LOW,0.0
9639,1,10,LOW,0.0,0.39558825726019,0,LOW,0.0
9640,1,20,LOW,0.0,0.9848559898383639,1,REVIEW,
9641,1,20,LOW,0.0,0.699675158094495,1,REVIEW,
9642,1,10,LOW,0.0,0.820462250318275,1,REVIEW,
9643,1,0,LOW,0.0,0.21060549225783223,0,LOW,0.0
9644,1,30,MEDIUM,,0.5615546492364808,1,HIGH,1.0
9645,1,30,MEDIUM,,0.9805014134500724,1,HIGH,1.0
9646,1,0,LOW,0.0,0.26934489477908097,0,LOW,0.0
9647,1,0,LOW,0.0,0.7976229369771375,1,REVIEW,
9648,1,0,LOW,0.0,0.7126132244159807,1,REVIEW,
9649,1,0,LOW,0.0,0.2125485837203829,0,LOW,0.0
9650,1,30,MEDIUM,,0.9943304008023389,1,HIGH,1.0
9651,1,0,LOW,0.0,0.0944256916200203,0,LOW,0.0
9652,1,10,LOW,0.0,0.7021607737631397,1,REVIEW,
9653,1,10,LOW,0.0,0.19128816251932107,0,LOW,0.0
9654,1,0,LOW,0.0,0.18442314635887325,0,LOW,0.0
9655,1,45,MEDIUM,,0.9909781884269995,1,HIGH,1.0
9656,1,30,MEDIUM,,0.15529669121980888,0,REVIEW,
9657,1,5,LOW,0.0,0.5827738727442031,1,REVIEW,
9658,1,10,LOW,0.0,0.02387288283122482,0,LOW,0.0
9659,1,0,LOW,0.0,0.11013588780851669,0,LOW,0.0
9660,1,15,LOW,0.0,0.9920302833243684,1,REVIEW,
9661,1,30,MEDIUM,,0.8015751977639912,1,HIGH,1.0
9662,1,0,LOW,0.0,0.028568772593203243,0,LOW,0.0
9663,1,0,LOW,0.0,0.17142381717629349,0,LOW,0.0
9664,1,0,LOW,0.0,0.4772016934209314,0,LOW,0.0
9665,1,30,MEDIUM,,0.7842620609063458,1,HIGH,1.0
9666,1,20,LOW,0.0,0.17511980480843004,0,LOW,0.0
9667,1,5,LOW,0.0,0.6371342507544855,1,REVIEW,
9668,1,0,LOW,0.0,0.10848247878640165,0,LOW,0.0
9669,1,0,LOW,0.0,0.518625531014569,1,REVIEW,
9670,1,30,MEDIUM,,0.9856417895345254,1,HIGH,1.0
9671,1,30,MEDIUM,,0.7138653172754297,1,HIGH,1.0
9672,1,10,LOW,0.0,0.09710539167483596,0,LOW,0.0
9673,1,15,LOW,0.0,0.48787176836175083,0,LOW,0.0
9674,1,30,MEDIUM,,0.6881558691049472,1,HIGH,1.0
9675,1,0,LOW,0.0,0.5222430963859546,1,REVIEW,
9676,1,30,MEDIUM,,0.9328590569152426,1,HIGH,1.0
9677,1,20,LOW,0.0,0.24759356979399957,0,LOW,0.0
9678,1,20,LOW,0.0,0.519864113406408,1,REVIEW,
9679,1,0,LOW,0.0,0.030322454884169583,0,LOW,0.0
9680,1,10,LOW,0.0,0.47020953967234197,0,LOW,0.0
9681,1,0,LOW,0.0,0.11880977766539351,0,LOW,0.0
9682,1,10,LOW,0.0,0.9591272278122555,1,REVIEW,
9683,1,30,MEDIUM,,0.31430228713735636,0,REVIEW,
9684,1,0,LOW,0.0,0.6648490803471708,1,REVIEW,
9685,1,10,LOW,0.0,0.5049712494440797,1,REVIEW,
9686,1,10,LOW,0.0,0.34320747485758407,0,LOW,0.0
9687,1,35,MEDIUM,,0.9230832515599622,1,HIGH,1.0
9688,1,30,MEDIUM,,0.34229126704827634,0,REVIEW,
9689,1,0,LOW,0.0,0.44241822775333844,0,LOW,0.0
9690,1,10,LOW,0.0,0.14756146176721105,0,LOW,0.0
9691,1,0,LOW,0.0,0.405912952161023,0,LOW,0.0
9692,1,35,MEDIUM,,0.9839136241079876,1,HIGH,1.0
9693,1,20,LOW,0.0,0.14378851070202095,0,LOW,0.0
9694,1,0,LOW,0.0,0.2595102188130003,0,LOW,0.0
9695,1,10,LOW,0.0,0.46677631973894446,0,LOW,0.0
9696,1,10,LOW,0.0,0.6473026902248982,1,REVIEW,
9697,1,40,MEDIUM,,0.9948197076993629,1,HIGH,1.0
9698,1,5,LOW,0.0,0.8579619157016352,1,REVIEW,
9699,1,0,LOW,0.0,0.674692288229186,1,REVIEW,
9700,1,10,LOW,0.0,0.7699804238967585,1,REVIEW,
9701,1,0,LOW,0.0,0.28461551629403953,0,LOW,0.0
9702,1,30,MEDIUM,,0.9690615283473116,1,HIGH,1.0
9703,1,0,LOW,0.0,0.2934116940355766,0,LOW,0.0
9704,1,0,LOW,0.0,0.8472097182690107,1,REVIEW,
9705,1,10,LOW,0.0,0.5207763328242209,1,REVIEW,
9706,1,0,LOW,0.0,0.7327059687605254,1,REVIEW,
9707,1,30,MEDIUM,,0.9809547610457319,1,HIGH,1.0
9708,1,20,LOW,0.0,0.24535358371804944,0,LOW,0.0
9709,1,0,LOW,0.0,0.4922494656171803,0,LOW,0.0
9710,1,0,LOW,0.0,0.12387500789158404,0,LOW,0.0
9711,1,0,LOW,0.0,0.30567467018280764,0,LOW,0.0
9712,1,40,MEDIUM,,0.9754195577391319,1,HIGH,1.0
9713,1,20,LOW,0.0,0.6725220724589621,1,REVIEW,
9714,1,10,LOW,0.0,0.305867192232913,0,LOW,0.0
9715,1,0,LOW,0.0,0.07434209841786799,0,LOW,0.0
9716,1,10,LOW,0.0,0.3890740772143082,0,LOW,0.0
9717,1,20,LOW,0.0,0.986375258950922,1,REVIEW,
9718,1,30,MEDIUM,,0.04966421922882044,0,REVIEW,
9719,1,0,LOW,0.0,0.9300634820513715,1,REVIEW,
9720,1,0,LOW,0.0,0.12105061722627425,0,LOW,0.0
9721,1,0,LOW,0.0,0.22469545444502056,0,LOW,0.0
9722,1,30,MEDIUM,,0.9179927077918522,1,HIGH,1.0
9723,1,20,LOW,0.0,0.7825868169526765,1,REVIEW,
9724,1,0,LOW,0.0,0.27614361850129326,0,LOW,0.0
9725,1,0,LOW,0.0,0.09813902710922365,0,LOW,0.0
9726,1,20,LOW,0.0,0.600335259213606,1,REVIEW,
9727,1,30,MEDIUM,,0.9671338369389471,1,HIGH,1.0
9728,1,20,LOW,0.0,0.22756830801010547,0,LOW,0.0
9729,1,20,LOW,0.0,0.6488903204579682,1,REVIEW,
9730,1,0,LOW,0.0,0.029565588678884164,0,LOW,0.0
9731,1,10,LOW,0.0,0.6651735165641648,1,REVIEW,
9732,1,20,LOW,0.0,0.9370540664445951,1,REVIEW,
9733,1,0,LOW,0.0,0.22052217468776183,0,LOW,0.0
9734,1,10,LOW,0.0,0.36627777954205293,0,LOW,0.0
9735,1,10,LOW,0.0,0.27317950645673805,0,LOW,0.0
9736,1,0,LOW,0.0,0.2826474921140133,0,LOW,0.0
9737,1,15,LOW,0.0,0.8334245427247217,1,REVIEW,
9738,1,30,MEDIUM,,0.1297209252932689,0,REVIEW,
9739,1,0,LOW,0.0,0.6176267705215668,1,REVIEW,
9740,1,10,LOW,0.0,0.8870685656787577,1,REVIEW,
9741,1,0,LOW,0.0,0.18713342879531342,0,LOW,0.0
9742,1,30,MEDIUM,,0.8903042689773727,1,HIGH,1.0
9743,1,30,MEDIUM,,0.023110351103351686,0,REVIEW,
9744,1,10,LOW,0.0,0.8032729741496131,1,REVIEW,
9745,1,10,LOW,0.0,0.9046420802978757,1,REVIEW,
9746,1,0,LOW,0.0,0.4533944262188058,0,LOW,0.0
9747,1,35,MEDIUM,,0.9809980180104669,1,HIGH,1.0
9748,1,20,LOW,0.0,0.013851594108551872,0,LOW,0.0
9749,1,0,LOW,0.0,0.756590001906174,1,REVIEW,
9750,1,10,LOW,0.0,0.2577491160472615,0,LOW,0.0
9751,1,10,LOW,0.0,0.820714197397431,1,REVIEW,
9752,1,10,LOW,0.0,0.8888601408526947,1,REVIEW,
9753,1,0,LOW,0.0,0.1941957607856018,0,LOW,0.0
9754,1,0,LOW,0.0,0.4464461983936187,0,LOW,0.0
9755,1,10,LOW,0.0,0.18466239936737808,0,LOW,0.0
9756,1,0,LOW,0.0,0.33755869724748183,0,LOW,0.0
9757,1,20,LOW,0.0,0.951648471468249,1,REVIEW,
9758,1,30,MEDIUM,,0.5567926871966019,1,HIGH,1.0
9759,1,0,LOW,0.0,0.781954898139326,1,REVIEW,
9760,1,0,LOW,0.0,0.2711155647652608,0,LOW,0.0
9761,1,0,LOW,0.0,0.2974016431264804,0,LOW,0.0
9762,1,25,LOW,0.0,0.9891663527230479,1,REVIEW,
9763,1,30,MEDIUM,,0.920244351359772,1,HIGH,1.0
9764,1,10,LOW,0.0,0.8642713015944887,1,REVIEW,
9765,1,0,LOW,0.0,0.178178899231619,0,LOW,0.0
9766,1,0,LOW,0.0,0.41117156205250055,0,LOW,0.0
9767,1,30,MEDIUM,,0.9474840519597677,1,HIGH,1.0
9768,1,20,LOW,0.0,0.6011404365512284,1,REVIEW,
9769,1,0,LOW,0.0,0.6807991584751244,1,REVIEW,
9770,1,0,LOW,0.0,0.026178248969219487,0,LOW,0.0
9771,1,10,LOW,0.0,0.39616994303324277,0,LOW,0.0
9772,1,40,MEDIUM,,0.934215864163423,1,HIGH,1.0
9773,1,20,LOW,0.0,0.3631415299569689,0,LOW,0.0
9774,1,0,LOW,0.0,0.06313451035210788,0,LOW,0.0
9775,1,10,LOW,0.0,0.6937614872958194,1,REVIEW,
9776,1,0,LOW,0.0,0.08261145955743507,0,LOW,0.0
9777,1,20,LOW,0.0,0.9777267085114606,1,REVIEW,
9778,1,30,MEDIUM,,0.9060999345654507,1,HIGH,1.0
9779,1,0,LOW,0.0,0.7043665989533799,1,REVIEW,
9780,1,0,LOW,0.0,0.17460577602666372,0,LOW,0.0
9781,1,0,LOW,0.0,0.3886784564873605,0,LOW,0.0
9782,1,25,LOW,0.0,0.9320918342779684,1,REVIEW,
9783,1,20,LOW,0.0,0.9043038111052393,1,REVIEW,
9784,1,0,LOW,0.0,0.4778963479973107,0,LOW,0.0
9785,1,0,LOW,0.0,0.07542421377400164,0,LOW,0.0
9786,1,10,LOW,0.0,0.4895233005446527,0,LOW,0.0
9787,1,35,MEDIUM,,0.9922887612593699,1,HIGH,1.0
9788,1,20,LOW,0.0,0.27719553504069006,0,LOW,0.0
9789,1,0,LOW,0.0,0.9068248885306146,1,REVIEW,
9790,1,10,LOW,0.0,0.6931216385537754,1,REVIEW,
9791,1,0,LOW,0.0,0.7200131473286037,1,REVIEW,
9792,1,30,MEDIUM,,0.9612318222837953,1,HIGH,1.0
9793,1,10,LOW,0.0,0.013308208160354336,0,LOW,0.0
9794,1,10,LOW,0.0,0.45615902176610523,0,LOW,0.0
9795,1,0,LOW,0.0,0.005028451005692192,0,LOW,0.0
9796,1,0,LOW,0.0,0.05044807470399985,0,LOW,0.0
9797,1,30,MEDIUM,,0.9928897064100862,1,HIGH,1.0
9798,1,20,LOW,0.0,0.38822614912993925,0,LOW,0.0
9799,1,0,LOW,0.0,0.8512323222517221,1,REVIEW,
9800,1,10,LOW,0.0,0.8759738534121797,1,REVIEW,
9801,1,0,LOW,0.0,0.45173406453440695,0,LOW,0.0
9802,1,40,MEDIUM,,0.9738049782115917,1,HIGH,1.0
9803,1,20,LOW,0.0,0.21703401326488342,0,LOW,0.0
9804,1,0,LOW,0.0,0.35674897189219085,0,LOW,0.0
9805,1,0,LOW,0.0,0.01252255458029975,0,LOW,0.0
9806,1,0,LOW,0.0,0.3319859823487502,0,LOW,0.0
9807,1,30,MEDIUM,,0.9829496055038892,1,HIGH,1.0
9808,1,0,LOW,0.0,0.051880255127394886,0,LOW,0.0
9809,1,10,LOW,0.0,0.5397228725565014,1,REVIEW,
9810,1,10,LOW,0.0,0.5737905124997371,1,REVIEW,
9811,1,10,LOW,0.0,0.6503218722901394,1,REVIEW,
9812,1,40,MEDIUM,,0.9782286287211291,1,HIGH,1.0
9813,1,20,LOW,0.0,0.2147604660966843,0,LOW,0.0
9814,1,5,LOW,0.0,0.8234494678659131,1,REVIEW,
9815,1,0,LOW,0.0,0.0729647980310306,0,LOW,0.0
9816,1,0,LOW,0.0,0.4476027515903752,0,LOW,0.0
9817,1,5,LOW,0.0,0.959939322782,1,REVIEW,
9818,1,10,LOW,0.0,0.24542827094553263,0,LOW,0.0
9819,1,0,LOW,0.0,0.4062349278616065,0,LOW,0.0
9820,1,10,LOW,0.0,0.50655096184236,1,REVIEW,
9821,1,30,MEDIUM,,0.8282456809919031,1,HIGH,1.0
9822,1,30,MEDIUM,,0.9887892452057476,1,HIGH,1.0
9823,1,0,LOW,0.0,0.010711630868100138,0,LOW,0.0
9824,1,5,LOW,0.0,0.7093804256027335,1,REVIEW,
9825,1,0,LOW,0.0,0.04014442972240518,0,LOW,0.0
9826,1,10,LOW,0.0,0.34317788943180133,0,LOW,0.0
9827,1,45,MEDIUM,,0.9734784986522045,1,HIGH,1.0
9828,1,20,LOW,0.0,0.06556984346741801,0,LOW,0.0
9829,1,10,LOW,0.0,0.7604725251132558,1,REVIEW,
9830,1,0,LOW,0.0,0.017441069669331895,0,LOW,0.0
9831,1,10,LOW,0.0,0.9005897360211294,1,REVIEW,
9832,1,30,MEDIUM,,0.9356950391226201,1,HIGH,1.0
9833,1,20,LOW,0.0,0.6275030199018053,1,REVIEW,
9834,1,0,LOW,0.0,0.5455986000557904,1,REVIEW,
9835,1,0,LOW,0.0,0.29045612586770464,0,LOW,0.0
9836,1,10,LOW,0.0,0.21817996986344051,0,LOW,0.0
9837,1,30,MEDIUM,,0.9277798570263986,1,HIGH,1.0
9838,1,0,LOW,0.0,0.1244218255598717,0,LOW,0.0
9839,1,0,LOW,0.0,0.9863137965944505,1,REVIEW,
9840,1,10,LOW,0.0,0.01992624887240761,0,LOW,0.0
9841,1,0,LOW,0.0,0.0633292504923077,0,LOW,0.0
9842,1,30,MEDIUM,,0.985789837859785,1,HIGH,1.0
9843,1,0,LOW,0.0,0.22781697152568167,0,LOW,0.0
9844,1,10,LOW,0.0,0.40071414596473126,0,LOW,0.0
9845,1,10,LOW,0.0,0.41702636972441126,0,LOW,0.0
9846,1,30,MEDIUM,,0.6455767037969721,1,HIGH,1.0
9847,1,30,MEDIUM,,0.9659995650833184,1,HIGH,1.0
9848,1,0,LOW,0.0,0.15574683806010042,0,LOW,0.0
9849,1,0,LOW,0.0,0.387099973322318,0,LOW,0.0
9850,1,0,LOW,0.0,0.5470320166840984,1,REVIEW,
9851,1,0,LOW,0.0,0.7502697253895955,1,REVIEW,
9852,1,40,MEDIUM,,0.98534409003643,1,HIGH,1.0
9853,1,0,LOW,0.0,0.17157865246191775,0,LOW,0.0
9854,1,0,LOW,0.0,0.6553056064706724,1,REVIEW,
9855,1,10,LOW,0.0,0.6038273179872514,1,REVIEW,
9856,1,10,LOW,0.0,0.9055481238515156,1,REVIEW,
9857,1,30,MEDIUM,,0.956216697875712,1,HIGH,1.0
9858,1,30,MEDIUM,,0.1930843732428191,0,REVIEW,
9859,1,10,LOW,0.0,0.8384654901287101,1,REVIEW,
9860,1,0,LOW,0.0,0.10983453630467986,0,LOW,0.0
9861,1,30,MEDIUM,,0.15002374632450638,0,REVIEW,
9862,1,40,MEDIUM,,0.9481891907963992,1,HIGH,1.0
9863,1,0,LOW,0.0,0.024379179848686153,0,LOW,0.0
9864,1,5,LOW,0.0,0.575993030244038,1,REVIEW,
9865,1,0,LOW,0.0,0.015570696198440937,0,LOW,0.0
9866,1,30,MEDIUM,,0.4300238545523985,0,REVIEW,
9867,1,45,MEDIUM,,0.9673932614555312,1,HIGH,1.0
9868,1,30,MEDIUM,,0.58649774266231,1,HIGH,1.0
9869,1,0,LOW,0.0,0.1264043127528473,0,LOW,0.0
9870,1,0,LOW,0.0,0.20676010944468678,0,LOW,0.0
9871,1,10,LOW,0.0,0.8955279773193454,1,REVIEW,
9872,1,30,MEDIUM,,0.9646761412780597,1,HIGH,1.0
9873,1,30,MEDIUM,,0.33041285387293634,0,REVIEW,
9874,1,0,LOW,0.0,0.6876367741809495,1,REVIEW,
9875,1,0,LOW,0.0,0.10644522047988478,0,LOW,0.0
9876,1,0,LOW,0.0,0.20470720767674905,0,LOW,0.0
9877,1,40,MEDIUM,,0.9898665657979498,1,HIGH,1.0
9878,1,20,LOW,0.0,0.09604113875344084,0,LOW,0.0
9879,1,0,LOW,0.0,0.7487847847863206,1,REVIEW,
9880,1,10,LOW,0.0,0.2095691608394797,0,LOW,0.0
9881,1,10,LOW,0.0,0.17280649694034955,0,LOW,0.0
9882,1,40,MEDIUM,,0.993169777597392,1,HIGH,1.0
9883,1,0,LOW,0.0,0.061950265497722215,0,LOW,0.0
9884,1,0,LOW,0.0,0.893682741954723,1,REVIEW,
9885,1,0,LOW,0.0,0.13189866412301438,0,LOW,0.0
9886,1,10,LOW,0.0,0.8257406898393216,1,REVIEW,
9887,1,10,LOW,0.0,0.9291786234954349,1,REVIEW,
9888,1,30,MEDIUM,,0.9072853818613064,1,HIGH,1.0
9889,1,0,LOW,0.0,0.11388237956204167,0,LOW,0.0
9890,1,10,LOW,0.0,0.8434554312889064,1,REVIEW,
9891,1,30,MEDIUM,,0.8219396613179341,1,HIGH,1.0
9892,1,40,MEDIUM,,0.9902786852690322,1,HIGH,1.0
9893,1,10,LOW,0.0,0.31247312582413717,0,LOW,0.0
9894,1,0,LOW,0.0,0.6392211296484691,1,REVIEW,
9895,1,0,LOW,0.0,0.7516797150437502,1,REVIEW,
9896,1,10,LOW,0.0,0.33715753206988924,0,LOW,0.0
9897,1,40,MEDIUM,,0.9937429878222521,1,HIGH,1.0
9898,1,20,LOW,0.0,0.5360354157114733,1,REVIEW,
9899,1,0,LOW,0.0,0.5993700884444745,1,REVIEW,
9900,1,0,LOW,0.0,0.17537834827318624,0,LOW,0.0
9901,1,10,LOW,0.0,0.7232872341794339,1,REVIEW,
9902,1,30,MEDIUM,,0.8887703991965904,1,HIGH,1.0
9903,1,0,LOW,0.0,0.09375443298371465,0,LOW,0.0
9904,1,0,LOW,0.0,0.22153978564358834,0,LOW,0.0
9905,1,0,LOW,0.0,0.01604748081285425,0,LOW,0.0
9906,1,10,LOW,0.0,0.14068878135043345,0,LOW,0.0
9907,1,20,LOW,0.0,0.6582002984743025,1,REVIEW,
9908,1,0,LOW,0.0,0.024295784825407625,0,LOW,0.0
9909,1,5,LOW,0.0,0.5370990252387859,1,REVIEW,
9910,1,0,LOW,0.0,0.06690370983406738,0,LOW,0.0
9911,1,30,MEDIUM,,0.7697292344094757,1,HIGH,1.0
9912,1,35,MEDIUM,,0.9845793097581795,1,HIGH,1.0
9913,1,30,MEDIUM,,0.7877012934731314,1,HIGH,1.0
9914,1,0,LOW,0.0,0.5566441774773431,1,REVIEW,
9915,1,0,LOW,0.0,0.14178878678904694,0,LOW,0.0
9916,1,10,LOW,0.0,0.6856213527636816,1,REVIEW,
9917,1,0,LOW,0.0,0.18172879972457154,0,LOW,0.0
9918,1,30,MEDIUM,,0.9849521369422252,1,HIGH,1.0
9919,1,0,LOW,0.0,0.009084405612589908,0,LOW,0.0
9920,1,0,LOW,0.0,0.5887416919917654,1,REVIEW,
9921,1,0,LOW,0.0,0.1128687004169546,0,LOW,0.0
9922,1,0,LOW,0.0,0.10699086292901379,0,LOW,0.0
9923,1,35,MEDIUM,,0.9908737396772624,1,HIGH,1.0
9924,1,20,LOW,0.0,0.05070078761889204,0,LOW,0.0
9925,1,10,LOW,0.0,0.3124380779491967,0,LOW,0.0
9926,1,0,LOW,0.0,0.6647669695804065,1,REVIEW,
9927,1,20,LOW,0.0,0.3448940370085937,0,LOW,0.0
9928,1,35,MEDIUM,,0.9447428465479483,1,HIGH,1.0
9929,1,20,LOW,0.0,0.013030541444930066,0,LOW,0.0
9930,1,10,LOW,0.0,0.13796258791967891,0,LOW,0.0
9931,1,10,LOW,0.0,0.2380756630260586,0,LOW,0.0
9932,1,10,LOW,0.0,0.7006837245191246,1,REVIEW,
9933,1,35,MEDIUM,,0.9688684899327065,1,HIGH,1.0
9934,1,0,LOW,0.0,0.03770407391758591,0,LOW,0.0
9935,1,15,LOW,0.0,0.35640031940976113,0,LOW,0.0
9936,1,10,LOW,0.0,0.43953173196618656,0,LOW,0.0
9937,1,10,LOW,0.0,0.3216347002422273,0,LOW,0.0
9938,1,35,MEDIUM,,0.9932128190236735,1,HIGH,1.0
9939,1,30,MEDIUM,,0.6306243427416526,1,HIGH,1.0
9940,1,0,LOW,0.0,0.5174663406846356,1,REVIEW,
9941,1,10,LOW,0.0,0.5195616091663402,1,REVIEW,
9942,1,20,LOW,0.0,0.14747980104222602,0,LOW,0.0
9943,1,45,MEDIUM,,0.9851908487600218,1,HIGH,1.0
9944,1,20,LOW,0.0,0.4966823487285292,0,LOW,0.0
9945,1,0,LOW,0.0,0.09735402475914137,0,LOW,0.0
9946,1,0,LOW,0.0,0.6067328249198223,1,REVIEW,
9947,1,10,LOW,0.0,0.260920767402254,0,LOW,0.0
9948,1,35,MEDIUM,,0.9866225470937056,1,HIGH,1.0
9949,1,0,LOW,0.0,0.45490972423956716,0,LOW,0.0
9950,1,0,LOW,0.0,0.7076805960702727,1,REVIEW,
9951,1,0,LOW,0.0,0.40186405511740153,0,LOW,0.0
9952,1,0,LOW,0.0,0.15844439331591345,0,LOW,0.0
9953,1,25,LOW,0.0,0.8110133632112748,1,REVIEW,
9954,1,0,LOW,0.0,0.3175172219045151,0,LOW,0.0
9955,1,10,LOW,0.0,0.227387651537515,0,LOW,0.0
9956,1,0,LOW,0.0,0.4075483755356727,0,LOW,0.0
9957,1,10,LOW,0.0,0.5222020180917698,1,REVIEW,
9958,1,30,MEDIUM,,0.9789349367373807,1,HIGH,1.0
9959,1,20,LOW,0.0,0.6446838607165892,1,REVIEW,
9960,1,0,LOW,0.0,0.43068696827946923,0,LOW,0.0
9961,1,0,LOW,0.0,0.09610555586152254,0,LOW,0.0
9962,1,0,LOW,0.0,0.3828057250465485,0,LOW,0.0
9963,1,40,MEDIUM,,0.9822871863180492,1,HIGH,1.0
9964,1,20,LOW,0.0,0.18482061760080176,0,LOW,0.0
9965,1,0,LOW,0.0,0.32453069803707113,0,LOW,0.0
9966,1,10,LOW,0.0,0.5295252755379227,1,REVIEW,
9967,1,0,LOW,0.0,0.045948097940020916,0,LOW,0.0
9968,1,30,MEDIUM,,0.9781852097266067,1,HIGH,1.0
9969,1,35,MEDIUM,,0.26159600101327574,0,REVIEW,
9970,1,0,LOW,0.0,0.8228551330937112,1,REVIEW,
9971,1,0,LOW,0.0,0.05891176412758055,0,LOW,0.0
9972,1,10,LOW,0.0,0.5373008059878097,1,REVIEW,
9973,1,45,MEDIUM,,0.991355116282685,1,HIGH,1.0
9974,1,30,MEDIUM,,0.35337565920171815,0,REVIEW,
9975,1,0,LOW,0.0,0.49823586125083635,0,LOW,0.0
9976,1,10,LOW,0.0,0.5678720375356321,1,REVIEW,
9977,1,10,LOW,0.0,0.82972148633572,1,REVIEW,
9978,1,30,MEDIUM,,0.9946048427313772,1,HIGH,1.0
9979,1,0,LOW,0.0,0.06262001198877777,0,LOW,0.0
9980,1,0,LOW,0.0,0.4387177031835436,0,LOW,0.0
9981,1,0,LOW,0.0,0.09436307284914888,0,LOW,0.0
9982,1,10,LOW,0.0,0.9109243752203832,1,REVIEW,
9983,1,35,MEDIUM,,0.9953689715839741,1,HIGH,1.0
9984,1,20,LOW,0.0,0.7178107419648349,1,REVIEW,
9985,1,0,LOW,0.0,0.5476506689170801,1,REVIEW,
9986,1,0,LOW,0.0,0.9596028587549716,1,REVIEW,
9987,1,10,LOW,0.0,0.7332178908253247,1,REVIEW,
9988,1,30,MEDIUM,,0.9594063640113832,1,HIGH,1.0
9989,1,20,LOW,0.0,0.6584091673569821,1,REVIEW,
9990,1,0,LOW,0.0,0.68692639332249,1,REVIEW,
9991,1,0,LOW,0.0,0.7380621019435617,1,REVIEW,
9992,1,0,LOW,0.0,0.25416437528798647,0,LOW,0.0
9993,1,30,MEDIUM,,0.9813668824660434,1,HIGH,1.0
9994,1,25,LOW,0.0,0.9228543640581718,1,REVIEW,
9995,1,0,LOW,0.0,0.6161996969440072,1,REVIEW,
9996,1,0,LOW,0.0,0.4710357180072932,0,LOW,0.0
9997,1,0,LOW,0.0,0.3321564565528688,0,LOW,0.0
9998,1,35,MEDIUM,,0.9778857374261548,1,HIGH,1.0
9999,1,20,LOW,0.0,0.0395929161436528,0,LOW,0.0
10000,1,0,LOW,0.0,0.5758917911077391,1,REVIEW,
10001,1,0,LOW,0.0,0.022303940729498737,0,LOW,0.0
10002,1,0,LOW,0.0,0.11288133392307606,0,LOW,0.0
10003,1,30,MEDIUM,,0.9753412637951305,1,HIGH,1.0
10004,1,35,MEDIUM,,0.10563558147721001,0,REVIEW,
10005,1,0,LOW,0.0,0.13870495490691448,0,LOW,0.0
10006,1,10,LOW,0.0,0.37819856462524765,0,LOW,0.0
10007,1,10,LOW,0.0,0.5752837290288425,1,REVIEW,
10008,1,40,MEDIUM,,0.9652166506460067,1,HIGH,1.0
10009,1,0,LOW,0.0,0.11366552108534114,0,LOW,0.0
10010,1,0,LOW,0.0,0.31990831192969565,0,LOW,0.0
10011,1,0,LOW,0.0,0.5979317677735927,1,REVIEW,
10012,1,10,LOW,0.0,0.5456700717460575,1,REVIEW,
10013,1,25,LOW,0.0,0.9809054658452271,1,REVIEW,
10014,1,20,LOW,0.0,0.7166550291376121,1,REVIEW,
10015,1,0,LOW,0.0,0.08711019039847245,0,LOW,0.0
10016,1,10,LOW,0.0,0.6205989580568474,1,REVIEW,
10017,1,10,LOW,0.0,0.449426933253463,0,LOW,0.0
10018,1,20,LOW,0.0,0.49070745548147476,0,LOW,0.0
10019,1,30,MEDIUM,,0.7510881100006976,1,HIGH,1.0
10020,1,0,LOW,0.0,0.7788051262467419,1,REVIEW,
10021,1,0,LOW,0.0,0.026805185610351227,0,LOW,0.0
10022,1,10,LOW,0.0,0.6985197468421046,1,REVIEW,
10023,1,30,MEDIUM,,0.7001599301753932,1,HIGH,1.0
10024,1,0,LOW,0.0,0.23145808194667605,0,LOW,0.0
10025,1,0,LOW,0.0,0.2435364967503161,0,LOW,0.0
10026,1,0,LOW,0.0,0.06473871103640792,0,LOW,0.0
10027,1,15,LOW,0.0,0.8409822696363438,1,REVIEW,
10028,1,15,LOW,0.0,0.9899634353751817,1,REVIEW,
10029,1,35,MEDIUM,,0.630645351999976,1,HIGH,1.0
10030,1,0,LOW,0.0,0.4605130833006806,0,LOW,0.0
10031,1,0,LOW,0.0,0.38458070050419885,0,LOW,0.0
10032,1,10,LOW,0.0,0.5603162600222527,1,REVIEW,
10033,1,30,MEDIUM,,0.9825913386946267,1,HIGH,1.0
10034,1,30,MEDIUM,,0.1629692089933396,0,REVIEW,
10035,1,0,LOW,0.0,0.7380696654799853,1,REVIEW,
10036,1,0,LOW,0.0,0.43404478595626483,0,LOW,0.0
10037,1,0,LOW,0.0,0.2907304799817183,0,LOW,0.0
10038,1,40,MEDIUM,,0.9930209962402506,1,HIGH,1.0
10039,1,25,LOW,0.0,0.4366872549857501,0,LOW,0.0
10040,1,0,LOW,0.0,0.5577296790083716,1,REVIEW,
10041,1,10,LOW,0.0,0.51459999993463,1,REVIEW,
10042,1,10,LOW,0.0,0.2882293088618528,0,LOW,0.0
10043,1,0,LOW,0.0,0.19528181372631911,0,LOW,0.0
10044,1,40,MEDIUM,,0.9808677724605721,1,HIGH,1.0
10045,1,0,LOW,0.0,0.11822010785453271,0,LOW,0.0
10046,1,20,LOW,0.0,0.4873481164443567,0,LOW,0.0
10047,1,0,LOW,0.0,0.10578705368154953,0,LOW,0.0
10048,1,30,MEDIUM,,0.5132887484643079,1,HIGH,1.0
10049,1,35,MEDIUM,,0.8962569291808947,1,HIGH,1.0
10050,1,20,LOW,0.0,0.6873726229212513,1,REVIEW,
10051,1,0,LOW,0.0,0.5834512135971783,1,REVIEW,
10052,1,10,LOW,0.0,0.26643021473670697,0,LOW,0.0
10053,1,0,LOW,0.0,0.6669562948465255,1,REVIEW,
10054,1,40,MEDIUM,,0.9855911335896484,1,HIGH,1.0
10055,1,20,LOW,0.0,0.17079229556214318,0,LOW,0.0
10056,1,10,LOW,0.0,0.866475749652002,1,REVIEW,
10057,1,0,LOW,0.0,0.885123559261976,1,REVIEW,
10058,1,0,LOW,0.0,0.1444395590253612,0,LOW,0.0
10059,1,10,LOW,0.0,0.9322084804081459,1,REVIEW,
10060,1,20,LOW,0.0,0.17813365253327512,0,LOW,0.0
10061,1,10,LOW,0.0,0.3220483454193344,0,LOW,0.0
10062,1,0,LOW,0.0,0.029964741401476147,0,LOW,0.0
10063,1,0,LOW,0.0,0.5865628120545241,1,REVIEW,
10064,1,30,MEDIUM,,0.9568310059735683,1,HIGH,1.0
10065,1,10,LOW,0.0,0.1612574033605523,0,LOW,0.0
10066,1,0,LOW,0.0,0.7908402583916789,1,REVIEW,
10067,1,10,LOW,0.0,0.6221075570046335,1,REVIEW,
10068,1,10,LOW,0.0,0.5315087027140188,1,REVIEW,
10069,1,10,LOW,0.0,0.7351026011558425,1,REVIEW,
10070,1,20,LOW,0.0,0.19476654355086961,0,LOW,0.0
10071,1,0,LOW,0.0,0.7929418171055056,1,REVIEW,
10072,1,10,LOW,0.0,0.20892470034401545,0,LOW,0.0
10073,1,10,LOW,0.0,0.13852881534289527,0,LOW,0.0
10074,1,35,MEDIUM,,0.9702694793466057,1,HIGH,1.0
10075,1,30,MEDIUM,,0.04222615260216675,0,REVIEW,
10076,1,10,LOW,0.0,0.14559838942986555,0,LOW,0.0
10077,1,10,LOW,0.0,0.710055082704156,1,REVIEW,
10078,1,0,LOW,0.0,0.9210806759892151,1,REVIEW,
10079,1,20,LOW,0.0,0.9815753479774136,1,REVIEW,
10080,1,20,LOW,0.0,0.41681309696619173,0,LOW,0.0
10081,1,0,LOW,0.0,0.712309374860105,1,REVIEW,
10082,1,10,LOW,0.0,0.18875649433251196,0,LOW,0.0
10083,1,10,LOW,0.0,0.5264203000751596,1,REVIEW,
10084,1,35,MEDIUM,,0.9386837273772014,1,HIGH,1.0
10085,1,20,LOW,0.0,0.6692025028204969,1,REVIEW,
10086,1,0,LOW,0.0,0.6897119574131474,1,REVIEW,
10087,1,0,LOW,0.0,0.21380775112944256,0,LOW,0.0
10088,1,10,LOW,0.0,0.8666679636686658,1,REVIEW,
10089,1,40,MEDIUM,,0.9903074096241126,1,HIGH,1.0
10090,1,10,LOW,0.0,0.3673451215700929,0,LOW,0.0
10091,1,10,LOW,0.0,0.7848929178236845,1,REVIEW,
10092,1,0,LOW,0.0,0.37759273238031454,0,LOW,0.0
10093,1,0,LOW,0.0,0.6709337729504526,1,REVIEW,
10094,1,25,LOW,0.0,0.9685887969604049,1,REVIEW,
10095,1,20,LOW,0.0,0.37810737066313377,0,LOW,0.0
10096,1,0,LOW,0.0,0.4731170253470575,0,LOW,0.0
10097,1,30,MEDIUM,,0.6794959381833557,1,HIGH,1.0
10098,1,10,LOW,0.0,0.8197305911867524,1,REVIEW,
10099,1,45,MEDIUM,,0.9716614908671175,1,HIGH,1.0
10100,1,20,LOW,0.0,0.6411846484600621,1,REVIEW,
10101,1,10,LOW,0.0,0.3750685602045442,0,LOW,0.0
10102,1,10,LOW,0.0,0.4804264086334237,0,LOW,0.0
10103,1,10,LOW,0.0,0.5834404401615028,1,REVIEW,
10104,1,5,LOW,0.0,0.975468860260058,1,REVIEW,
10105,1,20,LOW,0.0,0.14259224467122267,0,LOW,0.0
10106,1,10,LOW,0.0,0.8570684512036154,1,REVIEW,
10107,1,30,MEDIUM,,0.19594696819576915,0,REVIEW,
10108,1,0,LOW,0.0,0.1967644464720345,0,LOW,0.0
10109,1,35,MEDIUM,,0.9901903579718803,1,HIGH,1.0
10110,1,20,LOW,0.0,0.09208578755119257,0,LOW,0.0
10111,1,5,LOW,0.0,0.9772315888169847,1,REVIEW,
10112,1,0,LOW,0.0,0.039306521417414725,0,LOW,0.0
10113,1,10,LOW,0.0,0.37735274253876294,0,LOW,0.0
10114,1,40,MEDIUM,,0.9921531540929595,1,HIGH,1.0
10115,1,0,LOW,0.0,0.010388905119116854,0,LOW,0.0
10116,1,0,LOW,0.0,0.6021877695421224,1,REVIEW,
10117,1,0,LOW,0.0,0.03872271776354113,0,LOW,0.0
10118,1,30,MEDIUM,,0.7776636451398864,1,HIGH,1.0
10119,1,40,MEDIUM,,0.9797400037643308,1,HIGH,1.0
10120,1,10,LOW,0.0,0.055479419769576155,0,LOW,0.0
10121,1,15,LOW,0.0,0.8462574976498491,1,REVIEW,
10122,1,0,LOW,0.0,0.14993301694582656,0,LOW,0.0
10123,1,0,LOW,0.0,0.15123017829850544,0,LOW,0.0
10124,1,35,MEDIUM,,0.9649021780878955,1,HIGH,1.0
10125,1,20,LOW,0.0,0.6660412562414794,1,REVIEW,
10126,1,0,LOW,0.0,0.7512151912066216,1,REVIEW,
10127,1,0,LOW,0.0,0.17607608111580975,0,LOW,0.0
10128,1,0,LOW,0.0,0.17612692961563634,0,LOW,0.0
10129,1,35,MEDIUM,,0.995869028115667,1,HIGH,1.0
10130,1,30,MEDIUM,,0.8574624740777453,1,HIGH,1.0
10131,1,0,LOW,0.0,0.7829224304889899,1,REVIEW,
10132,1,0,LOW,0.0,0.0821914016733793,0,LOW,0.0
10133,1,10,LOW,0.0,0.52608596011112,1,REVIEW,
10134,1,25,LOW,0.0,0.8993217004313577,1,REVIEW,
10135,1,20,LOW,0.0,0.06037684521280714,0,LOW,0.0
10136,1,0,LOW,0.0,0.9702307693333906,1,REVIEW,
10137,1,10,LOW,0.0,0.38811645417779456,0,LOW,0.0
10138,1,0,LOW,0.0,0.27063434296210787,0,LOW,0.0
10139,1,30,MEDIUM,,0.9102970356867689,1,HIGH,1.0
10140,1,30,MEDIUM,,0.7310072138218026,1,HIGH,1.0
10141,1,0,LOW,0.0,0.5031391205789045,1,REVIEW,
10142,1,0,LOW,0.0,0.05186883746886075,0,LOW,0.0
10143,1,0,LOW,0.0,0.6287857941055857,1,REVIEW,
10144,1,40,MEDIUM,,0.9902379743480126,1,HIGH,1.0
10145,1,20,LOW,0.0,0.04312672294854924,0,LOW,0.0
10146,1,5,LOW,0.0,0.25584028027356875,0,LOW,0.0
10147,1,5,LOW,0.0,0.6641737984673163,1,REVIEW,
10148,1,10,LOW,0.0,0.9156777720954957,1,REVIEW,
10149,1,30,MEDIUM,,0.9833407980509227,1,HIGH,1.0
10150,1,30,MEDIUM,,0.8807514856763896,1,HIGH,1.0
10151,1,0,LOW,0.0,0.7686937320021964,1,REVIEW,
10152,1,0,LOW,0.0,0.7443389619743905,1,REVIEW,
10153,1,10,LOW,0.0,0.3871000366474964,0,LOW,0.0
10154,1,40,MEDIUM,,0.9939069927013795,1,HIGH,1.0
10155,1,0,LOW,0.0,0.242874216551757,0,LOW,0.0
10156,1,5,LOW,0.0,0.8991137638735632,1,REVIEW,
10157,1,0,LOW,0.0,0.27771584244039244,0,LOW,0.0
10158,1,10,LOW,0.0,0.35835277652633746,0,LOW,0.0
10159,1,30,MEDIUM,,0.9287123958551742,1,HIGH,1.0
10160,1,20,LOW,0.0,0.15782911298466137,0,LOW,0.0
10161,1,0,LOW,0.0,0.625622462754984,1,REVIEW,
10162,1,15,LOW,0.0,0.2745052879373321,0,LOW,0.0
10163,1,10,LOW,0.0,0.3015031497895139,0,LOW,0.0
10164,1,35,MEDIUM,,0.9189147628898413,1,HIGH,1.0
10165,1,20,LOW,0.0,0.07381487459928539,0,LOW,0.0
10166,1,0,LOW,0.0,0.5615427854349718,1,REVIEW,
10167,1,10,LOW,0.0,0.0869302724070277,0,LOW,0.0
10168,1,30,MEDIUM,,0.8535974261510623,1,HIGH,1.0
10169,1,35,MEDIUM,,0.9643112849829315,1,HIGH,1.0
10170,1,30,MEDIUM,,0.010143897845352214,0,REVIEW,
10171,1,25,LOW,0.0,0.7049322048248077,1,REVIEW,
10172,1,5,LOW,0.0,0.37238630192097344,0,LOW,0.0
10173,1,30,MEDIUM,,0.6123740297636754,1,HIGH,1.0
10174,1,20,LOW,0.0,0.9571803250332417,1,REVIEW,
10175,1,20,LOW,0.0,0.08450334151131925,0,LOW,0.0
10176,1,0,LOW,0.0,0.4565496696130754,0,LOW,0.0
10177,1,15,LOW,0.0,0.35620112193770603,0,LOW,0.0
10178,1,0,LOW,0.0,0.3480881137939767,0,LOW,0.0
10179,1,45,MEDIUM,,0.9921859072234205,1,HIGH,1.0
10180,1,30,MEDIUM,,0.5751510735549706,1,HIGH,1.0
10181,1,5,LOW,0.0,0.9731468317440485,1,REVIEW,
10182,1,0,LOW,0.0,0.03008155121029002,0,LOW,0.0
10183,1,10,LOW,0.0,0.7068386846015594,1,REVIEW,
10184,1,20,LOW,0.0,0.9934596200023678,1,REVIEW,
10185,1,30,MEDIUM,,0.30030156216801185,0,REVIEW,
10186,1,0,LOW,0.0,0.7556988435285161,1,REVIEW,
10187,1,0,LOW,0.0,0.06417627830157639,0,LOW,0.0
10188,1,0,LOW,0.0,0.3252079862007653,0,LOW,0.0
10189,1,30,MEDIUM,,0.9757018655613805,1,HIGH,1.0
10190,1,20,LOW,0.0,0.24056148660752896,0,LOW,0.0
10191,1,0,LOW,0.0,0.7445732421290426,1,REVIEW,
10192,1,0,LOW,0.0,0.5447409568581618,1,REVIEW,
10193,1,10,LOW,0.0,0.5170609921896114,1,REVIEW,
10194,1,40,MEDIUM,,0.9896938684917052,1,HIGH,1.0
10195,1,0,LOW,0.0,0.040857858488886505,0,LOW,0.0
10196,1,10,LOW,0.0,0.6018741924608999,1,REVIEW,
10197,1,0,LOW,0.0,0.06833466052004833,0,LOW,0.0
10198,1,0,LOW,0.0,0.14412138302079333,0,LOW,0.0
10199,1,30,MEDIUM,,0.9770923765121405,1,HIGH,1.0
10200,1,10,LOW,0.0,0.09260846781753514,0,LOW,0.0
10201,1,0,LOW,0.0,0.6009566153065403,1,REVIEW,
10202,1,10,LOW,0.0,0.37949559903227104,0,LOW,0.0
10203,1,0,LOW,0.0,0.43365827576841864,0,LOW,0.0
10204,1,30,MEDIUM,,0.9711194626632724,1,HIGH,1.0
10205,1,5,LOW,0.0,0.5897428480913729,1,REVIEW,
10206,1,10,LOW,0.0,0.9624689609510753,1,REVIEW,
10207,1,10,LOW,0.0,0.08919676110782013,0,LOW,0.0
10208,1,0,LOW,0.0,0.24264621594522276,0,LOW,0.0
10209,1,10,LOW,0.0,0.9356593045021587,1,REVIEW,
10210,1,20,LOW,0.0,0.6162996360396228,1,REVIEW,
10211,1,0,LOW,0.0,0.5590763572054088,1,REVIEW,
10212,1,0,LOW,0.0,0.05137085414974003,0,LOW,0.0
10213,1,0,LOW,0.0,0.6799330485610169,1,REVIEW,
10214,1,30,MEDIUM,,0.9882645041166663,1,HIGH,1.0
10215,1,0,LOW,0.0,0.591319399972138,1,REVIEW,
10216,1,0,LOW,0.0,0.24154510883335015,0,LOW,0.0
10217,1,0,LOW,0.0,0.5213407391596088,1,REVIEW,
10218,1,0,LOW,0.0,0.18612200712180735,0,LOW,0.0
10219,1,40,MEDIUM,,0.9794641661906097,1,HIGH,1.0
10220,1,40,MEDIUM,,0.46722910286164177,0,REVIEW,
10221,1,0,LOW,0.0,0.017464379439808803,0,LOW,0.0
10222,1,5,LOW,0.0,0.6532097394484305,1,REVIEW,
10223,1,0,LOW,0.0,0.5034622909091644,1,REVIEW,
10224,1,10,LOW,0.0,0.985332267752469,1,REVIEW,
10225,1,0,LOW,0.0,0.08840391247867306,0,LOW,0.0
10226,1,15,LOW,0.0,0.8042981446236469,1,REVIEW,
10227,1,0,LOW,0.0,0.17156000811800873,0,LOW,0.0
10228,1,0,LOW,0.0,0.5679947286498859,1,REVIEW,
10229,1,30,MEDIUM,,0.9686615940735378,1,HIGH,1.0
10230,1,20,LOW,0.0,0.5212902109719657,1,REVIEW,
10231,1,0,LOW,0.0,0.9195510168856876,1,REVIEW,
10232,1,0,LOW,0.0,0.09111677430863768,0,LOW,0.0
10233,1,0,LOW,0.0,0.6228355194030756,1,REVIEW,
10234,1,35,MEDIUM,,0.9893054757741759,1,HIGH,1.0
10235,1,20,LOW,0.0,0.04022635892482953,0,LOW,0.0
10236,1,10,LOW,0.0,0.28602831326000805,0,LOW,0.0
10237,1,0,LOW,0.0,0.3513561757896108,0,LOW,0.0
10238,1,10,LOW,0.0,0.8364121669055473,1,REVIEW,
10239,1,45,MEDIUM,,0.9794146910936047,1,HIGH,1.0
10240,1,30,MEDIUM,,0.722900128650731,1,HIGH,1.0
10241,1,0,LOW,0.0,0.4232364714077121,0,LOW,0.0
10242,1,5,LOW,0.0,0.24781029923079725,0,LOW,0.0
10243,1,10,LOW,0.0,0.32922675762474946,0,LOW,0.0
10244,1,40,MEDIUM,,0.9794917902588285,1,HIGH,1.0
10245,1,0,LOW,0.0,0.09761542944889168,0,LOW,0.0
10246,1,10,LOW,0.0,0.6207624061229033,1,REVIEW,
10247,1,0,LOW,0.0,0.5248935229154618,1,REVIEW,
10248,1,20,LOW,0.0,0.19888216087402705,0,LOW,0.0
10249,1,25,LOW,0.0,0.9743695591008779,1,REVIEW,
10250,1,20,LOW,0.0,0.15586308874420765,0,LOW,0.0
10251,1,0,LOW,0.0,0.3310561863635443,0,LOW,0.0
10252,1,10,LOW,0.0,0.15214334888040304,0,LOW,0.0
10253,1,10,LOW,0.0,0.20807803330231794,0,LOW,0.0
10254,1,0,LOW,0.0,0.9463514044836288,1,REVIEW,
10255,1,30,MEDIUM,,0.6387553958274044,1,HIGH,1.0
10256,1,0,LOW,0.0,0.7249083401326786,1,REVIEW,
10257,1,0,LOW,0.0,0.6517806685907637,1,REVIEW,
10258,1,10,LOW,0.0,0.7968506031558691,1,REVIEW,
10259,1,20,LOW,0.0,0.9804129397895526,1,REVIEW,
10260,1,20,LOW,0.0,0.03444446201219964,0,LOW,0.0
10261,1,0,LOW,0.0,0.5734541287643654,1,REVIEW,
10262,1,0,LOW,0.0,0.035539819705872715,0,LOW,0.0
10263,1,10,LOW,0.0,0.21209984908757312,0,LOW,0.0
10264,1,35,MEDIUM,,0.9914995565249619,1,HIGH,1.0
10265,1,20,LOW,0.0,0.21129771439638545,0,LOW,0.0
10266,1,10,LOW,0.0,0.6095093171170389,1,REVIEW,
10267,1,0,LOW,0.0,0.07306198684951704,0,LOW,0.0
10268,1,0,LOW,0.0,0.38256197497003525,0,LOW,0.0
10269,1,30,MEDIUM,,0.9899052175912233,1,HIGH,1.0
10270,1,20,LOW,0.0,0.35411205096790316,0,LOW,0.0
10271,1,5,LOW,0.0,0.17303150554011856,0,LOW,0.0
10272,1,0,LOW,0.0,0.11851280940440509,0,LOW,0.0
10273,1,30,MEDIUM,,0.28326844317688243,0,REVIEW,
10274,1,30,MEDIUM,,0.9763006705211127,1,HIGH,1.0
10275,1,20,LOW,0.0,0.04319511592198308,0,LOW,0.0
10276,1,10,LOW,0.0,0.44358586769173985,0,LOW,0.0
10277,1,0,LOW,0.0,0.2683799554067944,0,LOW,0.0
10278,1,10,LOW,0.0,0.787959195043283,1,REVIEW,
10279,1,30,MEDIUM,,0.8830732355191024,1,HIGH,1.0
10280,1,20,LOW,0.0,0.12895272673262845,0,LOW,0.0
10281,1,0,LOW,0.0,0.5927295030598138,1,REVIEW,
10282,1,10,LOW,0.0,0.16472716418395353,0,LOW,0.0
10283,1,0,LOW,0.0,0.4436929174419476,0,LOW,0.0
10284,1,30,MEDIUM,,0.961734370903827,1,HIGH,1.0
10285,1,30,MEDIUM,,0.9307978754505023,1,HIGH,1.0
10286,1,0,LOW,0.0,0.5079201361525905,1,REVIEW,
10287,1,0,LOW,0.0,0.31741428539943173,0,LOW,0.0
10288,1,0,LOW,0.0,0.6200967232516189,1,REVIEW,
10289,1,30,MEDIUM,,0.9579817119584771,1,HIGH,1.0
10290,1,10,LOW,0.0,0.7190359597851609,1,REVIEW,
10291,1,5,LOW,0.0,0.5904784146340699,1,REVIEW,
10292,1,0,LOW,0.0,0.36578194492217075,0,LOW,0.0
10293,1,0,LOW,0.0,0.12245723158980766,0,LOW,0.0
10294,1,30,MEDIUM,,0.9721195916812753,1,HIGH,1.0
10295,1,0,LOW,0.0,0.3772250105333191,0,LOW,0.0
10296,1,10,LOW,0.0,0.4395153565196256,0,LOW,0.0
10297,1,0,LOW,0.0,0.4797593946821351,0,LOW,0.0
10298,1,0,LOW,0.0,0.299244174919723,0,LOW,0.0
10299,1,30,MEDIUM,,0.9965895908273504,1,HIGH,1.0
10300,1,20,LOW,0.0,0.013827847925878059,0,LOW,0.0
10301,1,10,LOW,0.0,0.4151836862555466,0,LOW,0.0
10302,1,10,LOW,0.0,0.2539861915784354,0,LOW,0.0
10303,1,30,MEDIUM,,0.6116854744452851,1,HIGH,1.0
10304,1,15,LOW,0.0,0.9608118553574442,1,REVIEW,
10305,1,30,MEDIUM,,0.3975730158736301,0,REVIEW,
10306,1,0,LOW,0.0,0.8016375269874652,1,REVIEW,
10307,1,0,LOW,0.0,0.2717573151351707,0,LOW,0.0
10308,1,30,MEDIUM,,0.7177454454001329,1,HIGH,1.0
10309,1,40,MEDIUM,,0.8700778578574784,1,HIGH,1.0
10310,1,20,LOW,0.0,0.6722536965132279,1,REVIEW,
10311,1,0,LOW,0.0,0.3907315057755452,0,LOW,0.0
10312,1,5,LOW,0.0,0.36104049559493656,0,LOW,0.0
10313,1,10,LOW,0.0,0.4507071812362245,0,LOW,0.0
10314,1,10,LOW,0.0,0.9034438975838704,1,REVIEW,
10315,1,20,LOW,0.0,0.4695188658915013,0,LOW,0.0
10316,1,0,LOW,0.0,0.8843306063927805,1,REVIEW,
10317,1,10,LOW,0.0,0.05821381766926439,0,LOW,0.0
10318,1,0,LOW,0.0,0.3342430110800088,0,LOW,0.0
10319,1,20,LOW,0.0,0.7741719355925808,1,REVIEW,
10320,1,30,MEDIUM,,0.9168731273610875,1,HIGH,1.0
10321,1,10,LOW,0.0,0.43888704690626046,0,LOW,0.0
10322,1,10,LOW,0.0,0.553572040310718,1,REVIEW,
10323,1,30,MEDIUM,,0.679042972445711,1,HIGH,1.0
10324,1,40,MEDIUM,,0.9931402290789196,1,HIGH,1.0
10325,1,20,LOW,0.0,0.753066955715416,1,REVIEW,
10326,1,10,LOW,0.0,0.6040743743423369,1,REVIEW,
10327,1,0,LOW,0.0,0.8406763503602884,1,REVIEW,
10328,1,30,MEDIUM,,0.8583264434138838,1,HIGH,1.0
10329,1,35,MEDIUM,,0.8853042297816008,1,HIGH,1.0
10330,1,0,LOW,0.0,0.12138443369619506,0,LOW,0.0
10331,1,0,LOW,0.0,0.293055987375574,0,LOW,0.0
10332,1,0,LOW,0.0,0.3573364491554322,0,LOW,0.0
10333,1,10,LOW,0.0,0.7823698981270942,1,REVIEW,
10334,1,35,MEDIUM,,0.9892161995531191,1,HIGH,1.0
10335,1,20,LOW,0.0,0.08970113237828793,0,LOW,0.0
10336,1,20,LOW,0.0,0.8828151993808606,1,REVIEW,
10337,1,0,LOW,0.0,0.6629837511087476,1,REVIEW,
10338,1,10,LOW,0.0,0.2732674158155306,0,LOW,0.0
10339,1,0,LOW,0.0,0.21617155828968732,0,LOW,0.0
10340,1,40,MEDIUM,,0.9973367026985276,1,HIGH,1.0
10341,1,30,MEDIUM,,0.5735699098718182,1,HIGH,1.0
10342,1,10,LOW,0.0,0.9667968984171411,1,REVIEW,
10343,1,0,LOW,0.0,0.25728980830279036,0,LOW,0.0
10344,1,0,LOW,0.0,0.5605813647267578,1,REVIEW,
10345,1,20,LOW,0.0,0.9847615698529577,1,REVIEW,
10346,1,20,LOW,0.0,0.9206266671650098,1,REVIEW,
10347,1,0,LOW,0.0,0.8487641404531312,1,REVIEW,
10348,1,10,LOW,0.0,0.5052017055027682,1,REVIEW,
10349,1,0,LOW,0.0,0.4668999812720311,0,LOW,0.0
10350,1,30,MEDIUM,,0.837694190127061,1,HIGH,1.0
10351,1,0,LOW,0.0,0.03391636931188932,0,LOW,0.0
10352,1,0,LOW,0.0,0.11013602890173162,0,LOW,0.0
10353,1,10,LOW,0.0,0.5775723459754537,1,REVIEW,
10354,1,10,LOW,0.0,0.925867807297711,1,REVIEW,
10355,1,30,MEDIUM,,0.9785418337837432,1,HIGH,1.0
10356,1,30,MEDIUM,,0.2741482274212254,0,REVIEW,
10357,1,0,LOW,0.0,0.9235467163977079,1,REVIEW,
10358,1,10,LOW,0.0,0.20311998782612892,0,LOW,0.0
10359,1,30,MEDIUM,,0.7226549322773276,1,HIGH,1.0
10360,1,30,MEDIUM,,0.9955449955523396,1,HIGH,1.0
10361,1,20,LOW,0.0,0.44717580715768,0,LOW,0.0
10362,1,0,LOW,0.0,0.6731076817609223,1,REVIEW,
10363,1,0,LOW,0.0,0.16857538084502752,0,LOW,0.0
10364,1,10,LOW,0.0,0.5637919353604052,1,REVIEW,
10365,1,30,MEDIUM,,0.9584957918757036,1,HIGH,1.0
10366,1,0,LOW,0.0,0.3516095888297011,0,LOW,0.0
10367,1,0,LOW,0.0,0.07664569941553431,0,LOW,0.0
10368,1,10,LOW,0.0,0.43469277069581297,0,LOW,0.0
10369,1,0,LOW,0.0,0.35439879311321076,0,LOW,0.0
10370,1,30,MEDIUM,,0.9364408920792456,1,HIGH,1.0
10371,1,20,LOW,0.0,0.38690049366099005,0,LOW,0.0
10372,1,10,LOW,0.0,0.18366802238479746,0,LOW,0.0
10373,1,0,LOW,0.0,0.6874462947788207,1,REVIEW,
10374,1,0,LOW,0.0,0.3760590987040134,0,LOW,0.0
10375,1,25,LOW,0.0,0.9917668913914479,1,REVIEW,
10376,1,20,LOW,0.0,0.2907955862468587,0,LOW,0.0
10377,1,10,LOW,0.0,0.8188900878078492,1,REVIEW,
10378,1,0,LOW,0.0,0.023739983302526378,0,LOW,0.0
10379,1,10,LOW,0.0,0.6643441643423389,1,REVIEW,
10380,1,35,MEDIUM,,0.9892645796469349,1,HIGH,1.0
10381,1,20,LOW,0.0,0.028537526692144367,0,LOW,0.0
10382,1,10,LOW,0.0,0.8521948432607251,1,REVIEW,
10383,1,0,LOW,0.0,0.15454161702223254,0,LOW,0.0
10384,1,10,LOW,0.0,0.6505352114928639,1,REVIEW,
10385,1,30,MEDIUM,,0.9952437076593158,1,HIGH,1.0
10386,1,30,MEDIUM,,0.8730479870318697,1,HIGH,1.0
10387,1,0,LOW,0.0,0.7555636669701473,1,REVIEW,
10388,1,0,LOW,0.0,0.059156912802327745,0,LOW,0.0
10389,1,20,LOW,0.0,0.28153475460731064,0,LOW,0.0
10390,1,10,LOW,0.0,0.9633054102389079,1,REVIEW,
10391,1,20,LOW,0.0,0.5579564114200419,1,REVIEW,
10392,1,10,LOW,0.0,0.5217902603930364,1,REVIEW,
10393,1,0,LOW,0.0,0.26222042711922794,0,LOW,0.0
10394,1,30,MEDIUM,,0.7375971027726056,1,HIGH,1.0
10395,1,30,MEDIUM,,0.957153683904151,1,HIGH,1.0
10396,1,20,LOW,0.0,0.06832857047870577,0,LOW,0.0
10397,1,0,LOW,0.0,0.9716011605298316,1,REVIEW,
10398,1,0,LOW,0.0,0.8426401463933899,1,REVIEW,
10399,1,0,LOW,0.0,0.4625241438874249,0,LOW,0.0
10400,1,30,MEDIUM,,0.9867800735024316,1,HIGH,1.0
10401,1,20,LOW,0.0,0.7442866997715457,1,REVIEW,
10402,1,0,LOW,0.0,0.7377291098111612,1,REVIEW,
10403,1,0,LOW,0.0,0.892143448298227,1,REVIEW,
10404,1,0,LOW,0.0,0.7204337254943585,1,REVIEW,
10405,1,30,MEDIUM,,0.9869538483308956,1,HIGH,1.0
10406,1,0,LOW,0.0,0.16191516517589316,0,LOW,0.0
10407,1,0,LOW,0.0,0.7124635777489591,1,REVIEW,
10408,1,0,LOW,0.0,0.06802800892362106,0,LOW,0.0
10409,1,0,LOW,0.0,0.44644511110687496,0,LOW,0.0
10410,1,10,LOW,0.0,0.9757976193213973,1,REVIEW,
10411,1,30,MEDIUM,,0.2510170264010123,0,REVIEW,
10412,1,5,LOW,0.0,0.8848303197011141,1,REVIEW,
10413,1,0,LOW,0.0,0.11600335953205271,0,LOW,0.0
10414,1,20,LOW,0.0,0.451729551860756,0,LOW,0.0
10415,1,30,MEDIUM,,0.9247527137398971,1,HIGH,1.0
10416,1,20,LOW,0.0,0.0238421937653351,0,LOW,0.0
10417,1,10,LOW,0.0,0.3297617932100783,0,LOW,0.0
10418,1,10,LOW,0.0,0.09955634256916615,0,LOW,0.0
10419,1,0,LOW,0.0,0.40591183528608876,0,LOW,0.0
10420,1,10,LOW,0.0,0.9640568472748764,1,REVIEW,
10421,1,20,LOW,0.0,0.2659722164070316,0,LOW,0.0
10422,1,0,LOW,0.0,0.42002459483460686,0,LOW,0.0
10423,1,0,LOW,0.0,0.1361617634610326,0,LOW,0.0
10424,1,10,LOW,0.0,0.63280753460043,1,REVIEW,
10425,1,15,LOW,0.0,0.9539582289493723,1,REVIEW,
10426,1,20,LOW,0.0,0.13606322750307603,0,LOW,0.0
10427,1,10,LOW,0.0,0.3802425144512612,0,LOW,0.0
10428,1,0,LOW,0.0,0.21872458017973265,0,LOW,0.0
10429,1,0,LOW,0.0,0.5211143788749386,1,REVIEW,
10430,1,30,MEDIUM,,0.9685337876354851,1,HIGH,1.0
10431,1,0,LOW,0.0,0.04739549113241631,0,LOW,0.0
10432,1,0,LOW,0.0,0.37533418980997807,0,LOW,0.0
10433,1,0,LOW,0.0,0.17505246195424526,0,LOW,0.0
10434,1,0,LOW,0.0,0.13083403730566126,0,LOW,0.0
10435,1,35,MEDIUM,,0.9952523184181449,1,HIGH,1.0
10436,1,20,LOW,0.0,0.1287233328087176,0,LOW,0.0
10437,1,5,LOW,0.0,0.6632681966078573,1,REVIEW,
10438,1,0,LOW,0.0,0.19739287704181177,0,LOW,0.0
10439,1,10,LOW,0.0,0.8790847888606151,1,REVIEW,
10440,1,30,MEDIUM,,0.9601987458794897,1,HIGH,1.0
10441,1,30,MEDIUM,,0.4167175465731117,0,REVIEW,
10442,1,0,LOW,0.0,0.44971965678914677,0,LOW,0.0
10443,1,5,LOW,0.0,0.9625790051093033,1,REVIEW,
10444,1,10,LOW,0.0,0.4031424437632094,0,LOW,0.0
10445,1,30,MEDIUM,,0.9527497769928321,1,HIGH,1.0
10446,1,0,LOW,0.0,0.2043205845689228,0,LOW,0.0
10447,1,5,LOW,0.0,0.48686599155056354,0,LOW,0.0
10448,1,5,LOW,0.0,0.9291996093054189,1,REVIEW,
10449,1,10,LOW,0.0,0.8029853274851796,1,REVIEW,
10450,1,35,MEDIUM,,0.9833052500599453,1,HIGH,1.0
10451,1,20,LOW,0.0,0.06750736276186525,0,LOW,0.0
10452,1,10,LOW,0.0,0.8378639182413605,1,REVIEW,
10453,1,0,LOW,0.0,0.05998587043981517,0,LOW,0.0
10454,1,30,MEDIUM,,0.39016657191991533,0,REVIEW,
10455,1,45,MEDIUM,,0.8882919018529483,1,HIGH,1.0
10456,1,20,LOW,0.0,0.8683286649514664,1,REVIEW,
10457,1,0,LOW,0.0,0.2983031060160632,0,LOW,0.0
10458,1,0,LOW,0.0,0.3482102099201419,0,LOW,0.0
10459,1,0,LOW,0.0,0.15903678821441317,0,LOW,0.0
10460,1,35,MEDIUM,,0.9737906964908744,1,HIGH,1.0
10461,1,30,MEDIUM,,0.2874790108669101,0,REVIEW,
10462,1,10,LOW,0.0,0.5757871917537704,1,REVIEW,
10463,1,0,LOW,0.0,0.5981344057421061,1,REVIEW,
10464,1,0,LOW,0.0,0.578658175231521,1,REVIEW,
10465,1,35,MEDIUM,,0.9319497399632231,1,HIGH,1.0
10466,1,10,LOW,0.0,0.6182286786496154,1,REVIEW,
10467,1,0,LOW,0.0,0.8746001171089163,1,REVIEW,
10468,1,5,LOW,0.0,0.30917288714350555,0,LOW,0.0
10469,1,0,LOW,0.0,0.5068083727154834,1,REVIEW,
10470,1,30,MEDIUM,,0.9587807411145629,1,HIGH,1.0
10471,1,20,LOW,0.0,0.26878049552855504,0,LOW,0.0
10472,1,10,LOW,0.0,0.23936889603678735,0,LOW,0.0
10473,1,25,LOW,0.0,0.20253664671042484,0,LOW,0.0
10474,1,10,LOW,0.0,0.4208130409045469,0,LOW,0.0
10475,1,30,MEDIUM,,0.9357193819243802,1,HIGH,1.0
10476,1,20,LOW,0.0,0.06654479804375814,0,LOW,0.0
10477,1,0,LOW,0.0,0.45488963214181644,0,LOW,0.0
10478,1,10,LOW,0.0,0.6658893328805753,1,REVIEW,
10479,1,0,LOW,0.0,0.1862368684774203,0,LOW,0.0
10480,1,15,LOW,0.0,0.9633393062924692,1,REVIEW,
10481,1,20,LOW,0.0,0.08526772305042872,0,LOW,0.0
10482,1,10,LOW,0.0,0.5082618883640799,1,REVIEW,
10483,1,10,LOW,0.0,0.8200019286696696,1,REVIEW,
10484,1,0,LOW,0.0,0.9041778200377528,1,REVIEW,
10485,1,30,MEDIUM,,0.9823926829154703,1,HIGH,1.0
10486,1,20,LOW,0.0,0.09069870632776031,0,LOW,0.0
10487,1,10,LOW,0.0,0.7308410984665628,1,REVIEW,
10488,1,0,LOW,0.0,0.5233598869441933,1,REVIEW,
10489,1,10,LOW,0.0,0.7575553727258374,1,REVIEW,
10490,1,20,LOW,0.0,0.9650266311525926,1,REVIEW,
10491,1,20,LOW,0.0,0.1388589520235973,0,LOW,0.0
10492,1,10,LOW,0.0,0.08052571020271192,0,LOW,0.0
10493,1,10,LOW,0.0,0.5351084813277023,1,REVIEW,
10494,1,10,LOW,0.0,0.6909494724812772,1,REVIEW,
10495,1,30,MEDIUM,,0.9075899889531698,1,HIGH,1.0
10496,1,0,LOW,0.0,0.061716873609499144,0,LOW,0.0
10497,1,0,LOW,0.0,0.1663554999599046,0,LOW,0.0
10498,1,0,LOW,0.0,0.32321898277887534,0,LOW,0.0
10499,1,10,LOW,0.0,0.4533168690094022,0,LOW,0.0
10500,1,30,MEDIUM,,0.975679150029278,1,HIGH,1.0
10501,1,30,MEDIUM,,0.0758237448344071,0,REVIEW,
10502,1,10,LOW,0.0,0.7432486653863741,1,REVIEW,
10503,1,0,LOW,0.0,0.04284513504123734,0,LOW,0.0
10504,1,10,LOW,0.0,0.384795695585019,0,LOW,0.0
10505,1,30,MEDIUM,,0.9455189706663771,1,HIGH,1.0
10506,1,30,MEDIUM,,0.7174658485329364,1,HIGH,1.0
10507,1,5,LOW,0.0,0.6942031834880336,1,REVIEW,
10508,1,0,LOW,0.0,0.5475809838432727,1,REVIEW,
10509,1,10,LOW,0.0,0.6956382439886195,1,REVIEW,
10510,1,25,LOW,0.0,0.9650210502272452,1,REVIEW,
10511,1,10,LOW,0.0,0.7927089628332952,1,REVIEW,
10512,1,5,LOW,0.0,0.9468379003470988,1,REVIEW,
10513,1,10,LOW,0.0,0.16630320194927053,0,LOW,0.0
10514,1,0,LOW,0.0,0.06291478190362702,0,LOW,0.0
10515,1,30,MEDIUM,,0.9806049720710921,1,HIGH,1.0
10516,1,30,MEDIUM,,0.6398609844450452,1,HIGH,1.0
10517,1,10,LOW,0.0,0.2840921228914883,0,LOW,0.0
10518,1,0,LOW,0.0,0.17194862760159624,0,LOW,0.0
10519,1,30,MEDIUM,,0.7306608819948294,1,HIGH,1.0
10520,1,30,MEDIUM,,0.9818402280654742,1,HIGH,1.0
10521,1,20,LOW,0.0,0.1658520322289814,0,LOW,0.0
10522,1,0,LOW,0.0,0.4688546106346933,0,LOW,0.0
10523,1,0,LOW,0.0,0.7366280087078365,1,REVIEW,
10524,1,10,LOW,0.0,0.2965798951338519,0,LOW,0.0
10525,1,40,MEDIUM,,0.9704888158491841,1,HIGH,1.0
10526,1,20,LOW,0.0,0.46176243204532463,0,LOW,0.0
10527,1,20,LOW,0.0,0.7742483059271712,1,REVIEW,
10528,1,0,LOW,0.0,0.2285617191813167,0,LOW,0.0
10529,1,30,MEDIUM,,0.29982345830725293,0,REVIEW,
10530,1,30,MEDIUM,,0.9802007793666924,1,HIGH,1.0
10531,1,10,LOW,0.0,0.059702986936617325,0,LOW,0.0
10532,1,10,LOW,0.0,0.1615454334941514,0,LOW,0.0
10533,1,0,LOW,0.0,0.7303214773051098,1,REVIEW,
10534,1,0,LOW,0.0,0.06764358689266388,0,LOW,0.0
10535,1,15,LOW,0.0,0.9680508918583758,1,REVIEW,
10536,1,0,LOW,0.0,0.16258763812126004,0,LOW,0.0
10537,1,10,LOW,0.0,0.44959875728655463,0,LOW,0.0
10538,1,0,LOW,0.0,0.13336871729054905,0,LOW,0.0
10539,1,10,LOW,0.0,0.4652619258300981,0,LOW,0.0
10540,1,35,MEDIUM,,0.9809962290550915,1,HIGH,1.0
10541,1,20,LOW,0.0,0.06624167289125109,0,LOW,0.0
10542,1,0,LOW,0.0,0.12233984144949292,0,LOW,0.0
10543,1,10,LOW,0.0,0.0940111998972661,0,LOW,0.0
10544,1,0,LOW,0.0,0.1882144290496951,0,LOW,0.0
10545,1,35,MEDIUM,,0.978653657785393,1,HIGH,1.0
10546,1,20,LOW,0.0,0.16994584276187696,0,LOW,0.0
10547,1,0,LOW,0.0,0.7889240958692306,1,REVIEW,
10548,1,0,LOW,0.0,0.010046046378848015,0,LOW,0.0
10549,1,10,LOW,0.0,0.8917433649331744,1,REVIEW,
10550,1,35,MEDIUM,,0.9925965633858306,1,HIGH,1.0
10551,1,20,LOW,0.0,0.16444708892824178,0,LOW,0.0
10552,1,0,LOW,0.0,0.4160512020217658,0,LOW,0.0
10553,1,5,LOW,0.0,0.4319725066032227,0,LOW,0.0
10554,1,0,LOW,0.0,0.21867201512037232,0,LOW,0.0
10555,1,40,MEDIUM,,0.8917236118932177,1,HIGH,1.0
10556,1,20,LOW,0.0,0.7952539767464395,1,REVIEW,
10557,1,0,LOW,0.0,0.6724531541112136,1,REVIEW,
10558,1,0,LOW,0.0,0.8430609782647362,1,REVIEW,
10559,1,30,MEDIUM,,0.49117670588585144,0,REVIEW,
10560,1,45,MEDIUM,,0.9826970161449339,1,HIGH,1.0
10561,1,30,MEDIUM,,0.07661309905116047,0,REVIEW,
10562,1,10,LOW,0.0,0.4177891807537672,0,LOW,0.0
10563,1,0,LOW,0.0,0.03428603223712234,0,LOW,0.0
10564,1,0,LOW,0.0,0.7523205527684097,1,REVIEW,
10565,1,35,MEDIUM,,0.9355219129253853,1,HIGH,1.0
10566,1,20,LOW,0.0,0.37560356922264887,0,LOW,0.0
10567,1,10,LOW,0.0,0.22301842755356488,0,LOW,0.0
10568,1,20,LOW,0.0,0.7965968669535545,1,REVIEW,
10569,1,10,LOW,0.0,0.6421022492928173,1,REVIEW,
10570,1,40,MEDIUM,,0.9951991748079432,1,HIGH,1.0
10571,1,30,MEDIUM,,0.6785346174427493,1,HIGH,1.0
10572,1,0,LOW,0.0,0.7662728317204043,1,REVIEW,
10573,1,10,LOW,0.0,0.3994338447509627,0,LOW,0.0
10574,1,10,LOW,0.0,0.6230627198580536,1,REVIEW,
10575,1,35,MEDIUM,,0.9964905688971877,1,HIGH,1.0
10576,1,0,LOW,0.0,0.21310249552236207,0,LOW,0.0
10577,1,0,LOW,0.0,0.5636511795213783,1,REVIEW,
10578,1,0,LOW,0.0,0.4753243284539273,0,LOW,0.0
10579,1,10,LOW,0.0,0.6989130734641866,1,REVIEW,
10580,1,35,MEDIUM,,0.9896355044404794,1,HIGH,1.0
10581,1,20,LOW,0.0,0.061994134978311334,0,LOW,0.0
10582,1,0,LOW,0.0,0.5738149585633804,1,REVIEW,
10583,1,0,LOW,0.0,0.3426572664052072,0,LOW,0.0
10584,1,0,LOW,0.0,0.6836284620009215,1,REVIEW,
10585,1,40,MEDIUM,,0.9924682851778107,1,HIGH,1.0
10586,1,0,LOW,0.0,0.034951780840529106,0,LOW,0.0
10587,1,10,LOW,0.0,0.8551281143448802,1,REVIEW,
10588,1,0,LOW,0.0,0.6087016002201893,1,REVIEW,
10589,1,10,LOW,0.0,0.12505867599412868,0,LOW,0.0
10590,1,35,MEDIUM,,0.9927714342884078,1,HIGH,1.0
10591,1,0,LOW,0.0,0.05389794080456679,0,LOW,0.0
10592,1,0,LOW,0.0,0.4009036108469879,0,LOW,0.0
10593,1,10,LOW,0.0,0.04892892764367118,0,LOW,0.0
10594,1,0,LOW,0.0,0.24580277238881934,0,LOW,0.0
10595,1,30,MEDIUM,,0.9761060640390309,1,HIGH,1.0
10596,1,30,MEDIUM,,0.836755566841998,1,HIGH,1.0
10597,1,0,LOW,0.0,0.9703755172396231,1,REVIEW,
10598,1,0,LOW,0.0,0.06517895673822914,0,LOW,0.0
10599,1,10,LOW,0.0,0.7994881177246193,1,REVIEW,
10600,1,40,MEDIUM,,0.9661427591209072,1,HIGH,1.0
10601,1,0,LOW,0.0,0.1835334359997125,0,LOW,0.0
10602,1,5,LOW,0.0,0.9931148922092343,1,REVIEW,
10603,1,0,LOW,0.0,0.034219843685551796,0,LOW,0.0
10604,1,10,LOW,0.0,0.8582950238958293,1,REVIEW,
10605,1,30,MEDIUM,,0.9946488652597696,1,HIGH,1.0
10606,1,20,LOW,0.0,0.2901609935989719,0,LOW,0.0
10607,1,0,LOW,0.0,0.45247334520333543,0,LOW,0.0
10608,1,5,LOW,0.0,0.6228052715457357,1,REVIEW,
10609,1,0,LOW,0.0,0.5262214987560899,1,REVIEW,
10610,1,30,MEDIUM,,0.7829383216136138,1,HIGH,1.0
10611,1,20,LOW,0.0,0.7860658438012741,1,REVIEW,
10612,1,0,LOW,0.0,0.007407804419612052,0,LOW,0.0
10613,1,10,LOW,0.0,0.5284851923156856,1,REVIEW,
10614,1,0,LOW,0.0,0.31433453874249223,0,LOW,0.0
10615,1,30,MEDIUM,,0.9434831581841304,1,HIGH,1.0
10616,1,20,LOW,0.0,0.3068677392960216,0,LOW,0.0
10617,1,0,LOW,0.0,0.5282286609538714,1,REVIEW,
10618,1,0,LOW,0.0,0.10158364011610323,0,LOW,0.0
10619,1,0,LOW,0.0,0.8537687935531781,1,REVIEW,
10620,1,30,MEDIUM,,0.9284405490913384,1,HIGH,1.0
10621,1,20,LOW,0.0,0.3239162527348742,0,LOW,0.0
10622,1,10,LOW,0.0,0.7725141321898717,1,REVIEW,
10623,1,0,LOW,0.0,0.139500212387875,0,LOW,0.0
10624,1,10,LOW,0.0,0.5573660061302688,1,REVIEW,
10625,1,10,LOW,0.0,0.6095595686060403,1,REVIEW,
10626,1,30,MEDIUM,,0.9858425694739177,1,HIGH,1.0
10627,1,20,LOW,0.0,0.37343771008258503,0,LOW,0.0
10628,1,10,LOW,0.0,0.6686784367223872,1,REVIEW,
10629,1,0,LOW,0.0,0.008212269991927836,0,LOW,0.0
10630,1,10,LOW,0.0,0.8423531096495688,1,REVIEW,
10631,1,30,MEDIUM,,0.9494859973734264,1,HIGH,1.0
10632,1,0,LOW,0.0,0.07622904043910683,0,LOW,0.0
10633,1,10,LOW,0.0,0.3021892040714941,0,LOW,0.0
10634,1,0,LOW,0.0,0.2371000670779819,0,LOW,0.0
10635,1,0,LOW,0.0,0.5522152576781987,1,REVIEW,
10636,1,30,MEDIUM,,0.9923345815734883,1,HIGH,1.0
10637,1,20,LOW,0.0,0.40483296776761196,0,LOW,0.0
10638,1,0,LOW,0.0,0.15187077222059925,0,LOW,0.0
10639,1,0,LOW,0.0,0.7105224370591945,1,REVIEW,
10640,1,30,MEDIUM,,0.7627261470543772,1,HIGH,1.0
10641,1,20,LOW,0.0,0.9695161557499322,1,REVIEW,
10642,1,20,LOW,0.0,0.17000678740702485,0,LOW,0.0
10643,1,0,LOW,0.0,0.38573349157944725,0,LOW,0.0
10644,1,0,LOW,0.0,0.46551043271618275,0,LOW,0.0
10645,1,10,LOW,0.0,0.7699099945423368,1,REVIEW,
10646,1,30,MEDIUM,,0.801642406751892,1,HIGH,1.0
10647,1,20,LOW,0.0,0.2728709904517317,0,LOW,0.0
10648,1,10,LOW,0.0,0.5250807211755923,1,REVIEW,
10649,1,0,LOW,0.0,0.049983680247505775,0,LOW,0.0
10650,1,30,MEDIUM,,0.23365582898979326,0,REVIEW,
10651,1,30,MEDIUM,,0.950401267439562,1,HIGH,1.0
10652,1,0,LOW,0.0,0.0688522819352576,0,LOW,0.0
10653,1,0,LOW,0.0,0.28689259098739817,0,LOW,0.0
10654,1,15,LOW,0.0,0.781253738059094,1,REVIEW,
10655,1,20,LOW,0.0,0.15535529916054255,0,LOW,0.0
10656,1,20,LOW,0.0,0.970730835003125,1,REVIEW,
10657,1,25,LOW,0.0,0.5270495091350991,1,REVIEW,
10658,1,10,LOW,0.0,0.6597597737240706,1,REVIEW,
10659,1,0,LOW,0.0,0.03790644718068754,0,LOW,0.0
10660,1,0,LOW,0.0,0.2694373355262206,0,LOW,0.0
10661,1,20,LOW,0.0,0.9209173044052251,1,REVIEW,
10662,1,0,LOW,0.0,0.6007008602833478,1,REVIEW,
10663,1,10,LOW,0.0,0.6088163246790842,1,REVIEW,
10664,1,0,LOW,0.0,0.6722366902057448,1,REVIEW,
10665,1,0,LOW,0.0,0.4532621964384696,0,LOW,0.0
10666,1,35,MEDIUM,,0.9443795803682112,1,HIGH,1.0
10667,1,20,LOW,0.0,0.23208325570746932,0,LOW,0.0
10668,1,0,LOW,0.0,0.34688652739908016,0,LOW,0.0
10669,1,0,LOW,0.0,0.04221730124315918,0,LOW,0.0
10670,1,20,LOW,0.0,0.5880096716378251,1,REVIEW,
10671,1,30,MEDIUM,,0.9812308213023879,1,HIGH,1.0
10672,1,0,LOW,0.0,0.04199145057712582,0,LOW,0.0
10673,1,10,LOW,0.0,0.2934544922312786,0,LOW,0.0
10674,1,0,LOW,0.0,0.2623221126785495,0,LOW,0.0
10675,1,0,LOW,0.0,0.5601201455351896,1,REVIEW,
10676,1,45,MEDIUM,,0.9083705972672346,1,HIGH,1.0
10677,1,20,LOW,0.0,0.2706700087179709,0,LOW,0.0
10678,1,0,LOW,0.0,0.24367901020615668,0,LOW,0.0
10679,1,10,LOW,0.0,0.705743593138018,1,REVIEW,
10680,1,0,LOW,0.0,0.007139979124282508,0,LOW,0.0
10681,1,30,MEDIUM,,0.9660415650089891,1,HIGH,1.0
10682,1,20,LOW,0.0,0.06098369297999195,0,LOW,0.0
10683,1,0,LOW,0.0,0.36343777406647976,0,LOW,0.0
10684,1,0,LOW,0.0,0.9196083169006259,1,REVIEW,
10685,1,10,LOW,0.0,0.46577919679354535,0,LOW,0.0
10686,1,30,MEDIUM,,0.9908692730204223,1,HIGH,1.0
10687,1,20,LOW,0.0,0.13628528074155769,0,LOW,0.0
10688,1,10,LOW,0.0,0.37711001523747495,0,LOW,0.0
10689,1,0,LOW,0.0,0.09489098269686154,0,LOW,0.0
10690,1,0,LOW,0.0,0.6573829685593068,1,REVIEW,
10691,1,30,MEDIUM,,0.988113048222304,1,HIGH,1.0
10692,1,30,MEDIUM,,0.39453480367415517,0,REVIEW,
10693,1,0,LOW,0.0,0.10849246864031079,0,LOW,0.0
10694,1,0,LOW,0.0,0.5607929812526724,1,REVIEW,
10695,1,10,LOW,0.0,0.5507674872409479,1,REVIEW,
10696,1,30,MEDIUM,,0.9486048445891795,1,HIGH,1.0
10697,1,20,LOW,0.0,0.0579387608657754,0,LOW,0.0
10698,1,0,LOW,0.0,0.7519232770571728,1,REVIEW,
10699,1,20,LOW,0.0,0.6702112303704626,1,REVIEW,
10700,1,0,LOW,0.0,0.7063545093755684,1,REVIEW,
10701,1,30,MEDIUM,,0.9926230100799213,1,HIGH,1.0
10702,1,20,LOW,0.0,0.26616132272839804,0,LOW,0.0
10703,1,5,LOW,0.0,0.9093855848056558,1,REVIEW,
10704,1,0,LOW,0.0,0.0961386152811558,0,LOW,0.0
10705,1,30,MEDIUM,,0.9264262808175414,1,HIGH,1.0
10706,1,20,LOW,0.0,0.9711035203390129,1,REVIEW,
10707,1,0,LOW,0.0,0.02442667004748419,0,LOW,0.0
10708,1,10,LOW,0.0,0.862687561624653,1,REVIEW,
10709,1,10,LOW,0.0,0.11538022577058524,0,LOW,0.0
10710,1,10,LOW,0.0,0.7652833411495125,1,REVIEW,
10711,1,30,MEDIUM,,0.9763926924529985,1,HIGH,1.0
10712,1,0,LOW,0.0,0.40775452335268764,0,LOW,0.0
10713,1,0,LOW,0.0,0.1298923099418942,0,LOW,0.0
10714,1,0,LOW,0.0,0.5415888040069896,1,REVIEW,
10715,1,10,LOW,0.0,0.4922033695698941,0,LOW,0.0
10716,1,30,MEDIUM,,0.9785109702751708,1,HIGH,1.0
10717,1,20,LOW,0.0,0.7906334989030159,1,REVIEW,
10718,1,0,LOW,0.0,0.7540028509300835,1,REVIEW,
10719,1,0,LOW,0.0,0.007240584532057006,0,LOW,0.0
10720,1,20,LOW,0.0,0.430435773343305,0,LOW,0.0
10721,1,30,MEDIUM,,0.9660222784180947,1,HIGH,1.0
10722,1,30,MEDIUM,,0.20250466965747546,0,REVIEW,
10723,1,0,LOW,0.0,0.5289649318933992,1,REVIEW,
10724,1,0,LOW,0.0,0.03153432763742496,0,LOW,0.0
10725,1,0,LOW,0.0,0.2248416982298079,0,LOW,0.0
10726,1,20,LOW,0.0,0.9338546565260001,1,REVIEW,
10727,1,20,LOW,0.0,0.6971671156178659,1,REVIEW,
10728,1,10,LOW,0.0,0.8626282957052614,1,REVIEW,
10729,1,0,LOW,0.0,0.08638182490444885,0,LOW,0.0
10730,1,10,LOW,0.0,0.731396026712379,1,REVIEW,
10731,1,35,MEDIUM,,0.974066353784234,1,HIGH,1.0
10732,1,20,LOW,0.0,0.3423322812073841,0,LOW,0.0
10733,1,10,LOW,0.0,0.6004382555500277,1,REVIEW,
10734,1,0,LOW,0.0,0.10185756063101187,0,LOW,0.0
10735,1,0,LOW,0.0,0.4790874383024906,0,LOW,0.0
10736,1,30,MEDIUM,,0.967211273149437,1,HIGH,1.0
10737,1,0,LOW,0.0,0.023930609346803033,0,LOW,0.0
10738,1,30,MEDIUM,,0.9153176392964664,1,HIGH,1.0
10739,1,0,LOW,0.0,0.8421741598981284,1,REVIEW,
10740,1,0,LOW,0.0,0.6790667919234756,1,REVIEW,
10741,1,10,LOW,0.0,0.987322104745625,1,REVIEW,
10742,1,0,LOW,0.0,0.7831462203621866,1,REVIEW,
10743,1,40,MEDIUM,,0.9241674918758866,1,HIGH,1.0
10744,1,0,LOW,0.0,0.6566906573655241,1,REVIEW,
10745,1,10,LOW,0.0,0.8471948480404742,1,REVIEW,
10746,1,20,LOW,0.0,0.9551533272889973,1,REVIEW,
10747,1,15,LOW,0.0,0.8586336709242302,1,REVIEW,
10748,1,40,MEDIUM,,0.9704658604130124,1,HIGH,1.0
10749,1,0,LOW,0.0,0.9573214120395505,1,REVIEW,
10750,1,0,LOW,0.0,0.6962145576509967,1,REVIEW,
10751,1,5,LOW,0.0,0.9674142906430628,1,REVIEW,
10752,1,0,LOW,0.0,0.8099306588101353,1,REVIEW,
10753,1,10,LOW,0.0,0.4572685170418803,0,LOW,0.0
10754,1,30,MEDIUM,,0.9883692085233555,1,HIGH,1.0
10755,1,0,LOW,0.0,0.7986981532165879,1,REVIEW,
10756,1,0,LOW,0.0,0.4289981800711642,0,LOW,0.0
10757,1,30,MEDIUM,,0.9821272031735147,1,HIGH,1.0
10758,1,0,LOW,0.0,0.13642675016623584,0,LOW,0.0
10759,1,30,MEDIUM,,0.9915703633582361,1,HIGH,1.0
10760,1,0,LOW,0.0,0.9164091774923186,1,REVIEW,
10761,1,0,LOW,0.0,0.8763216331550697,1,REVIEW,
10762,1,35,MEDIUM,,0.9910848886866923,1,HIGH,1.0
10763,1,0,LOW,0.0,0.5626714771787773,1,REVIEW,
10764,1,10,LOW,0.0,0.8991672171044821,1,REVIEW,
10765,1,20,LOW,0.0,0.960976653394571,1,REVIEW,
10766,1,10,LOW,0.0,0.8609900046847768,1,REVIEW,
10767,1,0,LOW,0.0,0.8211119492041706,1,REVIEW,
10768,1,10,LOW,0.0,0.4650636637401141,0,LOW,0.0
10769,1,20,LOW,0.0,0.17721266669239072,0,LOW,0.0
10770,1,0,LOW,0.0,0.8760773607733573,1,REVIEW,
10771,1,10,LOW,0.0,0.7817495472680576,1,REVIEW,
10772,1,10,LOW,0.0,0.9162905034159059,1,REVIEW,
10773,1,5,LOW,0.0,0.9590861902615595,1,REVIEW,
10774,1,25,LOW,0.0,0.987511732106168,1,REVIEW,
10775,1,0,LOW,0.0,0.3538314209081044,0,LOW,0.0
10776,1,30,MEDIUM,,0.9536412791543839,1,HIGH,1.0
10777,1,10,LOW,0.0,0.7314955584374506,1,REVIEW,
10778,1,40,MEDIUM,,0.9337936256392008,1,HIGH,1.0
10779,1,10,LOW,0.0,0.674909513758594,1,REVIEW,
10780,1,0,LOW,0.0,0.8292360903050282,1,REVIEW,
10781,1,20,LOW,0.0,0.9690060326781457,1,REVIEW,
10782,1,10,LOW,0.0,0.7180277298213825,1,REVIEW,
10783,1,30,MEDIUM,,0.9874342101652022,1,HIGH,1.0
10784,1,10,LOW,0.0,0.5909556067208932,1,REVIEW,
10785,1,0,LOW,0.0,0.41723408866871237,0,LOW,0.0
10786,1,35,MEDIUM,,0.960484437758138,1,HIGH,1.0
10787,1,30,MEDIUM,,0.9728549526537431,1,HIGH,1.0
10788,1,0,LOW,0.0,0.34067811030226175,0,LOW,0.0
10789,1,0,LOW,0.0,0.16664956038206163,0,LOW,0.0
10790,1,0,LOW,0.0,0.48803667328955325,0,LOW,0.0
10791,1,10,LOW,0.0,0.9868092849964676,1,REVIEW,
10792,1,0,LOW,0.0,0.8393947935423262,1,REVIEW,
10793,1,30,MEDIUM,,0.9615517067522303,1,HIGH,1.0
10794,1,0,LOW,0.0,0.43129927031267157,0,LOW,0.0
10795,1,20,LOW,0.0,0.9104830696688534,1,REVIEW,
10796,1,0,LOW,0.0,0.6728997049092745,1,REVIEW,
10797,1,10,LOW,0.0,0.9714471820141133,1,REVIEW,
10798,1,40,MEDIUM,,0.9942605206750126,1,HIGH,1.0
10799,1,0,LOW,0.0,0.6438911222457941,1,REVIEW,
10800,1,10,LOW,0.0,0.08121103034577172,0,LOW,0.0
10801,1,30,MEDIUM,,0.9067304435175685,1,HIGH,1.0
10802,1,0,LOW,0.0,0.4338596776208321,0,LOW,0.0
10803,1,30,MEDIUM,,0.9902756883152194,1,HIGH,1.0
10804,1,10,LOW,0.0,0.511652277562295,1,REVIEW,
10805,1,30,MEDIUM,,0.7154379845075013,1,HIGH,1.0
10806,1,0,LOW,0.0,0.9680731692644171,1,REVIEW,
10807,1,30,MEDIUM,,0.9863100985432992,1,HIGH,1.0
10808,1,0,LOW,0.0,0.7928900376963433,1,REVIEW,
10809,1,40,MEDIUM,,0.9843359456286302,1,HIGH,1.0
10810,1,0,LOW,0.0,0.2484863392803998,0,LOW,0.0
10811,1,10,LOW,0.0,0.2965404734471853,0,LOW,0.0
10812,1,30,MEDIUM,,0.9866784287239799,1,HIGH,1.0
10813,1,5,LOW,0.0,0.9465027692851213,1,REVIEW,
10814,1,30,MEDIUM,,0.9186550210583441,1,HIGH,1.0
10815,1,0,LOW,0.0,0.4297609581902903,0,LOW,0.0
10816,1,40,MEDIUM,,0.9865319489726744,1,HIGH,1.0
10817,1,0,LOW,0.0,0.9082584545290744,1,REVIEW,
10818,1,30,MEDIUM,,0.9525951612469158,1,HIGH,1.0
10819,1,10,LOW,0.0,0.29407005824218957,0,LOW,0.0
10820,1,20,LOW,0.0,0.9467070076446965,1,REVIEW,
10821,1,0,LOW,0.0,0.28043272429580846,0,LOW,0.0
10822,1,20,LOW,0.0,0.9828253044061903,1,REVIEW,
10823,1,0,LOW,0.0,0.4686947885820304,0,LOW,0.0
10824,1,10,LOW,0.0,0.5707051049890103,1,REVIEW,
10825,1,45,MEDIUM,,0.9519345486586278,1,HIGH,1.0
10826,1,0,LOW,0.0,0.794939017947166,1,REVIEW,
10827,1,10,LOW,0.0,0.9296660588704608,1,REVIEW,
10828,1,40,MEDIUM,,0.9786356655255106,1,HIGH,1.0
10829,1,20,LOW,0.0,0.9644446215955894,1,REVIEW,
10830,1,0,LOW,0.0,0.2657958901070303,0,LOW,0.0
10831,1,35,MEDIUM,,0.9763996097115479,1,HIGH,1.0
10832,1,0,LOW,0.0,0.723555766592346,1,REVIEW,
10833,1,0,LOW,0.0,0.9216197837180796,1,REVIEW,
10834,1,30,MEDIUM,,0.8477734014935371,1,HIGH,1.0
10835,1,0,LOW,0.0,0.16771329280340228,0,LOW,0.0
10836,1,0,LOW,0.0,0.42334109870812325,0,LOW,0.0
10837,1,30,MEDIUM,,0.9943703298486402,1,HIGH,1.0
10838,1,30,MEDIUM,,0.991699095501213,1,HIGH,1.0
10839,1,5,LOW,0.0,0.9662126995274516,1,REVIEW,
10840,1,10,LOW,0.0,0.6803144470608301,1,REVIEW,
10841,1,5,LOW,0.0,0.9803960099650025,1,REVIEW,
10842,1,35,MEDIUM,,0.9932191501315056,1,HIGH,1.0
10843,1,0,LOW,0.0,0.4419958537860172,0,LOW,0.0
10844,1,10,LOW,0.0,0.993327950890199,1,REVIEW,
10845,1,0,LOW,0.0,0.7993916742219579,1,REVIEW,
10846,1,0,LOW,0.0,0.24343144988249654,0,LOW,0.0
10847,1,20,LOW,0.0,0.9792560037509717,1,REVIEW,
10848,1,10,LOW,0.0,0.0612975922290626,0,LOW,0.0
10849,1,15,LOW,0.0,0.963138444900862,1,REVIEW,
10850,1,0,LOW,0.0,0.9677071337205343,1,REVIEW,
10851,1,10,LOW,0.0,0.9249261111482368,1,REVIEW,
10852,1,20,LOW,0.0,0.8345838704602029,1,REVIEW,
10853,1,10,LOW,0.0,0.26001346530939234,0,LOW,0.0
10854,1,45,MEDIUM,,0.9950759892007078,1,HIGH,1.0
10855,1,0,LOW,0.0,0.7119978336862047,1,REVIEW,
10856,1,10,LOW,0.0,0.5183568211952866,1,REVIEW,
10857,1,0,LOW,0.0,0.6218187910944255,1,REVIEW,
10858,1,35,MEDIUM,,0.9793936262869957,1,HIGH,1.0
10859,1,10,LOW,0.0,0.4077069811220122,0,LOW,0.0
10860,1,0,LOW,0.0,0.98969104093968,1,REVIEW,
10861,1,5,LOW,0.0,0.359819518291391,0,LOW,0.0
10862,1,30,MEDIUM,,0.8794973876631942,1,HIGH,1.0
10863,1,20,LOW,0.0,0.12948966836834913,0,LOW,0.0
10864,1,20,LOW,0.0,0.8977764398953143,1,REVIEW,
10865,1,10,LOW,0.0,0.28249734753760264,0,LOW,0.0
10866,1,30,MEDIUM,,0.9644907012740322,1,HIGH,1.0
10867,1,40,MEDIUM,,0.995093554090962,1,HIGH,1.0
10868,1,0,LOW,0.0,0.9637143266605259,1,REVIEW,
10869,1,45,MEDIUM,,0.9967916870974022,1,HIGH,1.0
10870,1,0,LOW,0.0,0.8755599410955668,1,REVIEW,
10871,1,45,MEDIUM,,0.9925435687481384,1,HIGH,1.0
10872,1,0,LOW,0.0,0.8659404079670244,1,REVIEW,
10873,1,0,LOW,0.0,0.3731422725405485,0,LOW,0.0
10874,1,30,MEDIUM,,0.9927737172609519,1,HIGH,1.0
10875,1,0,LOW,0.0,0.8529085455899632,1,REVIEW,
10876,1,30,MEDIUM,,0.9941034210354052,1,HIGH,1.0
10877,1,20,LOW,0.0,0.6812746393052524,1,REVIEW,
10878,1,0,LOW,0.0,0.32476017295701354,0,LOW,0.0
10879,1,0,LOW,0.0,0.12669564628167146,0,LOW,0.0
10880,1,10,LOW,0.0,0.9412964311377355,1,REVIEW,
10881,1,0,LOW,0.0,0.5762422727062618,1,REVIEW,
10882,1,0,LOW,0.0,0.8373377422250221,1,REVIEW,
10883,1,35,MEDIUM,,0.9965647966019052,1,HIGH,1.0
10884,1,10,LOW,0.0,0.7813936578523121,1,REVIEW,
10885,1,0,LOW,0.0,0.5316058266098357,1,REVIEW,
10886,1,10,LOW,0.0,0.354787063824548,0,LOW,0.0
10887,1,40,MEDIUM,,0.9891485256179915,1,HIGH,1.0
10888,1,0,LOW,0.0,0.9836200948604149,1,REVIEW,
10889,1,0,LOW,0.0,0.8405947846018574,1,REVIEW,
10890,1,10,LOW,0.0,0.3960480506047498,0,LOW,0.0
10891,1,0,LOW,0.0,0.7411769745476289,1,REVIEW,
10892,1,35,MEDIUM,,0.9850982772840925,1,HIGH,1.0
10893,1,0,LOW,0.0,0.9477969992035123,1,REVIEW,
10894,1,10,LOW,0.0,0.7973724443763441,1,REVIEW,
10895,1,35,MEDIUM,,0.9855018672636904,1,HIGH,1.0
10896,1,5,LOW,0.0,0.8980022577389652,1,REVIEW,
10897,1,10,LOW,0.0,0.6566747225826394,1,REVIEW,
10898,1,0,LOW,0.0,0.4154149476001246,0,LOW,0.0
10899,1,0,LOW,0.0,0.8177436009094,1,REVIEW,
10900,1,10,LOW,0.0,0.8831967396754605,1,REVIEW,
10901,1,20,LOW,0.0,0.9685903424532835,1,REVIEW,
10902,1,0,LOW,0.0,0.9207755870796458,1,REVIEW,
10903,1,10,LOW,0.0,0.6837963290494181,1,REVIEW,
10904,1,15,LOW,0.0,0.8230607157309454,1,REVIEW,
10905,1,30,MEDIUM,,0.9879791913896376,1,HIGH,1.0
10906,1,0,LOW,0.0,0.847671188315147,1,REVIEW,
10907,1,30,MEDIUM,,0.9838549069328488,1,HIGH,1.0
10908,1,5,LOW,0.0,0.9469800480292271,1,REVIEW,
10909,1,30,MEDIUM,,0.8867016538055513,1,HIGH,1.0
10910,1,20,LOW,0.0,0.18143123300285613,0,LOW,0.0
10911,1,0,LOW,0.0,0.3191703709939373,0,LOW,0.0
10912,1,0,LOW,0.0,0.5776097550540236,1,REVIEW,
10913,1,10,LOW,0.0,0.7400817256213504,1,REVIEW,
10914,1,30,MEDIUM,,0.9684608839298509,1,HIGH,1.0
10915,1,30,MEDIUM,,0.24737503699333666,0,REVIEW,
10916,1,0,LOW,0.0,0.04728506954680716,0,LOW,0.0
10917,1,10,LOW,0.0,0.10270049210063101,0,LOW,0.0
10918,1,10,LOW,0.0,0.8453840028353797,1,REVIEW,
10919,1,30,MEDIUM,,0.5604958222928819,1,HIGH,1.0
10920,1,0,LOW,0.0,0.23056004687836032,0,LOW,0.0
10921,1,5,LOW,0.0,0.4519275200237249,0,LOW,0.0
10922,1,0,LOW,0.0,0.1264664372719158,0,LOW,0.0
10923,1,10,LOW,0.0,0.40137757086029985,0,LOW,0.0
10924,1,10,LOW,0.0,0.9308853646501007,1,REVIEW,
10925,1,20,LOW,0.0,0.09793528125224481,0,LOW,0.0
10926,1,0,LOW,0.0,0.5535877143972546,1,REVIEW,
10927,1,0,LOW,0.0,0.8583937718211857,1,REVIEW,
10928,1,10,LOW,0.0,0.2520501866938408,0,LOW,0.0
10929,1,30,MEDIUM,,0.927609180295012,1,HIGH,1.0
10930,1,20,LOW,0.0,0.10525418629177773,0,LOW,0.0
10931,1,0,LOW,0.0,0.5062585627181706,1,REVIEW,
10932,1,0,LOW,0.0,0.43014400286483784,0,LOW,0.0
10933,1,10,LOW,0.0,0.824469335323939,1,REVIEW,
10934,1,40,MEDIUM,,0.9748458122395505,1,HIGH,1.0
10935,1,20,LOW,0.0,0.40427442182513057,0,LOW,0.0
10936,1,0,LOW,0.0,0.2344503535674719,0,LOW,0.0
10937,1,0,LOW,0.0,0.6500644924648258,1,REVIEW,
10938,1,10,LOW,0.0,0.660702755720843,1,REVIEW,
10939,1,15,LOW,0.0,0.9966206674469594,1,REVIEW,
10940,1,10,LOW,0.0,0.2421137111876774,0,LOW,0.0
10941,1,10,LOW,0.0,0.6485474525261927,1,REVIEW,
10942,1,10,LOW,0.0,0.030873118281323254,0,LOW,0.0
10943,1,10,LOW,0.0,0.5850474013250627,1,REVIEW,
10944,1,40,MEDIUM,,0.9359658813313704,1,HIGH,1.0
10945,1,20,LOW,0.0,0.20838840555451915,0,LOW,0.0
10946,1,0,LOW,0.0,0.6092700875406898,1,REVIEW,
10947,1,10,LOW,0.0,0.4983359960747865,0,LOW,0.0
10948,1,10,LOW,0.0,0.3533699991963663,0,LOW,0.0
10949,1,30,MEDIUM,,0.9863109490998664,1,HIGH,1.0
10950,1,20,LOW,0.0,0.9542317126984391,1,REVIEW,
10951,1,10,LOW,0.0,0.7341578503960345,1,REVIEW,
10952,1,0,LOW,0.0,0.5814492780486812,1,REVIEW,
10953,1,0,LOW,0.0,0.3965959132188291,0,LOW,0.0
10954,1,30,MEDIUM,,0.9934978995929369,1,HIGH,1.0
10955,1,20,LOW,0.0,0.08182479890815379,0,LOW,0.0
10956,1,0,LOW,0.0,0.7509220030535133,1,REVIEW,
10957,1,0,LOW,0.0,0.4038120722913393,0,LOW,0.0
10958,1,10,LOW,0.0,0.426528218943983,0,LOW,0.0
10959,1,35,MEDIUM,,0.9785857709733692,1,HIGH,1.0
10960,1,20,LOW,0.0,0.8133051796683353,1,REVIEW,
10961,1,0,LOW,0.0,0.8758249194652646,1,REVIEW,
10962,1,0,LOW,0.0,0.14787295536377779,0,LOW,0.0
10963,1,10,LOW,0.0,0.8327492235185496,1,REVIEW,
10964,1,30,MEDIUM,,0.7001295595546654,1,HIGH,1.0
10965,1,0,LOW,0.0,0.936525186491282,1,REVIEW,
10966,1,0,LOW,0.0,0.14790556216743064,0,LOW,0.0
10967,1,10,LOW,0.0,0.6787422273068725,1,REVIEW,
10968,1,10,LOW,0.0,0.8201962530139136,1,REVIEW,
10969,1,35,MEDIUM,,0.9900720940102475,1,HIGH,1.0
10970,1,20,LOW,0.0,0.919694082686651,1,REVIEW,
10971,1,15,LOW,0.0,0.21112640864378393,0,LOW,0.0
10972,1,0,LOW,0.0,0.18993231275016503,0,LOW,0.0
10973,1,0,LOW,0.0,0.6119615314810057,1,REVIEW,
10974,1,40,MEDIUM,,0.9409248934945128,1,HIGH,1.0
10975,1,20,LOW,0.0,0.06974625938991212,0,LOW,0.0
10976,1,10,LOW,0.0,0.5231646174426821,1,REVIEW,
10977,1,0,LOW,0.0,0.1812467459913279,0,LOW,0.0
10978,1,30,MEDIUM,,0.7519158613513681,1,HIGH,1.0
10979,1,35,MEDIUM,,0.9416298838869,1,HIGH,1.0
10980,1,0,LOW,0.0,0.06318792780568513,0,LOW,0.0
10981,1,0,LOW,0.0,0.6331008992459692,1,REVIEW,
10982,1,0,LOW,0.0,0.2119074556887999,0,LOW,0.0
10983,1,10,LOW,0.0,0.9326141418227878,1,REVIEW,
10984,1,30,MEDIUM,,0.9872734935117582,1,HIGH,1.0
10985,1,20,LOW,0.0,0.4078800955997831,0,LOW,0.0
10986,1,0,LOW,0.0,0.9484200134531922,1,REVIEW,
10987,1,15,LOW,0.0,0.029231698656329637,0,LOW,0.0
10988,1,30,MEDIUM,,0.8251879188488984,1,HIGH,1.0
10989,1,35,MEDIUM,,0.9943470887278333,1,HIGH,1.0
10990,1,0,LOW,0.0,0.28695758850577163,0,LOW,0.0
10991,1,0,LOW,0.0,0.2463647383693146,0,LOW,0.0
10992,1,0,LOW,0.0,0.05357122585271125,0,LOW,0.0
10993,1,10,LOW,0.0,0.24309933996940958,0,LOW,0.0
10994,1,40,MEDIUM,,0.9852942413632736,1,HIGH,1.0
10995,1,20,LOW,0.0,0.3963800101869393,0,LOW,0.0
10996,1,10,LOW,0.0,0.6468298101736167,1,REVIEW,
10997,1,0,LOW,0.0,0.6348991628947467,1,REVIEW,
10998,1,10,LOW,0.0,0.28601144434248443,0,LOW,0.0
10999,1,40,MEDIUM,,0.9868328264290213,1,HIGH,1.0
11000,1,20,LOW,0.0,0.36070610575923123,0,LOW,0.0
11001,1,5,LOW,0.0,0.8910292767314199,1,REVIEW,
11002,1,10,LOW,0.0,0.05957611468045835,0,LOW,0.0
11003,1,0,LOW,0.0,0.6907415781606766,1,REVIEW,
11004,1,20,LOW,0.0,0.9806779348995379,1,REVIEW,
11005,1,0,LOW,0.0,0.7615653546318542,1,REVIEW,
11006,1,10,LOW,0.0,0.79256374254194,1,REVIEW,
11007,1,0,LOW,0.0,0.038343357850486114,0,LOW,0.0
11008,1,30,MEDIUM,,0.7034582145809336,1,HIGH,1.0
11009,1,35,MEDIUM,,0.9948903850039151,1,HIGH,1.0
11010,1,30,MEDIUM,,0.15248335036601648,0,REVIEW,
11011,1,0,LOW,0.0,0.4731114047809219,0,LOW,0.0
11012,1,0,LOW,0.0,0.28158558572764414,0,LOW,0.0
11013,1,10,LOW,0.0,0.8376534449299787,1,REVIEW,
11014,1,10,LOW,0.0,0.9218678884517052,1,REVIEW,
11015,1,20,LOW,0.0,0.08551774918493628,0,LOW,0.0
11016,1,0,LOW,0.0,0.355366374303794,0,LOW,0.0
11017,1,0,LOW,0.0,0.21352091441424562,0,LOW,0.0
11018,1,10,LOW,0.0,0.7741880072456202,1,REVIEW,
11019,1,30,MEDIUM,,0.877370659416479,1,HIGH,1.0
11020,1,20,LOW,0.0,0.8381854575768249,1,REVIEW,
11021,1,0,LOW,0.0,0.5040996592790045,1,REVIEW,
11022,1,0,LOW,0.0,0.27365942551580896,0,LOW,0.0
11023,1,30,MEDIUM,,0.7213961043968474,1,HIGH,1.0
11024,1,35,MEDIUM,,0.9925039891135966,1,HIGH,1.0
11025,1,20,LOW,0.0,0.3046297336094912,0,LOW,0.0
11026,1,0,LOW,0.0,0.6538897515718788,1,REVIEW,
11027,1,0,LOW,0.0,0.794051624467147,1,REVIEW,
11028,1,10,LOW,0.0,0.5772797964698719,1,REVIEW,
11029,1,20,LOW,0.0,0.9871673239126779,1,REVIEW,
11030,1,20,LOW,0.0,0.03441313410126336,0,LOW,0.0
11031,1,10,LOW,0.0,0.6121335836898342,1,REVIEW,
11032,1,0,LOW,0.0,0.7942643746526549,1,REVIEW,
11033,1,10,LOW,0.0,0.7120946422181097,1,REVIEW,
11034,1,40,MEDIUM,,0.9665932927545551,1,HIGH,1.0
11035,1,20,LOW,0.0,0.1324518134682831,0,LOW,0.0
11036,1,0,LOW,0.0,0.34778099035843685,0,LOW,0.0
11037,1,0,LOW,0.0,0.799198961106617,1,REVIEW,
11038,1,10,LOW,0.0,0.3348301401899071,0,LOW,0.0
11039,1,45,MEDIUM,,0.9826101602465905,1,HIGH,1.0
11040,1,0,LOW,0.0,0.07941812955827478,0,LOW,0.0
11041,1,5,LOW,0.0,0.7258629868518124,1,REVIEW,
11042,1,10,LOW,0.0,0.5135125814810014,1,REVIEW,
11043,1,10,LOW,0.0,0.671951235764539,1,REVIEW,
11044,1,25,LOW,0.0,0.9830162116169479,1,REVIEW,
11045,1,20,LOW,0.0,0.2961644061792371,0,LOW,0.0
11046,1,0,LOW,0.0,0.5638656275439636,1,REVIEW,
11047,1,0,LOW,0.0,0.4344310382845851,0,LOW,0.0
11048,1,10,LOW,0.0,0.7272694185522109,1,REVIEW,
11049,1,30,MEDIUM,,0.9868845838194058,1,HIGH,1.0
11050,1,20,LOW,0.0,0.7191122999154745,1,REVIEW,
11051,1,0,LOW,0.0,0.5203203101259432,1,REVIEW,
11052,1,0,LOW,0.0,0.038631423412733096,0,LOW,0.0
11053,1,10,LOW,0.0,0.9391685560046515,1,REVIEW,
11054,1,30,MEDIUM,,0.9492346768061674,1,HIGH,1.0
11055,1,20,LOW,0.0,0.12183991687542092,0,LOW,0.0
11056,1,0,LOW,0.0,0.8334327382243027,1,REVIEW,
11057,1,10,LOW,0.0,0.43965788486569846,0,LOW,0.0
11058,1,30,MEDIUM,,0.703308633260722,1,HIGH,1.0
11059,1,30,MEDIUM,,0.9901423573201893,1,HIGH,1.0
11060,1,0,LOW,0.0,0.044432961395969695,0,LOW,0.0
11061,1,10,LOW,0.0,0.5060350330526979,1,REVIEW,
11062,1,10,LOW,0.0,0.22780159675525388,0,LOW,0.0
11063,1,10,LOW,0.0,0.6619065807117155,1,REVIEW,
11064,1,30,MEDIUM,,0.8919847258065271,1,HIGH,1.0
11065,1,20,LOW,0.0,0.7435693433038758,1,REVIEW,
11066,1,0,LOW,0.0,0.8472414262479369,1,REVIEW,
11067,1,0,LOW,0.0,0.10882313764249998,0,LOW,0.0
11068,1,10,LOW,0.0,0.6929848850426089,1,REVIEW,
11069,1,30,MEDIUM,,0.9774845732659543,1,HIGH,1.0
11070,1,0,LOW,0.0,0.029633506765185738,0,LOW,0.0
11071,1,10,LOW,0.0,0.13668307834696503,0,LOW,0.0
11072,1,0,LOW,0.0,0.28535841759352587,0,LOW,0.0
11073,1,10,LOW,0.0,0.12642389891714062,0,LOW,0.0
11074,1,30,MEDIUM,,0.9729474057892289,1,HIGH,1.0
11075,1,0,LOW,0.0,0.22323086101051545,0,LOW,0.0
11076,1,0,LOW,0.0,0.6341288022809586,1,REVIEW,
11077,1,0,LOW,0.0,0.09531564302326614,0,LOW,0.0
11078,1,10,LOW,0.0,0.6367189333441392,1,REVIEW,
11079,1,35,MEDIUM,,0.8954181227912361,1,HIGH,1.0
11080,1,20,LOW,0.0,0.9793399651608118,1,REVIEW,
11081,1,0,LOW,0.0,0.6911730350944916,1,REVIEW,
11082,1,10,LOW,0.0,0.16709004109460263,0,LOW,0.0
11083,1,10,LOW,0.0,0.5934637977971027,1,REVIEW,
11084,1,35,MEDIUM,,0.9830975915011756,1,HIGH,1.0
11085,1,30,MEDIUM,,0.09143737349446351,0,REVIEW,
11086,1,0,LOW,0.0,0.6940654618481541,1,REVIEW,
11087,1,10,LOW,0.0,0.15086051392839533,0,LOW,0.0
11088,1,10,LOW,0.0,0.45012327188558726,0,LOW,0.0
11089,1,45,MEDIUM,,0.9959781812130221,1,HIGH,1.0
11090,1,20,LOW,0.0,0.22192706098118298,0,LOW,0.0
11091,1,0,LOW,0.0,0.7318373669617507,1,REVIEW,
11092,1,0,LOW,0.0,0.020986234568533095,0,LOW,0.0
11093,1,10,LOW,0.0,0.8608315210934974,1,REVIEW,
11094,1,35,MEDIUM,,0.9880098074078475,1,HIGH,1.0
11095,1,0,LOW,0.0,0.5741562677320291,1,REVIEW,
11096,1,5,LOW,0.0,0.6165798386113707,1,REVIEW,
11097,1,0,LOW,0.0,0.065397973195875,0,LOW,0.0
11098,1,10,LOW,0.0,0.7023882372305822,1,REVIEW,
11099,1,20,LOW,0.0,0.9608061081576824,1,REVIEW,
11100,1,20,LOW,0.0,0.638573761103091,1,REVIEW,
11101,1,0,LOW,0.0,0.7595028580314224,1,REVIEW,
11102,1,10,LOW,0.0,0.08429852910853719,0,LOW,0.0
11103,1,10,LOW,0.0,0.49594511116360096,0,LOW,0.0
11104,1,30,MEDIUM,,0.9821238617651508,1,HIGH,1.0
11105,1,20,LOW,0.0,0.16977019904700494,0,LOW,0.0
11106,1,10,LOW,0.0,0.7380305946931635,1,REVIEW,
11107,1,0,LOW,0.0,0.36579706077855095,0,LOW,0.0
11108,1,10,LOW,0.0,0.43783787201722013,0,LOW,0.0
11109,1,30,MEDIUM,,0.9919537450905062,1,HIGH,1.0
11110,1,20,LOW,0.0,0.25902257467108697,0,LOW,0.0
11111,1,10,LOW,0.0,0.5859831413991108,1,REVIEW,
11112,1,10,LOW,0.0,0.13626618499314835,0,LOW,0.0
11113,1,10,LOW,0.0,0.8019620406480531,1,REVIEW,
11114,1,20,LOW,0.0,0.9699644919030567,1,REVIEW,
11115,1,0,LOW,0.0,0.11471449422171962,0,LOW,0.0
11116,1,10,LOW,0.0,0.1620417190514441,0,LOW,0.0
11117,1,0,LOW,0.0,0.48714774625396856,0,LOW,0.0
11118,1,10,LOW,0.0,0.3546119904837633,0,LOW,0.0
11119,1,30,MEDIUM,,0.9793721361305161,1,HIGH,1.0
11120,1,25,LOW,0.0,0.7377908377885883,1,REVIEW,
11121,1,10,LOW,0.0,0.7491042534851291,1,REVIEW,
11122,1,0,LOW,0.0,0.05173959315107145,0,LOW,0.0
11123,1,30,MEDIUM,,0.6499797773581008,1,HIGH,1.0
11124,1,30,MEDIUM,,0.897750629605497,1,HIGH,1.0
11125,1,20,LOW,0.0,0.3022383275578877,0,LOW,0.0
11126,1,0,LOW,0.0,0.3146719271554185,0,LOW,0.0
11127,1,0,LOW,0.0,0.10916220340389458,0,LOW,0.0
11128,1,30,MEDIUM,,0.9114672170139216,1,HIGH,1.0
11129,1,40,MEDIUM,,0.9978703061372167,1,HIGH,1.0
11130,1,20,LOW,0.0,0.015077600703908896,0,LOW,0.0
11131,1,10,LOW,0.0,0.4238992950079867,0,LOW,0.0
11132,1,0,LOW,0.0,0.2556259208408214,0,LOW,0.0
11133,1,30,MEDIUM,,0.35279622939367783,0,REVIEW,
11134,1,45,MEDIUM,,0.989632417469955,1,HIGH,1.0
11135,1,30,MEDIUM,,0.2492001508988827,0,REVIEW,
11136,1,10,LOW,0.0,0.7645677816080552,1,REVIEW,
11137,1,0,LOW,0.0,0.019363012692584204,0,LOW,0.0
11138,1,30,MEDIUM,,0.33180163265931967,0,REVIEW,
11139,1,10,LOW,0.0,0.9064164534704667,1,REVIEW,
11140,1,20,LOW,0.0,0.07649340723574498,0,LOW,0.0
11141,1,0,LOW,0.0,0.7896157832560822,1,REVIEW,
11142,1,0,LOW,0.0,0.9150610163325106,1,REVIEW,
11143,1,10,LOW,0.0,0.22837921356829322,0,LOW,0.0
11144,1,35,MEDIUM,,0.9929431555607139,1,HIGH,1.0
11145,1,20,LOW,0.0,0.9145648501711944,1,REVIEW,
11146,1,0,LOW,0.0,0.36258055280367635,0,LOW,0.0
11147,1,0,LOW,0.0,0.009020927405599706,0,LOW,0.0
11148,1,10,LOW,0.0,0.5829074501686768,1,REVIEW,
11149,1,35,MEDIUM,,0.9505502079637098,1,HIGH,1.0
11150,1,20,LOW,0.0,0.8504283740087917,1,REVIEW,
11151,1,0,LOW,0.0,0.5231663104242467,1,REVIEW,
11152,1,10,LOW,0.0,0.798197275100961,1,REVIEW,
11153,1,30,MEDIUM,,0.9679545562929331,1,HIGH,1.0
11154,1,50,MEDIUM,,0.990272650704694,1,HIGH,1.0
11155,1,10,LOW,0.0,0.7679175104030423,1,REVIEW,
11156,1,0,LOW,0.0,0.7211214532925108,1,REVIEW,
11157,1,20,LOW,0.0,0.899435289019342,1,REVIEW,
11158,1,30,MEDIUM,,0.25041500668121064,0,REVIEW,
11159,1,30,MEDIUM,,0.9522270691711626,1,HIGH,1.0
11160,1,20,LOW,0.0,0.1205186159728113,0,LOW,0.0
11161,1,0,LOW,0.0,0.532036432280338,1,REVIEW,
11162,1,10,LOW,0.0,0.5226481836795169,1,REVIEW,
11163,1,0,LOW,0.0,0.9687367882064304,1,REVIEW,
11164,1,30,MEDIUM,,0.9517801057951949,1,HIGH,1.0
11165,1,20,LOW,0.0,0.4589407510979896,0,LOW,0.0
11166,1,0,LOW,0.0,0.8313458307805152,1,REVIEW,
11167,1,20,LOW,0.0,0.42813301143494753,0,LOW,0.0
11168,1,10,LOW,0.0,0.4613891895315582,0,LOW,0.0
11169,1,20,LOW,0.0,0.9382239509814028,1,REVIEW,
11170,1,10,LOW,0.0,0.8639875173022505,1,REVIEW,
11171,1,10,LOW,0.0,0.7737550064127988,1,REVIEW,
11172,1,35,MEDIUM,,0.966780367153093,1,HIGH,1.0
11173,1,0,LOW,0.0,0.8458042867857877,1,REVIEW,
11174,1,15,LOW,0.0,0.5822413722264218,1,REVIEW,
11175,1,45,MEDIUM,,0.9897277629481155,1,HIGH,1.0
11176,1,0,LOW,0.0,0.5848383645299154,1,REVIEW,
11177,1,30,MEDIUM,,0.992787322078443,1,HIGH,1.0
11178,1,0,LOW,0.0,0.8759973001913771,1,REVIEW,
11179,1,35,MEDIUM,,0.9621028571976568,1,HIGH,1.0
11180,1,0,LOW,0.0,0.8261135762847526,1,REVIEW,
11181,1,30,MEDIUM,,0.9949423632453979,1,HIGH,1.0
11182,1,10,LOW,0.0,0.7818271443152371,1,REVIEW,
11183,1,0,LOW,0.0,0.4645297555307584,0,LOW,0.0
11184,1,10,LOW,0.0,0.47230733470725267,0,LOW,0.0
11185,1,30,MEDIUM,,0.9836522882600148,1,HIGH,1.0
11186,1,0,LOW,0.0,0.2233947904477494,0,LOW,0.0
11187,1,30,MEDIUM,,0.9651103545669619,1,HIGH,1.0
11188,1,20,LOW,0.0,0.9609647521901304,1,REVIEW,
11189,1,5,LOW,0.0,0.830789740852991,1,REVIEW,
11190,1,30,MEDIUM,,0.9704366934572357,1,HIGH,1.0
11191,1,5,LOW,0.0,0.8765927231298924,1,REVIEW,
11192,1,0,LOW,0.0,0.6994600219995865,1,REVIEW,
11193,1,20,LOW,0.0,0.9877437744244909,1,REVIEW,
11194,1,0,LOW,0.0,0.636298794520485,1,REVIEW,
11195,1,0,LOW,0.0,0.7909466571480829,1,REVIEW,
11196,1,30,MEDIUM,,0.3968460938010623,0,REVIEW,
11197,1,0,LOW,0.0,0.21786043111741266,0,LOW,0.0
11198,1,20,LOW,0.0,0.9864603228712292,1,REVIEW,
11199,1,20,LOW,0.0,0.08696084885910031,0,LOW,0.0
11200,1,0,LOW,0.0,0.07903680957191116,0,LOW,0.0
11201,1,0,LOW,0.0,0.06081955081545584,0,LOW,0.0
11202,1,40,MEDIUM,,0.9899673281184392,1,HIGH,1.0
11203,1,10,LOW,0.0,0.4243538601986218,0,LOW,0.0
11204,1,20,LOW,0.0,0.27423039414528794,0,LOW,0.0
11205,1,0,LOW,0.0,0.8697732656841675,1,REVIEW,
11206,1,0,LOW,0.0,0.0236989809831203,0,LOW,0.0
11207,1,35,MEDIUM,,0.8878300182582805,1,HIGH,1.0
11208,1,0,LOW,0.0,0.610882492785699,1,REVIEW,
11209,1,20,LOW,0.0,0.9696002853162728,1,REVIEW,
11210,1,10,LOW,0.0,0.16380158316437354,0,LOW,0.0
11211,1,30,MEDIUM,,0.9826291950106636,1,HIGH,1.0
11212,1,20,LOW,0.0,0.12376313240348047,0,LOW,0.0
11213,1,10,LOW,0.0,0.6230597843370264,1,REVIEW,
11214,1,35,MEDIUM,,0.9864254494544795,1,HIGH,1.0
11215,1,10,LOW,0.0,0.7174804423631036,1,REVIEW,
11216,1,10,LOW,0.0,0.6643484928427857,1,REVIEW,
11217,1,20,LOW,0.0,0.35710195404519496,0,LOW,0.0
11218,1,10,LOW,0.0,0.8135976232186142,1,REVIEW,
11219,1,30,MEDIUM,,0.992659524131278,1,HIGH,1.0
11220,1,0,LOW,0.0,0.7922505100459266,1,REVIEW,
11221,1,40,MEDIUM,,0.9103709750934534,1,HIGH,1.0
11222,1,0,LOW,0.0,0.5147073667687084,1,REVIEW,
11223,1,20,LOW,0.0,0.8774531953365439,1,REVIEW,
11224,1,10,LOW,0.0,0.769938354743564,1,REVIEW,
11225,1,15,LOW,0.0,0.7550799693367269,1,REVIEW,
11226,1,0,LOW,0.0,0.5493629658795522,1,REVIEW,
11227,1,30,MEDIUM,,0.9909407304145775,1,HIGH,1.0
11228,1,0,LOW,0.0,0.7114851056643796,1,REVIEW,
11229,1,35,MEDIUM,,0.9869430394050873,1,HIGH,1.0
11230,1,10,LOW,0.0,0.7739536195936805,1,REVIEW,
11231,1,45,MEDIUM,,0.9956061489464257,1,HIGH,1.0
11232,1,10,LOW,0.0,0.6328037547774357,1,REVIEW,
11233,1,0,LOW,0.0,0.4112071200615491,0,LOW,0.0
11234,1,30,MEDIUM,,0.5967231687255101,1,HIGH,1.0
11235,1,0,LOW,0.0,0.5579176296649216,1,REVIEW,
11236,1,40,MEDIUM,,0.9810005528317209,1,HIGH,1.0
11237,1,0,LOW,0.0,0.8639663493484631,1,REVIEW,
11238,1,30,MEDIUM,,0.9517568433386494,1,HIGH,1.0
11239,1,35,MEDIUM,,0.9814143278431284,1,HIGH,1.0
11240,1,20,LOW,0.0,0.8757020117708594,1,REVIEW,
11241,1,40,MEDIUM,,0.9739447185193332,1,HIGH,1.0
11242,1,0,LOW,0.0,0.9734155039125676,1,REVIEW,
11243,1,35,MEDIUM,,0.988017726645547,1,HIGH,1.0
11244,1,0,LOW,0.0,0.5849501600566034,1,REVIEW,
11245,1,30,MEDIUM,,0.9814060783609352,1,HIGH,1.0
11246,1,25,LOW,0.0,0.6283648519778037,1,REVIEW,
11247,1,0,LOW,0.0,0.8694028218081532,1,REVIEW,
11248,1,0,LOW,0.0,0.44144420946944163,0,LOW,0.0
11249,1,40,MEDIUM,,0.9854515236384646,1,HIGH,1.0
11250,1,0,LOW,0.0,0.8036268397785893,1,REVIEW,
11251,1,30,MEDIUM,,0.8397278959666489,1,HIGH,1.0
11252,1,30,MEDIUM,,0.995044880435173,1,HIGH,1.0
11253,1,20,LOW,0.0,0.703811827296997,1,REVIEW,
11254,1,0,LOW,0.0,0.7482853496024998,1,REVIEW,
11255,1,10,LOW,0.0,0.4118847401325762,0,LOW,0.0
11256,1,10,LOW,0.0,0.7496703864150851,1,REVIEW,
11257,1,30,MEDIUM,,0.9556264236758757,1,HIGH,1.0
11258,1,20,LOW,0.0,0.2872044181139771,0,LOW,0.0
11259,1,0,LOW,0.0,0.6816995090522004,1,REVIEW,
11260,1,0,LOW,0.0,0.15613725374816442,0,LOW,0.0
11261,1,30,MEDIUM,,0.9002988301917276,1,HIGH,1.0
11262,1,35,MEDIUM,,0.9750397210697882,1,HIGH,1.0
11263,1,20,LOW,0.0,0.08306410831578673,0,LOW,0.0
11264,1,0,LOW,0.0,0.9745842638768141,1,REVIEW,
11265,1,0,LOW,0.0,0.5466606229228475,1,REVIEW,
11266,1,30,MEDIUM,,0.8123716623744377,1,HIGH,1.0
11267,1,45,MEDIUM,,0.9819051741219695,1,HIGH,1.0
11268,1,0,LOW,0.0,0.048327777065726024,0,LOW,0.0
11269,1,0,LOW,0.0,0.630946658029166,1,REVIEW,
11270,1,0,LOW,0.0,0.10523319252110588,0,LOW,0.0
11271,1,10,LOW,0.0,0.301048294334108,0,LOW,0.0
11272,1,30,MEDIUM,,0.8751716044258909,1,HIGH,1.0
11273,1,20,LOW,0.0,0.2535422931344195,0,LOW,0.0
11274,1,0,LOW,0.0,0.49675733035026143,0,LOW,0.0
11275,1,0,LOW,0.0,0.48205650973195613,0,LOW,0.0
11276,1,15,LOW,0.0,0.9466691166260462,1,REVIEW,
11277,1,40,MEDIUM,,0.978189455243312,1,HIGH,1.0
11278,1,0,LOW,0.0,0.18952677558211037,0,LOW,0.0
11279,1,0,LOW,0.0,0.9663697484521775,1,REVIEW,
11280,1,0,LOW,0.0,0.14201403036625013,0,LOW,0.0
11281,1,0,LOW,0.0,0.45841097941371534,0,LOW,0.0
11282,1,30,MEDIUM,,0.5515867198182414,1,HIGH,1.0
11283,1,30,MEDIUM,,0.5858933967998539,1,HIGH,1.0
11284,1,15,LOW,0.0,0.9745439919908602,1,REVIEW,
11285,1,0,LOW,0.0,0.21754577401723735,0,LOW,0.0
11286,1,10,LOW,0.0,0.4166815346423451,0,LOW,0.0
11287,1,30,MEDIUM,,0.8948427740101635,1,HIGH,1.0
11288,1,30,MEDIUM,,0.16226434812929627,0,REVIEW,
11289,1,0,LOW,0.0,0.1729816334011533,0,LOW,0.0
11290,1,10,LOW,0.0,0.23318149884779152,0,LOW,0.0
11291,1,10,LOW,0.0,0.5708495750659233,1,REVIEW,
11292,1,10,LOW,0.0,0.8930230643891292,1,REVIEW,
11293,1,20,LOW,0.0,0.32514737266480154,0,LOW,0.0
11294,1,0,LOW,0.0,0.8183923340311214,1,REVIEW,
11295,1,0,LOW,0.0,0.4942238359124638,0,LOW,0.0
11296,1,10,LOW,0.0,0.6560025250963802,1,REVIEW,
11297,1,30,MEDIUM,,0.9315904376794817,1,HIGH,1.0
11298,1,20,LOW,0.0,0.091118418248751,0,LOW,0.0
11299,1,5,LOW,0.0,0.2755254391620383,0,LOW,0.0
11300,1,10,LOW,0.0,0.0602262702664275,0,LOW,0.0
11301,1,10,LOW,0.0,0.7574319306661175,1,REVIEW,
11302,1,35,MEDIUM,,0.9802649781279378,1,HIGH,1.0
11303,1,20,LOW,0.0,0.5522402903333916,1,REVIEW,
11304,1,10,LOW,0.0,0.272996708020913,0,LOW,0.0
11305,1,20,LOW,0.0,0.07737019239301555,0,LOW,0.0
11306,1,10,LOW,0.0,0.5490586480091476,1,REVIEW,
11307,1,30,MEDIUM,,0.9901422490526377,1,HIGH,1.0
11308,1,20,LOW,0.0,0.6926146355907333,1,REVIEW,
11309,1,0,LOW,0.0,0.6569275694492505,1,REVIEW,
11310,1,0,LOW,0.0,0.34797104740492824,0,LOW,0.0
11311,1,10,LOW,0.0,0.8558726578628073,1,REVIEW,
11312,1,30,MEDIUM,,0.7733152301611401,1,HIGH,1.0
11313,1,20,LOW,0.0,0.24319444658440018,0,LOW,0.0
11314,1,20,LOW,0.0,0.588345755325546,1,REVIEW,
11315,1,0,LOW,0.0,0.26661479965510665,0,LOW,0.0
11316,1,30,MEDIUM,,0.3413852269976327,0,REVIEW,
11317,1,20,LOW,0.0,0.9743839642443644,1,REVIEW,
11318,1,30,MEDIUM,,0.7449256624542232,1,HIGH,1.0
11319,1,0,LOW,0.0,0.6251203694588379,1,REVIEW,
11320,1,0,LOW,0.0,0.08704602447379299,0,LOW,0.0
11321,1,10,LOW,0.0,0.15149086269497772,0,LOW,0.0
11322,1,35,MEDIUM,,0.9147780654799904,1,HIGH,1.0
11323,1,20,LOW,0.0,0.052360916364747954,0,LOW,0.0
11324,1,0,LOW,0.0,0.3279439558593764,0,LOW,0.0
11325,1,0,LOW,0.0,0.37900220884882213,0,LOW,0.0
11326,1,10,LOW,0.0,0.867287515739433,1,REVIEW,
11327,1,35,MEDIUM,,0.9824506285129779,1,HIGH,1.0
11328,1,30,MEDIUM,,0.15543532491020606,0,REVIEW,
11329,1,0,LOW,0.0,0.7790550487319544,1,REVIEW,
11330,1,0,LOW,0.0,0.1767751082093497,0,LOW,0.0
11331,1,30,MEDIUM,,0.6601150906414894,1,HIGH,1.0
11332,1,20,LOW,0.0,0.9833311542273122,1,REVIEW,
11333,1,0,LOW,0.0,0.26388414321892034,0,LOW,0.0
11334,1,10,LOW,0.0,0.6922324875619623,1,REVIEW,
11335,1,0,LOW,0.0,0.549655893006081,1,REVIEW,
11336,1,30,MEDIUM,,0.7576966691627989,1,HIGH,1.0
11337,1,30,MEDIUM,,0.9493264308709285,1,HIGH,1.0
11338,1,0,LOW,0.0,0.10335163337727264,0,LOW,0.0
11339,1,0,LOW,0.0,0.9078119906762394,1,REVIEW,
11340,1,15,LOW,0.0,0.2253930784455817,0,LOW,0.0
11341,1,10,LOW,0.0,0.24156046479930693,0,LOW,0.0
11342,1,30,MEDIUM,,0.6759434884960637,1,HIGH,1.0
11343,1,30,MEDIUM,,0.798990116807058,1,HIGH,1.0
11344,1,0,LOW,0.0,0.6482966365828564,1,REVIEW,
11345,1,10,LOW,0.0,0.8367611145973001,1,REVIEW,
11346,1,10,LOW,0.0,0.8679739328855605,1,REVIEW,
11347,1,40,MEDIUM,,0.9853436543262845,1,HIGH,1.0
11348,1,0,LOW,0.0,0.13305758741203508,0,LOW,0.0
11349,1,0,LOW,0.0,0.6805631773965646,1,REVIEW,
11350,1,0,LOW,0.0,0.7040245171373242,1,REVIEW,
11351,1,0,LOW,0.0,0.21806678444864125,0,LOW,0.0
11352,1,30,MEDIUM,,0.925959090065733,1,HIGH,1.0
11353,1,20,LOW,0.0,0.7299721233199405,1,REVIEW,
11354,1,10,LOW,0.0,0.3091419431879415,0,LOW,0.0
11355,1,0,LOW,0.0,0.5125970092957061,1,REVIEW,
11356,1,0,LOW,0.0,0.914195158401439,1,REVIEW,
11357,1,30,MEDIUM,,0.8989473524593344,1,HIGH,1.0
11358,1,0,LOW,0.0,0.012609408252630214,0,LOW,0.0
11359,1,0,LOW,0.0,0.7335258443406469,1,REVIEW,
11360,1,0,LOW,0.0,0.019803808483162797,0,LOW,0.0
11361,1,10,LOW,0.0,0.32545667860147787,0,LOW,0.0
11362,1,30,MEDIUM,,0.9037130362082287,1,HIGH,1.0
11363,1,25,LOW,0.0,0.9413592574238484,1,REVIEW,
11364,1,0,LOW,0.0,0.6015840764843008,1,REVIEW,
11365,1,0,LOW,0.0,0.0333239693781152,0,LOW,0.0
11366,1,30,MEDIUM,,0.8623023080981321,1,HIGH,1.0
11367,1,30,MEDIUM,,0.9920512477498622,1,HIGH,1.0
11368,1,20,LOW,0.0,0.38777425867504284,0,LOW,0.0
11369,1,10,LOW,0.0,0.6341236227614226,1,REVIEW,
11370,1,0,LOW,0.0,0.12302183609139411,0,LOW,0.0
11371,1,30,MEDIUM,,0.4334198640746905,0,REVIEW,
11372,1,30,MEDIUM,,0.9841953242607195,1,HIGH,1.0
11373,1,20,LOW,0.0,0.7313541630072476,1,REVIEW,
11374,1,15,LOW,0.0,0.8241785561066303,1,REVIEW,
11375,1,0,LOW,0.0,0.21887427541680238,0,LOW,0.0
11376,1,0,LOW,0.0,0.8468066864092424,1,REVIEW,
11377,1,15,LOW,0.0,0.9754779707881218,1,REVIEW,
11378,1,0,LOW,0.0,0.025344181489139382,0,LOW,0.0
11379,1,0,LOW,0.0,0.3995401793016942,0,LOW,0.0
11380,1,10,LOW,0.0,0.3036405286741119,0,LOW,0.0
11381,1,30,MEDIUM,,0.9409380051906899,1,HIGH,1.0
11382,1,20,LOW,0.0,0.96144095586685,1,REVIEW,
11383,1,10,LOW,0.0,0.16584121067133817,0,LOW,0.0
11384,1,0,LOW,0.0,0.40709589560805176,0,LOW,0.0
11385,1,10,LOW,0.0,0.31560249836086096,0,LOW,0.0
11386,1,10,LOW,0.0,0.7715927473718596,1,REVIEW,
11387,1,40,MEDIUM,,0.9512078555998346,1,HIGH,1.0
11388,1,10,LOW,0.0,0.18853587675095063,0,LOW,0.0
11389,1,0,LOW,0.0,0.3663384390438176,0,LOW,0.0
11390,1,0,LOW,0.0,0.7361714520157763,1,REVIEW,
11391,1,30,MEDIUM,,0.5750880015878723,1,HIGH,1.0
11392,1,45,MEDIUM,,0.9968553173355804,1,HIGH,1.0
11393,1,30,MEDIUM,,0.9105030818967492,1,HIGH,1.0
11394,1,10,LOW,0.0,0.30365786994130567,0,LOW,0.0
11395,1,0,LOW,0.0,0.0314853121188439,0,LOW,0.0
11396,1,0,LOW,0.0,0.49574751879393497,0,LOW,0.0
11397,1,30,MEDIUM,,0.9895376016399916,1,HIGH,1.0
11398,1,30,MEDIUM,,0.2968418995732685,0,REVIEW,
11399,1,0,LOW,0.0,0.2115877407753873,0,LOW,0.0
11400,1,10,LOW,0.0,0.3385690065852283,0,LOW,0.0
11401,1,10,LOW,0.0,0.7253534326526156,1,REVIEW,
11402,1,20,LOW,0.0,0.9844503111824704,1,REVIEW,
11403,1,20,LOW,0.0,0.09954574630961524,0,LOW,0.0
11404,1,0,LOW,0.0,0.6762080235688072,1,REVIEW,
11405,1,0,LOW,0.0,0.7881994380476133,1,REVIEW,
11406,1,30,MEDIUM,,0.8395763497669322,1,HIGH,1.0
11407,1,35,MEDIUM,,0.9783003576360362,1,HIGH,1.0
11408,1,20,LOW,0.0,0.45454240617590275,0,LOW,0.0
11409,1,0,LOW,0.0,0.9145218323187896,1,REVIEW,
11410,1,15,LOW,0.0,0.7509407305476876,1,REVIEW,
11411,1,10,LOW,0.0,0.5718982577869347,1,REVIEW,
11412,1,30,MEDIUM,,0.9824934899171155,1,HIGH,1.0
11413,1,20,LOW,0.0,0.44840769221715315,0,LOW,0.0
11414,1,0,LOW,0.0,0.8573374147818836,1,REVIEW,
11415,1,10,LOW,0.0,0.03424616754345441,0,LOW,0.0
11416,1,30,MEDIUM,,0.3007103742438199,0,REVIEW,
11417,1,35,MEDIUM,,0.986976503746639,1,HIGH,1.0
11418,1,0,LOW,0.0,0.07753494596879845,0,LOW,0.0
11419,1,10,LOW,0.0,0.6462169841803891,1,REVIEW,
11420,1,0,LOW,0.0,0.4785415420140251,0,LOW,0.0
11421,1,10,LOW,0.0,0.1572702062133829,0,LOW,0.0
11422,1,20,LOW,0.0,0.9799289386815878,1,REVIEW,
11423,1,20,LOW,0.0,0.6567652257790387,1,REVIEW,
11424,1,10,LOW,0.0,0.8099138054697563,1,REVIEW,
11425,1,0,LOW,0.0,0.31991169115320556,0,LOW,0.0
11426,1,30,MEDIUM,,0.6218455114894301,1,HIGH,1.0
11427,1,30,MEDIUM,,0.9942543734688533,1,HIGH,1.0
11428,1,30,MEDIUM,,0.09733071727585266,0,REVIEW,
11429,1,10,LOW,0.0,0.4075375591525928,0,LOW,0.0
11430,1,0,LOW,0.0,0.19705351969374446,0,LOW,0.0
11431,1,10,LOW,0.0,0.5660914731943396,1,REVIEW,
11432,1,35,MEDIUM,,0.9572398749807,1,HIGH,1.0
11433,1,20,LOW,0.0,0.06560430832029034,0,LOW,0.0
11434,1,20,LOW,0.0,0.37382809152244395,0,LOW,0.0
11435,1,0,LOW,0.0,0.11553487389241088,0,LOW,0.0
11436,1,30,MEDIUM,,0.9370137620200376,1,HIGH,1.0
11437,1,20,LOW,0.0,0.8554352666458951,1,REVIEW,
11438,1,20,LOW,0.0,0.009821341496247468,0,LOW,0.0
11439,1,10,LOW,0.0,0.5203733977327156,1,REVIEW,
11440,1,0,LOW,0.0,0.7281133855215349,1,REVIEW,
11441,1,30,MEDIUM,,0.41138553743037093,0,REVIEW,
11442,1,20,LOW,0.0,0.9670752063426304,1,REVIEW,
11443,1,0,LOW,0.0,0.058849190453215766,0,LOW,0.0
11444,1,0,LOW,0.0,0.8906634317689619,1,REVIEW,
11445,1,10,LOW,0.0,0.5401221900387859,1,REVIEW,
11446,1,30,MEDIUM,,0.6461423807682757,1,HIGH,1.0
11447,1,35,MEDIUM,,0.8540766535263783,1,HIGH,1.0
11448,1,5,LOW,0.0,0.8147902814313749,1,REVIEW,
11449,1,10,LOW,0.0,0.4063910027011834,0,LOW,0.0
11450,1,0,LOW,0.0,0.0070882850474714475,0,LOW,0.0
11451,1,0,LOW,0.0,0.4478519810130512,0,LOW,0.0
11452,1,30,MEDIUM,,0.9665159485396475,1,HIGH,1.0
11453,1,0,LOW,0.0,0.11144135044406143,0,LOW,0.0
11454,1,0,LOW,0.0,0.9473591989818231,1,REVIEW,
11455,1,0,LOW,0.0,0.36956351708961105,0,LOW,0.0
11456,1,10,LOW,0.0,0.4590225018621362,0,LOW,0.0
11457,1,35,MEDIUM,,0.982177864541975,1,HIGH,1.0
11458,1,20,LOW,0.0,0.05402056963765016,0,LOW,0.0
11459,1,0,LOW,0.0,0.3289919987390377,0,LOW,0.0
11460,1,5,LOW,0.0,0.4969397216653452,0,LOW,0.0
11461,1,10,LOW,0.0,0.9616977578156616,1,REVIEW,
11462,1,35,MEDIUM,,0.8834293554792341,1,HIGH,1.0
11463,1,20,LOW,0.0,0.08458234527887962,0,LOW,0.0
11464,1,0,LOW,0.0,0.6950100823694866,1,REVIEW,
11465,1,0,LOW,0.0,0.44870465372239726,0,LOW,0.0
11466,1,30,MEDIUM,,0.9194375771174256,1,HIGH,1.0
11467,1,40,MEDIUM,,0.9925838202426756,1,HIGH,1.0
11468,1,0,LOW,0.0,0.05012493761670334,0,LOW,0.0
11469,1,0,LOW,0.0,0.9087096708196399,1,REVIEW,
11470,1,0,LOW,0.0,0.8236035059130036,1,REVIEW,
11471,1,10,LOW,0.0,0.5667667195796587,1,REVIEW,
11472,1,20,LOW,0.0,0.953684840111462,1,REVIEW,
11473,1,20,LOW,0.0,0.1397594253746057,0,LOW,0.0
11474,1,0,LOW,0.0,0.46659434049980875,0,LOW,0.0
11475,1,0,LOW,0.0,0.14914726007130188,0,LOW,0.0
11476,1,10,LOW,0.0,0.8415340017084109,1,REVIEW,
11477,1,25,LOW,0.0,0.9809570639070233,1,REVIEW,
11478,1,20,LOW,0.0,0.11895541861704416,0,LOW,0.0
11479,1,0,LOW,0.0,0.8886631306098285,1,REVIEW,
11480,1,0,LOW,0.0,0.6660664795092511,1,REVIEW,
11481,1,10,LOW,0.0,0.718672657124891,1,REVIEW,
11482,1,30,MEDIUM,,0.9717548969595097,1,HIGH,1.0
11483,1,30,MEDIUM,,0.5992581436783709,1,HIGH,1.0
11484,1,5,LOW,0.0,0.929201691172197,1,REVIEW,
11485,1,0,LOW,0.0,0.6293249279421126,1,REVIEW,
11486,1,10,LOW,0.0,0.4448371760143628,0,LOW,0.0
11487,1,40,MEDIUM,,0.9915453515182383,1,HIGH,1.0
11488,1,20,LOW,0.0,0.23591531572490151,0,LOW,0.0
11489,1,15,LOW,0.0,0.8401241818332312,1,REVIEW,
11490,1,0,LOW,0.0,0.13224532474777112,0,LOW,0.0
11491,1,30,MEDIUM,,0.39746897345588966,0,REVIEW,
11492,1,20,LOW,0.0,0.973308420965189,1,REVIEW,
11493,1,10,LOW,0.0,0.1425959785286805,0,LOW,0.0
11494,1,0,LOW,0.0,0.5902059931485433,1,REVIEW,
11495,1,0,LOW,0.0,0.3723601235844899,0,LOW,0.0
11496,1,10,LOW,0.0,0.6773842047741657,1,REVIEW,
11497,1,20,LOW,0.0,0.9753195100658867,1,REVIEW,
11498,1,25,LOW,0.0,0.638952968722662,1,REVIEW,
11499,1,0,LOW,0.0,0.8243609668239973,1,REVIEW,
11500,1,0,LOW,0.0,0.279315952951393,0,LOW,0.0
11501,1,0,LOW,0.0,0.296633135818319,0,LOW,0.0
